family,scheme,snr_db,frames,fp_count,fn_count,negative_trials,positive_trials,FP,FN,balanced_error,task_error_frames,task_error_se,task_error_upper95_approx,task_error_upper95_conservative,payload_FER,information_FER,noiseless_balanced_error,balanced_fp_bound,mean_iterations,runtime_job_hours
exact,conventional,-5.0,1000,0,180000,180000,180000,0.0,1.0,0.5,1000,0.0,0.5,1.0,1.0,1.0,0.0,6.915070116519928e-06,50.0,0.026818554444444444
exact,conventional,-4.9,1000,0,180000,180000,180000,0.0,1.0,0.5,1000,0.0,0.5,1.0,1.0,1.0,0.0,6.915070116519928e-06,50.0,0.03720815027777778
exact,conventional,-4.8,1000,0,180000,180000,180000,0.0,1.0,0.5,1000,0.0,0.5,1.0,1.0,1.0,0.0,6.915070116519928e-06,50.0,0.032900662222222224
exact,conventional,-4.7,1000,0,180000,180000,180000,0.0,1.0,0.5,1000,0.0,0.5,1.0,1.0,1.0,0.0,6.915070116519928e-06,50.0,0.03799494305555555
exact,conventional,-4.6,1000,0,180000,180000,180000,0.0,1.0,0.5,1000,0.0,0.5,1.0,1.0,1.0,0.0,6.915070116519928e-06,50.0,0.03544181194444444
exact,conventional,-4.5,1000,0,180000,180000,180000,0.0,1.0,0.5,1000,0.0,0.5,1.0,1.0,1.0,0.0,6.915070116519928e-06,50.0,0.025244785555555555
exact,conventional,-4.4,1000,0,180000,180000,180000,0.0,1.0,0.5,1000,0.0,0.5,1.0,1.0,1.0,0.0,6.915070116519928e-06,50.0,0.033404442222222226
exact,conventional,-4.3,1000,0,180000,180000,180000,0.0,1.0,0.5,1000,0.0,0.5,1.0,1.0,1.0,0.0,6.915070116519928e-06,50.0,0.02957327861111111
exact,conventional,-4.2,1000,0,180000,180000,180000,0.0,1.0,0.5,1000,0.0,0.5,1.0,1.0,1.0,0.0,6.915070116519928e-06,50.0,0.023178131944444447
exact,conventional,-4.1,1000,0,180000,180000,180000,0.0,1.0,0.5,1000,0.0,0.5,1.0,1.0,1.0,0.0,6.915070116519928e-06,50.0,0.024342590277777777
exact,conventional,-4.0,1000,0,180000,180000,180000,0.0,1.0,0.5,1000,0.0,0.5,1.0,1.0,1.0,0.0,6.915070116519928e-06,50.0,0.02400826722222222
exact,conventional,-3.9,1000,0,180000,180000,180000,0.0,1.0,0.5,1000,0.0,0.5,1.0,1.0,1.0,0.0,6.915070116519928e-06,50.0,0.02572741638888889
exact,conventional,-3.8,1000,0,180000,180000,180000,0.0,1.0,0.5,1000,0.0,0.5,1.0,1.0,1.0,0.0,6.915070116519928e-06,50.0,0.02120558611111111
exact,conventional,-3.7,1000,0,180000,180000,180000,0.0,1.0,0.5,1000,0.0,0.5,1.0,1.0,1.0,0.0,6.915070116519928e-06,50.0,0.02722855888888889
exact,conventional,-3.6,1000,0,180000,180000,180000,0.0,1.0,0.5,1000,0.0,0.5,1.0,1.0,1.0,0.0,6.915070116519928e-06,50.0,0.025839985
exact,conventional,-3.5,1000,0,180000,180000,180000,0.0,1.0,0.5,1000,0.0,0.5,1.0,1.0,1.0,0.0,6.915070116519928e-06,50.0,0.023843396388888886
exact,conventional,-3.4,1000,0,180000,180000,180000,0.0,1.0,0.5,1000,0.0,0.5,1.0,1.0,1.0,0.0,6.915070116519928e-06,50.0,0.027741187777777777
exact,conventional,-3.3,1000,0,180000,180000,180000,0.0,1.0,0.5,1000,0.0,0.5,1.0,1.0,1.0,0.0,6.915070116519928e-06,50.0,0.02380042333333333
exact,conventional,-3.2,1000,0,180000,180000,180000,0.0,1.0,0.5,1000,0.0,0.5,1.0,1.0,1.0,0.0,6.915070116519928e-06,50.0,0.023025706111111113
exact,conventional,-3.1,1000,0,180000,180000,180000,0.0,1.0,0.5,1000,0.0,0.5,1.0,1.0,1.0,0.0,6.915070116519928e-06,50.0,0.022930204444444446
exact,conventional,-3.0,1000,0,180000,180000,180000,0.0,1.0,0.5,1000,0.0,0.5,1.0,1.0,1.0,0.0,6.915070116519928e-06,50.0,0.01982835888888889
exact,conventional,-2.9,1000,0,180000,180000,180000,0.0,1.0,0.5,1000,0.0,0.5,1.0,1.0,1.0,0.0,6.915070116519928e-06,50.0,0.036789611388888886
exact,conventional,-2.8,1000,0,180000,180000,180000,0.0,1.0,0.5,1000,0.0,0.5,1.0,1.0,1.0,0.0,6.915070116519928e-06,50.0,0.02172557611111111
exact,conventional,-2.7,1000,0,180000,180000,180000,0.0,1.0,0.5,1000,0.0,0.5,1.0,1.0,1.0,0.0,6.915070116519928e-06,50.0,0.025673709722222222
exact,conventional,-2.6,1000,0,180000,180000,180000,0.0,1.0,0.5,1000,0.0,0.5,1.0,1.0,1.0,0.0,6.915070116519928e-06,50.0,0.022682973333333332
exact,conventional,-2.5,1000,0,180000,180000,180000,0.0,1.0,0.5,1000,0.0,0.5,1.0,1.0,1.0,0.0,6.915070116519928e-06,50.0,0.02298920722222222
exact,conventional,-2.4,1000,0,179999,180000,180000,0.0,0.9999944444444444,0.4999972222222222,1000,2.7777777819527135e-06,0.5000017912600817,1.0,1.0,1.0,0.0,6.915070116519928e-06,50.0,0.024916008611111113
exact,conventional,-2.3,1000,0,179998,180000,180000,0.0,0.9999888888888889,0.49999444444444446,1000,3.92640436025348e-06,0.5000009028048973,1.0,1.0,1.0,0.0,6.915070116519928e-06,50.0,0.026505604166666665
exact,conventional,-2.2,1000,0,179999,180000,180000,0.0,0.9999944444444444,0.4999972222222222,1000,2.7777777819527135e-06,0.5000017912600817,1.0,1.0,1.0,0.0,6.915070116519928e-06,50.0,0.023517073333333333
exact,conventional,-2.1,1000,0,179999,180000,180000,0.0,0.9999944444444444,0.4999972222222222,1000,2.7777777819527135e-06,0.5000017912600817,1.0,1.0,1.0,0.0,6.915070116519928e-06,50.0,0.024509835
exact,conventional,-2.0,1000,0,179997,180000,180000,0.0,0.9999833333333333,0.49999166666666667,1000,4.806433760775533e-06,0.49999957254667077,1.0,1.0,1.0,0.0,6.915070116519928e-06,50.0,0.021654291944444442
exact,conventional,-1.9,1000,0,179994,180000,180000,0.0,0.9999666666666667,0.49998333333333334,1000,6.787089441467113e-06,0.4999944971020176,1.0,1.0,1.0,0.0,6.915070116519928e-06,50.0,0.02369277972222222
exact,conventional,-1.8,1000,0,179990,180000,180000,0.0,0.9999444444444444,0.4999722222222222,1000,8.74444705168619e-06,0.4999866055576709,1.0,1.0,1.0,0.0,6.915070116519928e-06,50.0,0.02565531388888889
exact,conventional,-1.7,1000,0,179986,180000,180000,0.0,0.9999222222222223,0.49996111111111113,1000,1.0325645966794239e-05,0.4999780952873302,1.0,1.0,1.0,0.0,6.915070116519928e-06,50.0,0.019133567222222224
exact,conventional,-1.6,1000,0,179983,180000,180000,0.0,0.9999055555555556,0.4999527777777778,1000,1.1360984693267016e-05,0.4999714649346563,1.0,1.0,1.0,0.0,6.915070116519928e-06,50.0,0.020003454444444443
exact,conventional,-1.5,1000,0,179978,180000,180000,0.0,0.9998777777777778,0.4999388888888889,1000,1.2891264609987736e-05,0.4999600931322386,1.0,1.0,1.0,0.0,6.915070116519928e-06,50.0,0.021976425555555557
exact,conventional,-1.4,1000,0,179960,180000,180000,0.0,0.9997777777777778,0.4998888888888889,1000,1.7664666300592048e-05,0.4999179446793223,1.0,1.0,1.0,0.0,6.915070116519928e-06,50.0,0.022463178333333333
exact,conventional,-1.3,1000,0,179928,180000,180000,0.0,0.9996,0.4998,1000,2.3715274953242136e-05,0.499839008156021,1.0,1.0,1.0,0.0,6.915070116519928e-06,50.0,0.022342581666666667
exact,conventional,-1.2,10000,0,1795645,1800000,1800000,0.0,0.9975805555555556,0.4987902777777778,9996,0.00013177354475759118,0.4990070259708086,0.9998633569978921,0.9997,0.9997,0.0,6.915070116519928e-06,49.9995,0.2132788363888889
exact,conventional,-1.15,10000,0,1744127,1800000,1800000,0.0,0.9689594444444445,0.48447972222222224,9907,0.0007302625586085683,0.4856808972403764,0.992221824696961,0.991,0.9914,0.0,6.915070116519928e-06,49.98,0.19930144305555555
exact,conventional,-1.1,10000,0,1430523,1800000,1800000,0.0,0.794735,0.3973675,8902,0.0018415935754768284,0.4003966518719936,0.8953080058226776,0.8952,0.8956,0.0,6.915070116519928e-06,49.5413,0.26107115194444447
exact,conventional,-1.05,50000,0,3737268,9000000,9000000,0.0,0.415252,0.207626,27691,0.0010265444800214457,0.20931451541119028,0.5574842591517117,0.56326,0.56508,0.0,6.915070116519928e-06,46.9556,0.9370376558333333
exact,conventional,-1.0,1000000,0,18612738,180000000,180000000,0.0,0.1034041,0.05170205,171236,0.00014119163755843187,0.051934289577133204,0.17185684409040553,0.17699,0.177861,0.0,6.915070116519928e-06,40.977266,18.59663076555555
exact,conventional,-0.95,1000000,0,1934878,180000000,180000000,0.0,0.010749322222222222,0.005374661111111111,21804,4.6928733444616526e-05,0.005451852008525727,0.022045745246432033,0.022912,0.023101,0.0,6.915070116519928e-06,34.478284,15.552992543333334
exact,conventional,-0.9,3000000,0,237742,540000000,540000000,0.0,0.00044026296296296297,0.00022013148148148149,3207,5.382242691333567e-06,0.00022898448289345455,0.0011005587026559807,0.001146,0.001164,0.0,6.915070116519928e-06,29.835163666666666,43.87655373638889
exact,conventional,-0.85,5000000,0,6681,900000000,900000000,0.0,7.423333333333333e-06,3.7116666666666666e-06,107,5.051177097203808e-07,4.542511363537656e-06,2.512858927758057e-05,2.32e-05,2.36e-05,0.0,6.915070116519928e-06,26.6886284,65.13887146722219
exact,conventional,-0.8,30000000,0,832,5400000000,5400000000,0.0,1.5407407407407407e-07,7.703703703703704e-08,9,3.4421286212913675e-08,1.336550145086828e-07,5.2350715567492e-07,3e-07,3e-07,0.0,6.915070116519928e-06,24.372948133333335,356.7384126647227
rank,bfc,-5.0,100000,34,17372667,18000000,18000000,1.8888888888888888e-06,0.9651481666666667,0.4825750277777778,100000,7.047584635877913e-05,0.4826909502292735,1.0,1.0,1.0,9.444444444444444e-07,3.727152943611145e-06,50.0,8.905948426111113
rank,bfc,-4.9,100000,34,15419824,18000000,18000000,1.8888888888888888e-06,0.8566568888888889,0.4283293888888889,100000,0.00015708338586506587,0.42858776806586285,1.0,1.0,1.0,9.444444444444444e-07,3.727152943611145e-06,50.0,8.359553668055554
rank,bfc,-4.8,100000,41,12190737,18000000,18000000,2.2777777777777776e-06,0.6772631666666666,0.33863272222222224,100000,0.00017364415756791854,0.33891834144459676,1.0,1.0,1.0,9.444444444444444e-07,3.727152943611145e-06,50.0,8.646360985833333
rank,bfc,-4.7,100000,31,8289659,18000000,18000000,1.7222222222222222e-06,0.4605366111111111,0.23026916666666666,99917,0.00023911450592108138,0.23066247502898765,0.9993139107216652,0.99962,0.99962,9.444444444444444e-07,3.727152943611145e-06,49.99998,6.777917575000001
rank,bfc,-4.6,100000,38,3270220,18000000,18000000,2.111111111111111e-06,0.1816788888888889,0.0908405,93761,0.00023956498629698533,0.09123454933660118,0.9388636551142088,0.95613,0.95613,9.444444444444444e-07,3.727152943611145e-06,49.98433,6.556291549166668
rank,bfc,-4.5,100000,35,475622,18000000,18000000,1.9444444444444444e-06,0.026423444444444444,0.013212694444444445,48734,8.822291340536404e-05,0.013357808223539484,0.4899451551547572,0.55304,0.55304,9.444444444444444e-07,3.727152943611145e-06,49.47045,6.016888235277782
rank,bfc,-4.4,100000,34,22029,18000000,18000000,1.8888888888888888e-06,0.0012238333333333333,0.0006128611111111111,6786,1.2822487334290837e-05,0.0006339522259094587,0.0691824893050601,0.09056,0.09056,9.444444444444444e-07,3.727152943611145e-06,46.57915,5.345939302500001
rank,bfc,-4.3,100000,34,409,18000000,18000000,1.8888888888888888e-06,2.2722222222222222e-05,1.2305555555555556e-05,272,1.034531630662349e-06,1.4007208660446541e-05,0.003006907404570576,0.00385,0.00385,9.444444444444444e-07,3.727152943611145e-06,41.96191,5.494685773611112
rank,bfc,-4.2,100000,34,8,18000000,18000000,1.8888888888888888e-06,4.4444444444444444e-07,1.1666666666666666e-06,39,1.9638488096766477e-07,1.489691050404763e-06,0.0005093669578845863,6e-05,6e-05,9.444444444444444e-07,3.727152943611145e-06,37.83592,5.081861717500001
rank,conventional,-5.0,1000,0,180000,180000,180000,0.0,1.0,0.5,1000,0.0,0.5,1.0,1.0,1.0,0.0,3.727152943611145e-06,50.0,0.019958964166666666
rank,conventional,-4.9,1000,0,180000,180000,180000,0.0,1.0,0.5,1000,0.0,0.5,1.0,1.0,1.0,0.0,3.727152943611145e-06,50.0,0.019590863888888886
rank,conventional,-4.8,1000,0,180000,180000,180000,0.0,1.0,0.5,1000,0.0,0.5,1.0,1.0,1.0,0.0,3.727152943611145e-06,50.0,0.0184775275
rank,conventional,-4.7,1000,0,180000,180000,180000,0.0,1.0,0.5,1000,0.0,0.5,1.0,1.0,1.0,0.0,3.727152943611145e-06,50.0,0.018412160277777777
rank,conventional,-4.6,1000,0,180000,180000,180000,0.0,1.0,0.5,1000,0.0,0.5,1.0,1.0,1.0,0.0,3.727152943611145e-06,50.0,0.0180052875
rank,conventional,-4.5,1000,0,180000,180000,180000,0.0,1.0,0.5,1000,0.0,0.5,1.0,1.0,1.0,0.0,3.727152943611145e-06,50.0,0.021218839166666666
rank,conventional,-4.4,1000,0,180000,180000,180000,0.0,1.0,0.5,1000,0.0,0.5,1.0,1.0,1.0,0.0,3.727152943611145e-06,50.0,0.01911862972222222
rank,conventional,-4.3,1000,0,180000,180000,180000,0.0,1.0,0.5,1000,0.0,0.5,1.0,1.0,1.0,0.0,3.727152943611145e-06,50.0,0.02024146111111111
rank,conventional,-4.2,1000,0,180000,180000,180000,0.0,1.0,0.5,1000,0.0,0.5,1.0,1.0,1.0,0.0,3.727152943611145e-06,50.0,0.02144766027777778
rank,conventional,-4.1,1000,0,180000,180000,180000,0.0,1.0,0.5,1000,0.0,0.5,1.0,1.0,1.0,0.0,3.727152943611145e-06,50.0,0.021400896944444442
rank,conventional,-4.0,1000,0,180000,180000,180000,0.0,1.0,0.5,1000,0.0,0.5,1.0,1.0,1.0,0.0,3.727152943611145e-06,50.0,0.023811535555555558
rank,conventional,-3.9,1000,0,180000,180000,180000,0.0,1.0,0.5,1000,0.0,0.5,1.0,1.0,1.0,0.0,3.727152943611145e-06,50.0,0.025359415
rank,conventional,-3.8,1000,0,180000,180000,180000,0.0,1.0,0.5,1000,0.0,0.5,1.0,1.0,1.0,0.0,3.727152943611145e-06,50.0,0.02079220166666667
rank,conventional,-3.7,1000,0,180000,180000,180000,0.0,1.0,0.5,1000,0.0,0.5,1.0,1.0,1.0,0.0,3.727152943611145e-06,50.0,0.02506979111111111
rank,conventional,-3.6,1000,0,180000,180000,180000,0.0,1.0,0.5,1000,0.0,0.5,1.0,1.0,1.0,0.0,3.727152943611145e-06,50.0,0.01819206361111111
rank,conventional,-3.5,1000,0,180000,180000,180000,0.0,1.0,0.5,1000,0.0,0.5,1.0,1.0,1.0,0.0,3.727152943611145e-06,50.0,0.021488054722222222
rank,conventional,-3.4,1000,0,180000,180000,180000,0.0,1.0,0.5,1000,0.0,0.5,1.0,1.0,1.0,0.0,3.727152943611145e-06,50.0,0.023173199444444445
rank,conventional,-3.3,1000,0,180000,180000,180000,0.0,1.0,0.5,1000,0.0,0.5,1.0,1.0,1.0,0.0,3.727152943611145e-06,50.0,0.022779953333333332
rank,conventional,-3.2,1000,0,180000,180000,180000,0.0,1.0,0.5,1000,0.0,0.5,1.0,1.0,1.0,0.0,3.727152943611145e-06,50.0,0.016011313333333332
rank,conventional,-3.1,1000,0,180000,180000,180000,0.0,1.0,0.5,1000,0.0,0.5,1.0,1.0,1.0,0.0,3.727152943611145e-06,50.0,0.016947914999999997
rank,conventional,-3.0,1000,0,180000,180000,180000,0.0,1.0,0.5,1000,0.0,0.5,1.0,1.0,1.0,0.0,3.727152943611145e-06,50.0,0.019866690555555556
rank,conventional,-2.9,1000,0,180000,180000,180000,0.0,1.0,0.5,1000,0.0,0.5,1.0,1.0,1.0,0.0,3.727152943611145e-06,50.0,0.020738163055555557
rank,conventional,-2.8,1000,0,180000,180000,180000,0.0,1.0,0.5,1000,0.0,0.5,1.0,1.0,1.0,0.0,3.727152943611145e-06,50.0,0.028857127222222223
rank,conventional,-2.7,1000,0,180000,180000,180000,0.0,1.0,0.5,1000,0.0,0.5,1.0,1.0,1.0,0.0,3.727152943611145e-06,50.0,0.030396590277777778
rank,conventional,-2.6,1000,0,180000,180000,180000,0.0,1.0,0.5,1000,0.0,0.5,1.0,1.0,1.0,0.0,3.727152943611145e-06,50.0,0.028185984999999997
rank,conventional,-2.5,1000,0,180000,180000,180000,0.0,1.0,0.5,1000,0.0,0.5,1.0,1.0,1.0,0.0,3.727152943611145e-06,50.0,0.021700298611111113
rank,conventional,-2.4,1000,0,180000,180000,180000,0.0,1.0,0.5,1000,0.0,0.5,1.0,1.0,1.0,0.0,3.727152943611145e-06,50.0,0.024619755277777777
rank,conventional,-2.3,1000,0,180000,180000,180000,0.0,1.0,0.5,1000,0.0,0.5,1.0,1.0,1.0,0.0,3.727152943611145e-06,50.0,0.017337038055555556
rank,conventional,-2.2,1000,0,180000,180000,180000,0.0,1.0,0.5,1000,0.0,0.5,1.0,1.0,1.0,0.0,3.727152943611145e-06,50.0,0.031201142777777777
rank,conventional,-2.1,1000,0,180000,180000,180000,0.0,1.0,0.5,1000,0.0,0.5,1.0,1.0,1.0,0.0,3.727152943611145e-06,50.0,0.01924555
rank,conventional,-2.0,1000,0,180000,180000,180000,0.0,1.0,0.5,1000,0.0,0.5,1.0,1.0,1.0,0.0,3.727152943611145e-06,50.0,0.01883601
rank,conventional,-1.9,1000,0,180000,180000,180000,0.0,1.0,0.5,1000,0.0,0.5,1.0,1.0,1.0,0.0,3.727152943611145e-06,50.0,0.023946214166666667
rank,conventional,-1.8,1000,0,180000,180000,180000,0.0,1.0,0.5,1000,0.0,0.5,1.0,1.0,1.0,0.0,3.727152943611145e-06,50.0,0.029688371944444444
rank,conventional,-1.7,1000,0,180000,180000,180000,0.0,1.0,0.5,1000,0.0,0.5,1.0,1.0,1.0,0.0,3.727152943611145e-06,50.0,0.032924546666666665
rank,conventional,-1.6,1000,0,180000,180000,180000,0.0,1.0,0.5,1000,0.0,0.5,1.0,1.0,1.0,0.0,3.727152943611145e-06,50.0,0.015566356388888888
rank,conventional,-1.5,1000,0,180000,180000,180000,0.0,1.0,0.5,1000,0.0,0.5,1.0,1.0,1.0,0.0,3.727152943611145e-06,50.0,0.015089913333333333
rank,conventional,-1.4,1000,0,180000,180000,180000,0.0,1.0,0.5,1000,0.0,0.5,1.0,1.0,1.0,0.0,3.727152943611145e-06,50.0,0.018614233333333334
rank,conventional,-1.3,1000,0,180000,180000,180000,0.0,1.0,0.5,1000,0.0,0.5,1.0,1.0,1.0,0.0,3.727152943611145e-06,50.0,0.017008093888888888
rank,conventional,-1.2,1000,0,180000,180000,180000,0.0,1.0,0.5,1000,0.0,0.5,1.0,1.0,1.0,0.0,3.727152943611145e-06,50.0,0.01688460333333333
rank,conventional,-1.1,1000,0,180000,180000,180000,0.0,1.0,0.5,1000,0.0,0.5,1.0,1.0,1.0,0.0,3.727152943611145e-06,50.0,0.015422593611111111
rank,conventional,-1.0,1000,0,180000,180000,180000,0.0,1.0,0.5,1000,0.0,0.5,1.0,1.0,1.0,0.0,3.727152943611145e-06,50.0,0.01627505166666667
rank,conventional,-0.9,1000,0,180000,180000,180000,0.0,1.0,0.5,1000,0.0,0.5,1.0,1.0,1.0,0.0,3.727152943611145e-06,50.0,0.01648332222222222
rank,conventional,-0.8,1000,0,180000,180000,180000,0.0,1.0,0.5,1000,0.0,0.5,1.0,1.0,1.0,0.0,3.727152943611145e-06,50.0,0.016433170277777777
rank,conventional,-0.7,1000,0,180000,180000,180000,0.0,1.0,0.5,1000,0.0,0.5,1.0,1.0,1.0,0.0,3.727152943611145e-06,50.0,0.01674596472222222
rank,conventional,-0.6,1000,0,180000,180000,180000,0.0,1.0,0.5,1000,0.0,0.5,1.0,1.0,1.0,0.0,3.727152943611145e-06,50.0,0.019338949166666664
rank,conventional,-0.5,1000,0,180000,180000,180000,0.0,1.0,0.5,1000,0.0,0.5,1.0,1.0,1.0,0.0,3.727152943611145e-06,50.0,0.029250492777777776
rank,conventional,-0.4,1000,0,180000,180000,180000,0.0,1.0,0.5,1000,0.0,0.5,1.0,1.0,1.0,0.0,3.727152943611145e-06,50.0,0.0271769275
rank,conventional,-0.3,1000,0,180000,180000,180000,0.0,1.0,0.5,1000,0.0,0.5,1.0,1.0,1.0,0.0,3.727152943611145e-06,50.0,0.0184556575
rank,conventional,-0.2,1000,0,179998,180000,180000,0.0,0.9999888888888889,0.49999444444444446,1000,3.92640436025348e-06,0.5000009028048973,1.0,1.0,1.0,0.0,3.727152943611145e-06,50.0,0.018504863333333333
rank,conventional,-0.1,1000,0,179998,180000,180000,0.0,0.9999888888888889,0.49999444444444446,1000,3.92640436025348e-06,0.5000009028048973,1.0,1.0,1.0,0.0,3.727152943611145e-06,50.0,0.017422130833333334
rank,conventional,0.0,1000,0,179998,180000,180000,0.0,0.9999888888888889,0.49999444444444446,1000,3.92640436025348e-06,0.5000009028048973,1.0,1.0,1.0,0.0,3.727152943611145e-06,50.0,0.017860025277777778
rank,conventional,0.1,1000,0,179995,180000,180000,0.0,0.9999722222222223,0.49998611111111113,1000,6.198852428121367e-06,0.49999630731601047,1.0,1.0,1.0,0.0,3.727152943611145e-06,50.0,0.018458929166666666
rank,conventional,0.2,1000,0,179993,180000,180000,0.0,0.9999611111111111,0.49998055555555554,1000,7.32720596278488e-06,0.49999260773685883,1.0,1.0,1.0,0.0,3.727152943611145e-06,50.0,0.01981169277777778
rank,conventional,0.3,1000,0,179995,180000,180000,0.0,0.9999722222222223,0.49998611111111113,1000,6.19885243041616e-06,0.49999630731601424,1.0,1.0,1.0,0.0,3.727152943611145e-06,50.0,0.01871014861111111
rank,conventional,0.4,1000,0,179992,180000,180000,0.0,0.9999555555555556,0.4999777777777778,1000,7.829167500064328e-06,0.4999906556123363,1.0,1.0,1.0,0.0,3.727152943611145e-06,50.0,0.014556074722222222
rank,conventional,0.5,1000,0,179981,180000,180000,0.0,0.9998944444444444,0.4999472222222222,1000,1.1998475231561075e-05,0.4999669579577247,1.0,1.0,1.0,0.0,3.727152943611145e-06,50.0,0.01844444777777778
rank,conventional,0.6,1000,0,179976,180000,180000,0.0,0.9998666666666667,0.49993333333333334,1000,1.4013179821778774e-05,0.49995638296298833,1.0,1.0,1.0,0.0,3.727152943611145e-06,50.0,0.01990317527777778
rank,conventional,0.7,1000,0,179963,180000,180000,0.0,0.9997944444444444,0.4998972222222222,1000,1.6589326728640623e-05,0.4999245092364605,1.0,1.0,1.0,0.0,3.727152943611145e-06,50.0,0.016331726388888888
rank,conventional,0.8,1000,0,179957,180000,180000,0.0,0.9997611111111111,0.49988055555555555,1000,1.7828095500032754e-05,0.4999098801631004,1.0,1.0,1.0,0.0,3.727152943611145e-06,50.0,0.022749869444444445
rank,conventional,0.9,1000,0,179921,180000,180000,0.0,0.9995611111111111,0.49978055555555556,1000,2.4664076102663938e-05,0.49982112435058845,1.0,1.0,1.0,0.0,3.727152943611145e-06,50.0,0.016152930555555556
rank,conventional,1.0,1000,0,179888,180000,180000,0.0,0.9993777777777778,0.4996888888888889,1000,3.0119819053356307e-05,0.4997384315825019,1.0,1.0,1.0,0.0,3.727152943611145e-06,50.0,0.015961413333333334
rank,conventional,1.1,1000,0,179786,180000,180000,0.0,0.9988111111111111,0.49940555555555555,1000,4.0293523207385235e-05,0.49947183250334587,1.0,1.0,1.0,0.0,3.727152943611145e-06,50.0,0.01912799083333333
rank,conventional,1.2,1000,0,179649,180000,180000,0.0,0.99805,0.499025,1000,5.138071565223099e-05,0.4991095137564959,1.0,1.0,1.0,0.0,3.727152943611145e-06,50.0,0.021481690555555554
rank,conventional,1.3,1000,0,179421,180000,180000,0.0,0.9967833333333334,0.4983916666666667,1000,6.726269129348043e-05,0.4985023039483993,1.0,1.0,1.0,0.0,3.727152943611145e-06,50.0,0.014710711944444444
rank,conventional,1.4,1000,0,178953,180000,180000,0.0,0.9941833333333333,0.49709166666666665,1000,9.670509305734138e-05,0.4972507323897267,1.0,1.0,1.0,0.0,3.727152943611145e-06,50.0,0.014385355555555557
rank,conventional,1.5,1000,0,177888,180000,180000,0.0,0.9882666666666666,0.4941333333333333,1000,0.00013799501030785174,0.49436031492653937,1.0,1.0,1.0,0.0,3.727152943611145e-06,50.0,0.01551403861111111
rank,conventional,1.6,1000,0,175586,180000,180000,0.0,0.9754777777777778,0.4877388888888889,1000,0.00022431523242150337,0.4881078546125179,1.0,1.0,1.0,0.0,3.727152943611145e-06,50.0,0.015486920277777778
rank,conventional,1.7,1000,0,170793,180000,180000,0.0,0.94885,0.474425,1000,0.00038378837967332233,0.47505627570828746,1.0,1.0,1.0,0.0,3.727152943611145e-06,50.0,0.017182564722222224
rank,conventional,1.8,10000,0,1587336,1800000,1800000,0.0,0.8818533333333334,0.4409266666666667,9996,0.0002991771523271909,0.44141876929077306,0.9998633569978921,0.9997,0.9997,0.0,3.727152943611145e-06,49.9979,0.14818173694444445
rank,conventional,1.85,10000,0,1440892,1800000,1800000,0.0,0.8004955555555555,0.40024777777777776,9869,0.0007571005090048195,0.40149309729598115,0.9887143207502235,0.9871,0.9871,0.0,3.727152943611145e-06,49.9335,0.1647394438888889
rank,conventional,1.9,10000,0,1079578,1800000,1800000,0.0,0.5997655555555556,0.2998827777777778,8641,0.0015125902520755515,0.3023707673399957,0.8697077506011617,0.8669,0.8669,0.0,3.727152943611145e-06,48.9897,0.13501542305555556
rank,conventional,1.95,50000,0,2521535,9000000,9000000,0.0,0.28017055555555553,0.14008527777777777,25167,0.0007377510888502574,0.1412987703320605,0.5070277106512842,0.50848,0.50848,0.0,3.727152943611145e-06,44.49664,0.7832305794444443
rank,conventional,2.0,50000,0,577169,9000000,9000000,0.0,0.06412988888888889,0.032064944444444445,7147,0.00041601474700523136,0.032749227809921296,0.145540004335372,0.14608,0.14608,0.0,3.727152943611145e-06,36.20874,0.5304222113888889
rank,conventional,2.05,250000,0,301933,45000000,45000000,0.0,0.0067096222222222225,0.0033548111111111113,4554,6.038745986794542e-05,0.0034541396434972877,0.01866209055972037,0.01882,0.01882,0.0,3.727152943611145e-06,28.668376,2.2762572586111114
rank,conventional,2.1,1000000,0,51104,180000000,180000000,0.0,0.0002839111111111111,0.00014195555555555556,942,5.991154122875757e-06,0.000151810127144193,0.0009940468720366486,0.000998,0.000998,0.0,3.727152943611145e-06,23.64546,8.977283944444446
rank,conventional,2.15,3000000,0,3724,540000000,540000000,0.0,6.896296296296296e-06,3.448148148148148e-06,67,5.619199493936891e-07,4.372424214964745e-06,2.736929789292162e-05,2.3e-05,2.3e-05,0.0,3.727152943611145e-06,20.389503666666666,26.03752618388887
rank,conventional,2.2,3000000,0,126,540000000,540000000,0.0,2.3333333333333333e-07,1.1666666666666667e-07,5,6.324823896313368e-08,2.2070076192347052e-07,3.504341749618118e-06,1.6666666666666667e-06,1.6666666666666667e-06,0.0,3.727152943611145e-06,18.077053,21.55201520666666
