source_file,function_type,function_label,n,E2,ldpc_code_rate,ebno_db,false_positive_count,negative_trials,false_negative_count,positive_trials,fpr,fnr,max_fpr_fnr,fp_plus_fn_over_trials,max_ci95_lower,max_ci95_upper,channel_uses_per_bfc_decision,parallel_bfc_rate,frames,stopping_mode
results/noisy_channel_confirmatory/waterfall/id/n_40/Rc_0p5/points/result_n_40_awgn_ebno_p0p5.mat,id,Identification,40,0.1,0.5,0.5,0,40500,40171,40500,0,0.991876543209877,0.991876543209877,0.495938271604938,0.990743995028867,0.993009091390886,80,0.254024101186092,100,fixed_frames
results/noisy_channel_confirmatory/waterfall/id/n_40/Rc_0p5/points/result_n_40_awgn_ebno_p0p6.mat,id,Identification,40,0.1,0.5,0.6,0,40500,39909,40500,0,0.985407407407407,0.985407407407407,0.492703703703704,0.983245868432838,0.987568946381977,80,0.254024101186092,100,fixed_frames
results/noisy_channel_confirmatory/waterfall/id/n_40/Rc_0p5/points/result_n_40_awgn_ebno_p0p7.mat,id,Identification,40,0.1,0.5,0.7,0,40500,38185,40500,0,0.94283950617284,0.94283950617284,0.47141975308642,0.912544164363999,0.97313484798168,80,0.254024101186092,100,fixed_frames
results/noisy_channel_confirmatory/waterfall/id/n_40/Rc_0p5/points/result_n_40_awgn_ebno_p0p8.mat,id,Identification,40,0.1,0.5,0.8,0,40500,17785,40500,0,0.439135802469136,0.439135802469136,0.219567901234568,0.341854621822493,0.536416983115778,80,0.254024101186092,100,fixed_frames
results/noisy_channel_confirmatory/waterfall/id/n_40/Rc_0p5/points/result_n_40_awgn_ebno_p0p9.mat,id,Identification,40,0.1,0.5,0.9,0,40500,832,40500,0,0.0205432098765432,0.0205432098765432,0.0102716049382716,0.00111495093178302,0.0399714688213034,80,0.254024101186092,100,fixed_frames
results/noisy_channel_confirmatory/waterfall/id/n_40/Rc_0p5/points/result_n_40_awgn_ebno_p1p0.mat,id,Identification,40,0.1,0.5,1,0,202500,1060,202500,0,0.00523456790123457,0.00523456790123457,0.00261728395061728,0.00461402328433374,0.00735061005190774,80,0.254024101186092,500,fixed_frames
results/noisy_channel_confirmatory/waterfall/id/n_40/Rc_0p5/points/result_n_40_awgn_ebno_p1p1.mat,id,Identification,40,0.1,0.5,1.1,0,202500,519,202500,0,0.00256296296296296,0.00256296296296296,0.00128148148148148,0.00223950322012055,0.00735061005190774,80,0.254024101186092,500,fixed_frames
results/noisy_channel_confirmatory/waterfall/id/n_40/Rc_0p5/points/result_n_40_awgn_ebno_p1p2.mat,id,Identification,40,0.1,0.5,1.2,0,202500,233,202500,0,0.00115061728395062,0.00115061728395062,0.000575308641975309,0.00094921514633306,0.00735061005190774,80,0.254024101186092,500,fixed_frames
results/noisy_channel_confirmatory/waterfall/id/n_40/Rc_0p5/points/result_n_40_awgn_ebno_p1p3.mat,id,Identification,40,0.1,0.5,1.3,0,202500,117,202500,0,0.000577777777777778,0.000577777777777778,0.000288888888888889,0.000446857618420463,0.00735061005190774,80,0.254024101186092,500,fixed_frames
results/noisy_channel_confirmatory/waterfall/id/n_40/Rc_0p5/points/result_n_40_awgn_ebno_p1p4.mat,id,Identification,40,0.1,0.5,1.4,0,202500,65,202500,0,0.000320987654320988,0.000320987654320988,0.000160493827160494,0.000220320420113942,0.00735061005190774,80,0.254024101186092,500,fixed_frames
results/noisy_channel_confirmatory/waterfall/id/n_40/Rc_0p5/points/result_n_40_awgn_ebno_p1p5.mat,id,Identification,40,0.1,0.5,1.5,0,202500,37,202500,0,0.000182716049382716,0.000182716049382716,9.1358024691358e-05,0.000109002874868635,0.00735061005190774,80,0.254024101186092,500,fixed_frames
results/noisy_channel_confirmatory/waterfall/id/n_40/Rc_0p5/points/result_n_40_awgn_ebno_p1p6.mat,id,Identification,40,0.1,0.5,1.6,3,1012500,101,1012500,2.96296296296296e-06,9.97530864197531e-05,9.97530864197531e-05,5.1358024691358e-05,7.6433766109626e-05,0.00012307240672988,80,0.254024101186092,2500,fixed_frames
results/noisy_channel_confirmatory/waterfall/id/n_40/Rc_0p5/points/result_n_40_awgn_ebno_p1p7.mat,id,Identification,40,0.1,0.5,1.7,3,1012500,60,1012500,2.96296296296296e-06,5.92592592592593e-05,5.92592592592593e-05,3.11111111111111e-05,4.14685402108125e-05,7.7049978307706e-05,80,0.254024101186092,2500,fixed_frames
results/noisy_channel_confirmatory/waterfall/id/n_40/Rc_0p5/points/result_n_40_awgn_ebno_p1p8.mat,id,Identification,40,0.1,0.5,1.8,3,1012500,34,1012500,2.96296296296296e-06,3.35802469135802e-05,3.35802469135802e-05,1.82716049382716e-05,2.00144599836031e-05,4.71460338435574e-05,80,0.254024101186092,2500,fixed_frames
results/noisy_channel_confirmatory/waterfall/id/n_40/Rc_0p5/points/result_n_40_awgn_ebno_p1p9.mat,id,Identification,40,0.1,0.5,1.9,3,1012500,18,1012500,2.96296296296296e-06,1.77777777777778e-05,1.77777777777778e-05,1.03703703703704e-05,8.41771250577665e-06,2.71378430497789e-05,80,0.254024101186092,2500,fixed_frames
results/noisy_channel_confirmatory/waterfall/id/n_40/Rc_0p5/points/result_n_40_awgn_ebno_p2p0.mat,id,Identification,40,0.1,0.5,2,3,1012500,15,1012500,2.96296296296296e-06,1.48148148148148e-05,1.48148148148148e-05,8.88888888888889e-06,5.70973946295217e-06,2.39198901666775e-05,80,0.254024101186092,2500,fixed_frames
results/noisy_channel_confirmatory/waterfall/id/n_40/Rc_0p5/points/result_n_40_awgn_ebno_p2p1.mat,id,Identification,40,0.1,0.5,2.1,3,1012500,11,1012500,2.96296296296296e-06,1.08641975308642e-05,1.08641975308642e-05,6.91358024691358e-06,3.53678695425444e-06,1.8191608107474e-05,80,0.254024101186092,2500,fixed_frames
results/noisy_channel_confirmatory/waterfall/id/n_40/Rc_0p5/points/result_n_40_awgn_ebno_p2p2.mat,id,Identification,40,0.1,0.5,2.2,3,1012500,4,1012500,2.96296296296296e-06,3.95061728395062e-06,3.95061728395062e-06,3.45679012345679e-06,0,8.37542112355254e-06,80,0.254024101186092,2500,fixed_frames
results/noisy_channel_confirmatory/waterfall/id/n_40/Rc_0p5/points/result_n_40_awgn_ebno_p2p3.mat,id,Identification,40,0.1,0.5,2.3,3,1012500,1,1012500,2.96296296296296e-06,9.87654320987654e-07,2.96296296296296e-06,1.97530864197531e-06,0,6.79572304465999e-06,80,0.254024101186092,2500,fixed_frames
results/noisy_channel_confirmatory/waterfall/id/n_40/Rc_0p5/points/result_n_40_awgn_ebno_p2p4.mat,id,Identification,40,0.1,0.5,2.4,3,1012500,1,1012500,2.96296296296296e-06,9.87654320987654e-07,2.96296296296296e-06,1.97530864197531e-06,0,6.79572304465999e-06,80,0.254024101186092,2500,fixed_frames
results/noisy_channel_confirmatory/waterfall/id/n_40/Rc_0p5/points/result_n_40_awgn_ebno_p2p5.mat,id,Identification,40,0.1,0.5,2.5,3,1012500,0,1012500,2.96296296296296e-06,0,2.96296296296296e-06,1.48148148148148e-06,0,0.00147446369035953,80,0.254024101186092,2500,fixed_frames
results/noisy_channel_confirmatory/waterfall/id/n_40/Rc_0p5/points/result_n_40_awgn_ebno_p2p6.mat,id,Identification,40,0.1,0.5,2.6,3,1012500,0,1012500,2.96296296296296e-06,0,2.96296296296296e-06,1.48148148148148e-06,0,0.00147446369035953,80,0.254024101186092,2500,fixed_frames
results/noisy_channel_confirmatory/waterfall/exact-threshold/n_42/Rc_0p5/points/result_n_42_awgn_ebno_p0p5.mat,exact-threshold,Exact threshold,42,0.1,0.5,0.5,248,38550,37877,38550,0.00643320363164721,0.98254215304799,0.98254215304799,0.494487678339818,0.981259487214452,0.983824818881528,84.0466926070039,0.0879548878543584,100,fixed_frames
results/noisy_channel_confirmatory/waterfall/exact-threshold/n_42/Rc_0p5/points/result_n_42_awgn_ebno_p0p6.mat,exact-threshold,Exact threshold,42,0.1,0.5,0.6,258,38550,37700,38550,0.00669260700389105,0.977950713359274,0.977950713359274,0.492321660181582,0.976146293342239,0.979755133376308,84.0466926070039,0.0879548878543584,100,fixed_frames
results/noisy_channel_confirmatory/waterfall/exact-threshold/n_42/Rc_0p5/points/result_n_42_awgn_ebno_p0p7.mat,exact-threshold,Exact threshold,42,0.1,0.5,0.7,283,38550,35963,38550,0.00734111543450065,0.932892347600519,0.932892347600519,0.47011673151751,0.901594988062603,0.964189707138434,84.0466926070039,0.0879548878543584,100,fixed_frames
results/noisy_channel_confirmatory/waterfall/exact-threshold/n_42/Rc_0p5/points/result_n_42_awgn_ebno_p0p8.mat,exact-threshold,Exact threshold,42,0.1,0.5,0.8,244,38550,16854,38550,0.00632944228274968,0.437198443579767,0.437198443579767,0.221763942931258,0.341458748861369,0.532938138298164,84.0466926070039,0.0879548878543584,100,fixed_frames
results/noisy_channel_confirmatory/waterfall/exact-threshold/n_42/Rc_0p5/points/result_n_42_awgn_ebno_p0p9.mat,exact-threshold,Exact threshold,42,0.1,0.5,0.9,271,38550,876,38550,0.00702983138780804,0.0227237354085603,0.0227237354085603,0.0148767833981842,0.00596731059842293,0.0434847783198741,84.0466926070039,0.0879548878543584,100,fixed_frames
results/noisy_channel_confirmatory/waterfall/exact-threshold/n_42/Rc_0p5/points/result_n_42_awgn_ebno_p1p0.mat,exact-threshold,Exact threshold,42,0.1,0.5,1,1310,192750,839,192750,0.00679636835278859,0.00435278858625162,0.00679636835278859,0.0055745784695201,0.00637765644464049,0.00721508026093668,84.0466926070039,0.0879548878543584,500,fixed_frames
results/noisy_channel_confirmatory/waterfall/exact-threshold/n_42/Rc_0p5/points/result_n_42_awgn_ebno_p1p1.mat,exact-threshold,Exact threshold,42,0.1,0.5,1.1,1308,192750,470,192750,0.00678599221789883,0.00243839169909209,0.00678599221789883,0.00461219195849546,0.00636720178524203,0.00720478265055564,84.0466926070039,0.0879548878543584,500,fixed_frames
results/noisy_channel_confirmatory/waterfall/exact-threshold/n_42/Rc_0p5/points/result_n_42_awgn_ebno_p1p2.mat,exact-threshold,Exact threshold,42,0.1,0.5,1.2,1312,192750,236,192750,0.00680674448767834,0.00122438391699092,0.00680674448767834,0.00401556420233463,0.00638810930863245,0.00722537966672423,84.0466926070039,0.0879548878543584,500,fixed_frames
results/noisy_channel_confirmatory/waterfall/exact-threshold/n_42/Rc_0p5/points/result_n_42_awgn_ebno_p1p3.mat,exact-threshold,Exact threshold,42,0.1,0.5,1.3,1312,192750,108,192750,0.00680674448767834,0.000560311284046693,0.00680674448767834,0.00368352788586252,0.00638681667701719,0.00722667229833949,84.0466926070039,0.0879548878543584,500,fixed_frames
results/noisy_channel_confirmatory/waterfall/exact-threshold/n_42/Rc_0p5/points/result_n_42_awgn_ebno_p1p4.mat,exact-threshold,Exact threshold,42,0.1,0.5,1.4,1312,192750,83,192750,0.00680674448767834,0.000430609597924773,0.00680674448767834,0.00361867704280156,0.00638681667701719,0.00722667229833949,84.0466926070039,0.0879548878543584,500,fixed_frames
results/noisy_channel_confirmatory/waterfall/exact-threshold/n_42/Rc_0p5/points/result_n_42_awgn_ebno_p1p5.mat,exact-threshold,Exact threshold,42,0.1,0.5,1.5,1312,192750,32,192750,0.00680674448767834,0.000166018158236057,0.00680674448767834,0.0034863813229572,0.00638681667701719,0.00722667229833949,84.0466926070039,0.0879548878543584,500,fixed_frames
results/noisy_channel_confirmatory/waterfall/exact-threshold/n_42/Rc_0p5/points/result_n_42_awgn_ebno_p1p6.mat,exact-threshold,Exact threshold,42,0.1,0.5,1.6,1312,192750,11,192750,0.00680674448767834,5.70687418936446e-05,0.00680674448767834,0.00343190661478599,0.00638681667701719,0.00722667229833949,84.0466926070039,0.0879548878543584,500,fixed_frames
results/noisy_channel_confirmatory/waterfall/exact-threshold/n_42/Rc_0p5/points/result_n_42_awgn_ebno_p1p7.mat,exact-threshold,Exact threshold,42,0.1,0.5,1.7,1312,192750,14,192750,0.00680674448767834,7.2632944228275e-05,0.00680674448767834,0.00343968871595331,0.00638681667701719,0.00722667229833949,84.0466926070039,0.0879548878543584,500,fixed_frames
results/noisy_channel_confirmatory/waterfall/exact-threshold/n_42/Rc_0p5/points/result_n_42_awgn_ebno_p1p8.mat,exact-threshold,Exact threshold,42,0.1,0.5,1.8,1311,192750,8,192750,0.00680155642023346,4.15045395590143e-05,0.00680155642023346,0.00342153047989624,0.00638191279447625,0.00722120004599068,84.0466926070039,0.0879548878543584,500,fixed_frames
results/noisy_channel_confirmatory/waterfall/exact-threshold/n_42/Rc_0p5/points/result_n_42_awgn_ebno_p1p9.mat,exact-threshold,Exact threshold,42,0.1,0.5,1.9,1312,192750,0,192750,0.00680674448767834,0,0.00680674448767834,0.00340337224383917,0.00638681667701719,0.00735061005190774,84.0466926070039,0.0879548878543584,500,fixed_frames
results/noisy_channel_confirmatory/waterfall/exact-threshold/n_42/Rc_0p5/points/result_n_42_awgn_ebno_p2p0.mat,exact-threshold,Exact threshold,42,0.1,0.5,2,1312,192750,4,192750,0.00680674448767834,2.07522697795071e-05,0.00680674448767834,0.00341374837872892,0.00638681667701719,0.00722667229833949,84.0466926070039,0.0879548878543584,500,fixed_frames
results/noisy_channel_confirmatory/waterfall/exact-threshold/n_42/Rc_0p5/points/result_n_42_awgn_ebno_p2p1.mat,exact-threshold,Exact threshold,42,0.1,0.5,2.1,1312,192750,1,192750,0.00680674448767834,5.18806744487678e-06,0.00680674448767834,0.00340596627756161,0.00638681667701719,0.00722667229833949,84.0466926070039,0.0879548878543584,500,fixed_frames
results/noisy_channel_confirmatory/waterfall/exact-threshold/n_42/Rc_0p5/points/result_n_42_awgn_ebno_p2p2.mat,exact-threshold,Exact threshold,42,0.1,0.5,2.2,1312,192750,1,192750,0.00680674448767834,5.18806744487678e-06,0.00680674448767834,0.00340596627756161,0.00638681667701719,0.00722667229833949,84.0466926070039,0.0879548878543584,500,fixed_frames
results/noisy_channel_confirmatory/waterfall/exact-threshold/n_42/Rc_0p5/points/result_n_42_awgn_ebno_p2p3.mat,exact-threshold,Exact threshold,42,0.1,0.5,2.3,1312,192750,0,192750,0.00680674448767834,0,0.00680674448767834,0.00340337224383917,0.00638681667701719,0.00735061005190774,84.0466926070039,0.0879548878543584,500,fixed_frames
results/noisy_channel_confirmatory/waterfall/exact-threshold/n_42/Rc_0p5/points/result_n_42_awgn_ebno_p2p4.mat,exact-threshold,Exact threshold,42,0.1,0.5,2.4,1312,192750,0,192750,0.00680674448767834,0,0.00680674448767834,0.00340337224383917,0.00638681667701719,0.00735061005190774,84.0466926070039,0.0879548878543584,500,fixed_frames
results/noisy_channel_confirmatory/waterfall/exact-threshold/n_42/Rc_0p5/points/result_n_42_awgn_ebno_p2p5.mat,exact-threshold,Exact threshold,42,0.1,0.5,2.5,1312,192750,0,192750,0.00680674448767834,0,0.00680674448767834,0.00340337224383917,0.00638681667701719,0.00735061005190774,84.0466926070039,0.0879548878543584,500,fixed_frames
results/noisy_channel_confirmatory/waterfall/exact-threshold/n_42/Rc_0p5/points/result_n_42_awgn_ebno_p2p6.mat,exact-threshold,Exact threshold,42,0.1,0.5,2.6,1312,192750,0,192750,0.00680674448767834,0,0.00680674448767834,0.00340337224383917,0.00638681667701719,0.00735061005190774,84.0466926070039,0.0879548878543584,500,fixed_frames
results/noisy_channel_confirmatory/waterfall/rank/n_40/Rc_0p5/points/result_n_40_awgn_ebno_p0p5.mat,rank,Rank,40,0.1,0.5,0.5,1,40500,40052,40500,2.46913580246914e-05,0.988938271604938,0.988938271604938,0.494481481481481,0.987611524517037,0.99026501869284,80,0.199115730107962,100,fixed_frames
results/noisy_channel_confirmatory/waterfall/rank/n_40/Rc_0p5/points/result_n_40_awgn_ebno_p0p6.mat,rank,Rank,40,0.1,0.5,0.6,0,40500,39744,40500,0,0.981333333333333,0.981333333333333,0.490666666666667,0.979494739397893,0.983171927268773,80,0.199115730107962,100,fixed_frames
results/noisy_channel_confirmatory/waterfall/rank/n_40/Rc_0p5/points/result_n_40_awgn_ebno_p0p7.mat,rank,Rank,40,0.1,0.5,0.7,0,40500,38107,40500,0,0.940913580246914,0.940913580246914,0.470456790123457,0.914145049664523,0.967682110829304,80,0.199115730107962,100,fixed_frames
results/noisy_channel_confirmatory/waterfall/rank/n_40/Rc_0p5/points/result_n_40_awgn_ebno_p0p8.mat,rank,Rank,40,0.1,0.5,0.8,1,40500,17934,40500,2.46913580246914e-05,0.442814814814815,0.442814814814815,0.22141975308642,0.347772301855305,0.537857327774325,80,0.199115730107962,100,fixed_frames
results/noisy_channel_confirmatory/waterfall/rank/n_40/Rc_0p5/points/result_n_40_awgn_ebno_p0p9.mat,rank,Rank,40,0.1,0.5,0.9,1,40500,619,40500,2.46913580246914e-05,0.015283950617284,0.015283950617284,0.00765432098765432,0.00810258349048953,0.0224653177440784,80,0.199115730107962,100,fixed_frames
results/noisy_channel_confirmatory/waterfall/rank/n_40/Rc_0p5/points/result_n_40_awgn_ebno_p1p0.mat,rank,Rank,40,0.1,0.5,1,3,202500,944,202500,1.48148148148148e-05,0.00466172839506173,0.00466172839506173,0.00233827160493827,0.00416280433594057,0.00516065245418288,80,0.199115730107962,500,fixed_frames
results/noisy_channel_confirmatory/waterfall/rank/n_40/Rc_0p5/points/result_n_40_awgn_ebno_p1p1.mat,rank,Rank,40,0.1,0.5,1.1,3,202500,458,202500,1.48148148148148e-05,0.00226172839506173,0.00226172839506173,0.00113827160493827,0.0019664014443042,0.00255705534581925,80,0.199115730107962,500,fixed_frames
results/noisy_channel_confirmatory/waterfall/rank/n_40/Rc_0p5/points/result_n_40_awgn_ebno_p1p2.mat,rank,Rank,40,0.1,0.5,1.2,3,202500,233,202500,1.48148148148148e-05,0.00115061728395062,0.00115061728395062,0.000582716049382716,0.00094499269835278,0.00135624186954845,80,0.199115730107962,500,fixed_frames
results/noisy_channel_confirmatory/waterfall/rank/n_40/Rc_0p5/points/result_n_40_awgn_ebno_p1p3.mat,rank,Rank,40,0.1,0.5,1.3,3,202500,111,202500,1.48148148148148e-05,0.000548148148148148,0.000548148148148148,0.000281481481481481,0.000397709094796297,0.000698587201499999,80,0.199115730107962,500,fixed_frames
results/noisy_channel_confirmatory/waterfall/rank/n_40/Rc_0p5/points/result_n_40_awgn_ebno_p1p4.mat,rank,Rank,40,0.1,0.5,1.4,3,202500,59,202500,1.48148148148148e-05,0.000291358024691358,0.000291358024691358,0.000153086419753086,0.000196022022308435,0.000386694027074281,80,0.199115730107962,500,fixed_frames
results/noisy_channel_confirmatory/waterfall/rank/n_40/Rc_0p5/points/result_n_40_awgn_ebno_p1p5.mat,rank,Rank,40,0.1,0.5,1.5,3,202500,38,202500,1.48148148148148e-05,0.000187654320987654,0.000187654320987654,0.000101234567901235,9.96334686999879e-05,0.000275675173275321,80,0.199115730107962,500,fixed_frames
results/noisy_channel_confirmatory/waterfall/rank/n_40/Rc_0p5/points/result_n_40_awgn_ebno_p1p6.mat,rank,Rank,40,0.1,0.5,1.6,25,1012500,108,1012500,2.46913580246914e-05,0.000106666666666667,0.000106666666666667,6.5679012345679e-05,8.30948738418805e-05,0.000130238459491453,80,0.199115730107962,2500,fixed_frames
results/noisy_channel_confirmatory/waterfall/rank/n_40/Rc_0p5/points/result_n_40_awgn_ebno_p1p7.mat,rank,Rank,40,0.1,0.5,1.7,25,1012500,67,1012500,2.46913580246914e-05,6.61728395061728e-05,6.61728395061728e-05,4.54320987654321e-05,4.72284622688216e-05,8.51172167435241e-05,80,0.199115730107962,2500,fixed_frames
results/noisy_channel_confirmatory/waterfall/rank/n_40/Rc_0p5/points/result_n_40_awgn_ebno_p1p8.mat,rank,Rank,40,0.1,0.5,1.8,25,1012500,33,1012500,2.46913580246914e-05,3.25925925925926e-05,3.25925925925926e-05,2.8641975308642e-05,1.92038138041036e-05,4.59813713810816e-05,80,0.199115730107962,2500,fixed_frames
results/noisy_channel_confirmatory/waterfall/rank/n_40/Rc_0p5/points/result_n_40_awgn_ebno_p1p9.mat,rank,Rank,40,0.1,0.5,1.9,25,1012500,26,1012500,2.46913580246914e-05,2.5679012345679e-05,2.5679012345679e-05,2.51851851851852e-05,1.44477581218697e-05,3.69102665694884e-05,80,0.199115730107962,2500,fixed_frames
results/noisy_channel_confirmatory/waterfall/rank/n_40/Rc_0p5/points/result_n_40_awgn_ebno_p2p0.mat,rank,Rank,40,0.1,0.5,2,25,1012500,8,1012500,2.46913580246914e-05,7.90123456790123e-06,2.46913580246914e-05,1.62962962962963e-05,1.36759816156583e-05,3.57067344337244e-05,80,0.199115730107962,2500,fixed_frames
results/noisy_channel_confirmatory/waterfall/rank/n_40/Rc_0p5/points/result_n_40_awgn_ebno_p2p1.mat,rank,Rank,40,0.1,0.5,2.1,25,1012500,12,1012500,2.46913580246914e-05,1.18518518518519e-05,2.46913580246914e-05,1.82716049382716e-05,1.36759816156583e-05,3.57067344337244e-05,80,0.199115730107962,2500,fixed_frames
results/noisy_channel_confirmatory/waterfall/rank/n_40/Rc_0p5/points/result_n_40_awgn_ebno_p2p2.mat,rank,Rank,40,0.1,0.5,2.2,25,1012500,10,1012500,2.46913580246914e-05,9.87654320987654e-06,2.46913580246914e-05,1.72839506172839e-05,1.36759816156583e-05,3.57067344337244e-05,80,0.199115730107962,2500,fixed_frames
results/noisy_channel_confirmatory/waterfall/rank/n_40/Rc_0p5/points/result_n_40_awgn_ebno_p2p3.mat,rank,Rank,40,0.1,0.5,2.3,25,1012500,2,1012500,2.46913580246914e-05,1.97530864197531e-06,2.46913580246914e-05,1.33333333333333e-05,1.36759816156583e-05,3.57067344337244e-05,80,0.199115730107962,2500,fixed_frames
results/noisy_channel_confirmatory/waterfall/rank/n_40/Rc_0p5/points/result_n_40_awgn_ebno_p2p4.mat,rank,Rank,40,0.1,0.5,2.4,25,1012500,1,1012500,2.46913580246914e-05,9.87654320987654e-07,2.46913580246914e-05,1.28395061728395e-05,1.36759816156583e-05,3.57067344337244e-05,80,0.199115730107962,2500,fixed_frames
results/noisy_channel_confirmatory/waterfall/rank/n_40/Rc_0p5/points/result_n_40_awgn_ebno_p2p5.mat,rank,Rank,40,0.1,0.5,2.5,25,1012500,1,1012500,2.46913580246914e-05,9.87654320987654e-07,2.46913580246914e-05,1.28395061728395e-05,1.36759816156583e-05,3.57067344337244e-05,80,0.199115730107962,2500,fixed_frames
results/noisy_channel_confirmatory/waterfall/rank/n_40/Rc_0p5/points/result_n_40_awgn_ebno_p2p6.mat,rank,Rank,40,0.1,0.5,2.6,25,1012500,1,1012500,2.46913580246914e-05,9.87654320987654e-07,2.46913580246914e-05,1.28395061728395e-05,1.36759816156583e-05,3.57067344337244e-05,80,0.199115730107962,2500,fixed_frames
