family,scheme,snr_db,frames,negative_trials,positive_trials,fp,fn,fer,noiseless_fp,mean_iterations,balanced_error,noiseless_balanced_error,fp_lo95,fp_hi95,fp_events,fn_lo95,fn_hi95,fn_events,fer_lo95,fer_hi95,fer_events,balanced_error_lo95,balanced_error_hi95,balanced_error_events
exact,bfc,-5.5,10000,2700000,2700000,0.004745925925925926,0.9903140740740741,1.0,0.004742222222222222,50.0,0.49753,0.002371111111111111,0.004665546296296296,0.004825564814814815,12814,0.9901955370370371,0.9904374166666666,2673848,1.0,1.0,10000,0.4974564722222222,0.49760462962962965,2686662
exact,bfc,-4.9,10000,2700000,2700000,0.004711851851851852,0.7850655555555556,1.0,0.004742222222222222,50.0,0.3948887037037037,0.002371111111111111,0.004629629629629629,0.004794083333333333,12722,0.7828806666666667,0.7872422777777778,2119677,1.0,1.0,10000,0.3938287175925926,0.3959880925925926,2132399
exact,bfc,-4.8,10000,2700000,2700000,0.004685555555555556,0.5869059259259259,1.0,0.004742222222222222,50.0,0.2957957407407407,0.002371111111111111,0.0046048055555555556,0.004764453703703704,12651,0.5845118240740741,0.589337824074074,1584646,1.0,1.0,10000,0.2946095185185185,0.2969778981481482,1597297
exact,bfc,-4.7,10000,2700000,2700000,0.004739259259259259,0.35912481481481484,0.9992,0.004742222222222222,50.0,0.18193203703703703,0.002371111111111111,0.004658509259259259,0.004822972222222222,12796,0.35633157407407406,0.3618020648148148,969637,0.9986,0.9997,9992,0.18051573611111113,0.18329960185185187,982433
exact,bfc,-4.6,10000,2700000,2700000,0.004731111111111111,0.12493555555555555,0.9574,0.004742222222222222,49.983,0.06483333333333334,0.002371111111111111,0.004649259259259259,0.0048133333333333335,12774,0.12270419444444446,0.12713596296296298,337326,0.9536,0.9613025000000001,9574,0.06374373611111112,0.06598136574074075,350100
exact,bfc,-4.5,10000,2700000,2700000,0.004748148148148148,0.01808111111111111,0.5628,0.004742222222222222,49.4994,0.01141462962962963,0.002371111111111111,0.004665916666666666,0.004827046296296296,12820,0.017265185185185185,0.01886524074074074,48819,0.5532,0.5721,5628,0.011045689814814815,0.011783787037037037,61639
exact,bfc,-4.4,10000,2700000,2700000,0.0047425925925925925,0.0006896296296296297,0.0907,0.004742222222222222,46.6128,0.002716111111111111,0.002371111111111111,0.004659212962962963,0.004827037037037037,12805,0.00061,0.0007759259259259259,1862,0.0852,0.0964,907,0.0026568425925925926,0.002775393518518518,14667
exact,bfc,-4.3,10000,2700000,2700000,0.004742222222222222,1.1111111111111112e-05,0.0036,0.004742222222222222,42.0506,0.0023766666666666667,0.002371111111111111,0.004658518518518518,0.004824083333333334,12804,5.925925925925926e-06,1.7777777777777777e-05,30,0.0025,0.0048,36,0.002333699074074074,0.0024194444444444446,12834
exact,bfc,-4.2,10000,2700000,2700000,0.004742222222222222,0.0,0.0001,0.004742222222222222,37.8165,0.002371111111111111,0.002371111111111111,0.004658879629629629,0.004823342592592593,12804,0.0,0.00029952835977664627,0,0.0,0.0003,1,0.002330550925925926,0.0024131574074074073,12804
exact,bfc,-4.1,10000,2700000,2700000,0.004742222222222222,0.0,0.0,0.004742222222222222,34.4544,0.002371111111111111,0.002371111111111111,0.004660722222222222,0.004824814814814815,12804,0.0,0.00029952835977664627,0,0.0,0.00029952835977664627,0,0.0023294398148148146,0.002412962962962963,12804
exact,bfc,-4.0,10000,2700000,2700000,0.004742222222222222,0.0,0.0,0.004742222222222222,31.6682,0.002371111111111111,0.002371111111111111,0.004657407407407407,0.00482037962962963,12804,0.0,0.00029952835977664627,0,0.0,0.00029952835977664627,0,0.002329259259259259,0.0024133333333333333,12804
exact,bfc,-3.9,10000,2700000,2700000,0.004742222222222222,0.0,0.0,0.004742222222222222,29.3779,0.002371111111111111,0.002371111111111111,0.004661851851851852,0.004824444444444445,12804,0.0,0.00029952835977664627,0,0.0,0.00029952835977664627,0,0.002328888888888889,0.0024109305555555555,12804
exact,bfc,-3.8,10000,2700000,2700000,0.004742222222222222,0.0,0.0,0.004742222222222222,27.3115,0.002371111111111111,0.002371111111111111,0.004661101851851852,0.004827046296296296,12804,0.0,0.00029952835977664627,0,0.0,0.00029952835977664627,0,0.00232925,0.002412037037037037,12804
exact,bfc,-3.7,10000,2700000,2700000,0.004742222222222222,0.0,0.0,0.004742222222222222,25.5491,0.002371111111111111,0.002371111111111111,0.0046588703703703705,0.004825185185185185,12804,0.0,0.00029952835977664627,0,0.0,0.00029952835977664627,0,0.002328888888888889,0.0024125925925925925,12804
exact,bfc,-3.6,10000,2700000,2700000,0.004742222222222222,0.0,0.0,0.004742222222222222,24.0195,0.002371111111111111,0.002371111111111111,0.00465962037037037,0.004823333333333333,12804,0.0,0.00029952835977664627,0,0.0,0.00029952835977664627,0,0.0023303657407407405,0.0024133333333333333,12804
exact,bfc,-3.0,10000,2700000,2700000,0.004742222222222222,0.0,0.0,0.004742222222222222,17.5202,0.002371111111111111,0.002371111111111111,0.004662962962962963,0.00482075,12804,0.0,0.00029952835977664627,0,0.0,0.00029952835977664627,0,0.0023305555555555558,0.0024131574074074073,12804
exact,bfc,0.0,10000,2700000,2700000,0.004742222222222222,0.0,0.0,0.004742222222222222,6.2697,0.002371111111111111,0.002371111111111111,0.004662203703703704,0.004826305555555556,12804,0.0,0.00029952835977664627,0,0.0,0.00029952835977664627,0,0.002329990740740741,0.0024127824074074073,12804
exact,bfc,1.1,10000,2700000,2700000,0.004742222222222222,0.0,0.0,0.004742222222222222,4.6459,0.002371111111111111,0.002371111111111111,0.004659990740740741,0.004824074074074074,12804,0.0,0.00029952835977664627,0,0.0,0.00029952835977664627,0,0.0023311064814814813,0.0024135185185185184,12804
exact,bfc,1.2,10000,2700000,2700000,0.004742222222222222,0.0,0.0,0.004742222222222222,4.5305,0.002371111111111111,0.002371111111111111,0.004664435185185185,0.004827805555555556,12804,0.0,0.00029952835977664627,0,0.0,0.00029952835977664627,0,0.0023275833333333334,0.002409263888888889,12804
exact,bfc,1.3,10000,2700000,2700000,0.004742222222222222,0.0,0.0,0.004742222222222222,4.3993,0.002371111111111111,0.002371111111111111,0.004662592592592592,0.004827407407407407,12804,0.0,0.00029952835977664627,0,0.0,0.00029952835977664627,0,0.0023301805555555554,0.0024137083333333332,12804
exact,bfc,1.4,10000,2700000,2700000,0.004742222222222222,0.0,0.0,0.004742222222222222,4.3019,0.002371111111111111,0.002371111111111111,0.004658888888888889,0.004832601851851852,12804,0.0,0.00029952835977664627,0,0.0,0.00029952835977664627,0,0.00232925,0.002413888888888889,12804
exact,bfc,1.5,10000,2700000,2700000,0.004742222222222222,0.0,0.0,0.004742222222222222,4.218,0.002371111111111111,0.002371111111111111,0.004662592592592592,0.004825203703703703,12804,0.0,0.00029952835977664627,0,0.0,0.00029952835977664627,0,0.0023305555555555558,0.0024118518518518517,12804
exact,bfc,1.6,10000,2700000,2700000,0.004742222222222222,0.0,0.0,0.004742222222222222,4.1315,0.002371111111111111,0.002371111111111111,0.004657407407407407,0.004823333333333333,12804,0.0,0.00029952835977664627,0,0.0,0.00029952835977664627,0,0.0023279490740740743,0.0024107499999999997,12804
exact,bfc,1.7,10000,2700000,2700000,0.004742222222222222,0.0,0.0,0.004742222222222222,4.0439,0.002371111111111111,0.002371111111111111,0.004663703703703704,0.004824083333333334,12804,0.0,0.00029952835977664627,0,0.0,0.00029952835977664627,0,0.002331111111111111,0.0024114907407407405,12804
exact,bfc,1.8,10000,2700000,2700000,0.004742222222222222,0.0,0.0,0.004742222222222222,3.9381,0.002371111111111111,0.002371111111111111,0.004661833333333334,0.00482337037037037,12804,0.0,0.00029952835977664627,0,0.0,0.00029952835977664627,0,0.0023299953703703703,0.0024113055555555554,12804
exact,bfc,1.9,10000,2700000,2700000,0.004742222222222222,0.0,0.0,0.004742222222222222,3.8257,0.002371111111111111,0.002371111111111111,0.004661842592592592,0.0048218518518518515,12804,0.0,0.00029952835977664627,0,0.0,0.00029952835977664627,0,0.002329259259259259,0.0024125925925925925,12804
exact,bfc,2.0,10000,2700000,2700000,0.004742222222222222,0.0,0.0,0.004742222222222222,3.7101,0.002371111111111111,0.002371111111111111,0.00466,0.004823722222222221,12804,0.0,0.00029952835977664627,0,0.0,0.00029952835977664627,0,0.002331662037037037,0.002412967592592593,12804
exact,bfc,2.1,10000,2700000,2700000,0.004742222222222222,0.0,0.0,0.004742222222222222,3.5985,0.002371111111111111,0.002371111111111111,0.004661453703703704,0.004824083333333334,12804,0.0,0.00029952835977664627,0,0.0,0.00029952835977664627,0,0.0023311064814814813,0.0024116666666666666,12804
exact,bfc,2.2,10000,2700000,2700000,0.004742222222222222,0.0,0.0,0.004742222222222222,3.492,0.002371111111111111,0.002371111111111111,0.00466,0.0048240925925925925,12804,0.0,0.00029952835977664627,0,0.0,0.00029952835977664627,0,0.002331847222222222,0.0024135185185185184,12804
exact,bfc,2.3,10000,2700000,2700000,0.004742222222222222,0.0,0.0,0.004742222222222222,3.3915,0.002371111111111111,0.002371111111111111,0.004655916666666667,0.004826666666666667,12804,0.0,0.00029952835977664627,0,0.0,0.00029952835977664627,0,0.0023290601851851853,0.0024127777777777776,12804
exact,bfc,2.4,10000,2700000,2700000,0.004742222222222222,0.0,0.0,0.004742222222222222,3.3095,0.002371111111111111,0.002371111111111111,0.004656287037037037,0.004825925925925926,12804,0.0,0.00029952835977664627,0,0.0,0.00029952835977664627,0,0.002329814814814815,0.0024133333333333333,12804
exact,bfc,2.5,10000,2700000,2700000,0.004742222222222222,0.0,0.0,0.004742222222222222,3.2304,0.002371111111111111,0.002371111111111111,0.004655166666666667,0.004823342592592593,12804,0.0,0.00029952835977664627,0,0.0,0.00029952835977664627,0,0.002331287037037037,0.002413337962962963,12804
exact,bfc,2.6,10000,2700000,2700000,0.004742222222222222,0.0,0.0,0.004742222222222222,3.1695,0.002371111111111111,0.002371111111111111,0.00466037037037037,0.0048274166666666665,12804,0.0,0.00029952835977664627,0,0.0,0.00029952835977664627,0,0.0023316666666666668,0.0024101851851851853,12804
exact,bfc,2.7,10000,2700000,2700000,0.004742222222222222,0.0,0.0,0.004742222222222222,3.1272,0.002371111111111111,0.002371111111111111,0.004658879629629629,0.004822240740740741,12804,0.0,0.00029952835977664627,0,0.0,0.00029952835977664627,0,0.0023283333333333333,0.002413148148148148,12804
exact,bfc,2.8,10000,2700000,2700000,0.004742222222222222,0.0,0.0,0.004742222222222222,3.0806,0.002371111111111111,0.002371111111111111,0.004655185185185185,0.004823703703703703,12804,0.0,0.00029952835977664627,0,0.0,0.00029952835977664627,0,0.002330925925925926,0.0024133333333333333,12804
exact,bfc,2.9,10000,2700000,2700000,0.004742222222222222,0.0,0.0,0.004742222222222222,3.0398,0.002371111111111111,0.002371111111111111,0.004662222222222222,0.004828898148148148,12804,0.0,0.00029952835977664627,0,0.0,0.00029952835977664627,0,0.002331111111111111,0.002411300925925926,12804
exact,bfc,3.5,10000,2700000,2700000,0.004742222222222222,0.0,0.0,0.004742222222222222,2.5381,0.002371111111111111,0.002371111111111111,0.004662212962962963,0.004828157407407408,12804,0.0,0.00029952835977664627,0,0.0,0.00029952835977664627,0,0.002328888888888889,0.0024142685185185183,12804
exact,conventional,-5.5,10000,2700000,2700000,0.0,1.0,1.0,0.0,50.0,0.5,0.0,0.0,0.00029952835977664627,0,1.0,1.0,2700000,1.0,1.0,10000,0.5,0.5,2700000
exact,conventional,-4.9,10000,2700000,2700000,0.0,1.0,1.0,0.0,50.0,0.5,0.0,0.0,0.00029952835977664627,0,1.0,1.0,2700000,1.0,1.0,10000,0.5,0.5,2700000
exact,conventional,-4.8,10000,2700000,2700000,0.0,1.0,1.0,0.0,50.0,0.5,0.0,0.0,0.00029952835977664627,0,1.0,1.0,2700000,1.0,1.0,10000,0.5,0.5,2700000
exact,conventional,-4.7,10000,2700000,2700000,0.0,1.0,1.0,0.0,50.0,0.5,0.0,0.0,0.00029952835977664627,0,1.0,1.0,2700000,1.0,1.0,10000,0.5,0.5,2700000
exact,conventional,-4.6,10000,2700000,2700000,0.0,1.0,1.0,0.0,50.0,0.5,0.0,0.0,0.00029952835977664627,0,1.0,1.0,2700000,1.0,1.0,10000,0.5,0.5,2700000
exact,conventional,-4.5,10000,2700000,2700000,0.0,1.0,1.0,0.0,50.0,0.5,0.0,0.0,0.00029952835977664627,0,1.0,1.0,2700000,1.0,1.0,10000,0.5,0.5,2700000
exact,conventional,-4.4,10000,2700000,2700000,0.0,1.0,1.0,0.0,50.0,0.5,0.0,0.0,0.00029952835977664627,0,1.0,1.0,2700000,1.0,1.0,10000,0.5,0.5,2700000
exact,conventional,-4.3,10000,2700000,2700000,0.0,1.0,1.0,0.0,50.0,0.5,0.0,0.0,0.00029952835977664627,0,1.0,1.0,2700000,1.0,1.0,10000,0.5,0.5,2700000
exact,conventional,-4.2,10000,2700000,2700000,0.0,1.0,1.0,0.0,50.0,0.5,0.0,0.0,0.00029952835977664627,0,1.0,1.0,2700000,1.0,1.0,10000,0.5,0.5,2700000
exact,conventional,-4.1,10000,2700000,2700000,0.0,1.0,1.0,0.0,50.0,0.5,0.0,0.0,0.00029952835977664627,0,1.0,1.0,2700000,1.0,1.0,10000,0.5,0.5,2700000
exact,conventional,-4.0,10000,2700000,2700000,0.0,1.0,1.0,0.0,50.0,0.5,0.0,0.0,0.00029952835977664627,0,1.0,1.0,2700000,1.0,1.0,10000,0.5,0.5,2700000
exact,conventional,-3.9,10000,2700000,2700000,0.0,1.0,1.0,0.0,50.0,0.5,0.0,0.0,0.00029952835977664627,0,1.0,1.0,2700000,1.0,1.0,10000,0.5,0.5,2700000
exact,conventional,-3.8,10000,2700000,2700000,0.0,0.9999996296296296,1.0,0.0,50.0,0.4999998148148148,0.0,0.0,0.00029952835977664627,0,0.9999988888888889,1.0,2699999,1.0,1.0,10000,0.49999944444444444,0.5,2699999
exact,conventional,-3.7,10000,2700000,2700000,0.0,1.0,1.0,0.0,50.0,0.5,0.0,0.0,0.00029952835977664627,0,1.0,1.0,2700000,1.0,1.0,10000,0.5,0.5,2700000
exact,conventional,-3.6,10000,2700000,2700000,0.0,1.0,1.0,0.0,50.0,0.5,0.0,0.0,0.00029952835977664627,0,1.0,1.0,2700000,1.0,1.0,10000,0.5,0.5,2700000
exact,conventional,-3.0,10000,2700000,2700000,0.0,0.9999992592592593,1.0,0.0,50.0,0.4999996296296296,0.0,0.0,0.00029952835977664627,0,0.9999981481481481,1.0,2699998,1.0,1.0,10000,0.49999907407407407,0.5,2699998
exact,conventional,0.0,10000,2700000,2700000,0.0,0.99921,1.0,0.0,50.0,0.499605,0.0,0.0,0.00029952835977664627,0,0.9991751851851852,0.9992448240740741,2697867,1.0,1.0,10000,0.49958814351851855,0.49962203703703706,2697867
exact,conventional,1.1,10000,2700000,2700000,0.0,0.9890422222222223,1.0,0.0,50.0,0.49452111111111113,0.0,0.0,0.00029952835977664627,0,0.98892,0.989164074074074,2670414,1.0,1.0,10000,0.49445869444444446,0.49458760185185185,2670414
exact,conventional,1.2,10000,2700000,2700000,0.0,0.9852640740740741,1.0,0.0,50.0,0.49263203703703706,0.0,0.0,0.00029952835977664627,0,0.9851174074074074,0.9854051944444444,2660213,1.0,1.0,10000,0.4925568425925926,0.49270222685185183,2660213
exact,conventional,1.3,10000,2700000,2700000,0.0,0.9800162962962963,1.0,0.0,50.0,0.49000814814814814,0.0,0.0,0.00029952835977664627,0,0.9798377777777778,0.9801903888888889,2646044,1.0,1.0,10000,0.4899235,0.490095,2646044
exact,conventional,1.4,10000,2700000,2700000,0.0,0.9716322222222222,1.0,0.0,50.0,0.4858161111111111,0.0,0.0,0.00029952835977664627,0,0.9714151851851852,0.9718518796296296,2623407,1.0,1.0,10000,0.4857072175925926,0.48592166666666664,2623407
exact,conventional,1.5,10000,2700000,2700000,0.0,0.9581522222222222,1.0,0.0,50.0,0.4790761111111111,0.0,0.0,0.00029952835977664627,0,0.9578618148148148,0.9584304166666666,2587011,1.0,1.0,10000,0.478931662037037,0.4792161111111111,2587011
exact,conventional,1.6,10000,2700000,2700000,0.0,0.9345374074074074,1.0,0.0,50.0,0.4672687037037037,0.0,0.0,0.00029952835977664627,0,0.9341218425925926,0.9349456018518518,2523251,1.0,1.0,10000,0.4670794398148148,0.46747246296296296,2523251
exact,conventional,1.7,10000,2700000,2700000,0.0,0.8906359259259259,1.0,0.0,50.0,0.44531796296296294,0.0,0.0,0.00029952835977664627,0,0.8900065185185184,0.8913071666666667,2404717,1.0,1.0,10000,0.4449745462962963,0.44564670833333336,2404717
exact,conventional,1.8,10000,2700000,2700000,0.0,0.8022351851851852,0.9997,0.0,49.9971,0.4011175925925926,0.0,0.0,0.00029952835977664627,0,0.8008764074074074,0.8036246574074074,2166035,0.9993,1.0,9997,0.4004680648148148,0.4017886712962963,2166035
exact,conventional,1.9,10000,2700000,2700000,0.0,0.511172962962963,0.8598,0.0,48.9163,0.2555864814814815,0.0,0.0,0.00029952835977664627,0,0.5058125740740741,0.5163256481481482,1380167,0.8532,0.8665,8598,0.2530012962962963,0.25809309722222223,1380167
exact,conventional,2.0,10000,2700000,2700000,0.0,0.054482222222222224,0.1561,0.0,36.453,0.027241111111111112,0.0,0.0,0.00029952835977664627,0,0.05133809259259259,0.05742649074074073,147102,0.1491,0.1631,1561,0.02572875462962963,0.02881614814814815,147102
exact,conventional,2.1,10000,2700000,2700000,0.0,0.00022851851851851852,0.001,0.0,23.6846,0.00011425925925925926,0.0,0.0,0.00029952835977664627,0,6.441666666666667e-05,0.00045447222222222205,617,0.0004,0.0017,10,2.9995370370370373e-05,0.00022579166666666638,617
exact,conventional,2.2,10000,2700000,2700000,0.0,0.0,0.0,0.0,18.0759,0.0,0.0,0.0,0.00029952835977664627,0,0.0,0.00029952835977664627,0,0.0,0.00029952835977664627,0,0.0,0.00029952835977664627,0
exact,conventional,2.3,10000,2700000,2700000,0.0,0.0,0.0,0.0,14.9073,0.0,0.0,0.0,0.00029952835977664627,0,0.0,0.00029952835977664627,0,0.0,0.00029952835977664627,0,0.0,0.00029952835977664627,0
exact,conventional,2.4,10000,2700000,2700000,0.0,0.0,0.0,0.0,12.8074,0.0,0.0,0.0,0.00029952835977664627,0,0.0,0.00029952835977664627,0,0.0,0.00029952835977664627,0,0.0,0.00029952835977664627,0
exact,conventional,2.5,10000,2700000,2700000,0.0,0.0,0.0,0.0,11.2464,0.0,0.0,0.0,0.00029952835977664627,0,0.0,0.00029952835977664627,0,0.0,0.00029952835977664627,0,0.0,0.00029952835977664627,0
exact,conventional,2.6,10000,2700000,2700000,0.0,0.0,0.0,0.0,10.056,0.0,0.0,0.0,0.00029952835977664627,0,0.0,0.00029952835977664627,0,0.0,0.00029952835977664627,0,0.0,0.00029952835977664627,0
exact,conventional,2.7,10000,2700000,2700000,0.0,0.0,0.0,0.0,9.1046,0.0,0.0,0.0,0.00029952835977664627,0,0.0,0.00029952835977664627,0,0.0,0.00029952835977664627,0,0.0,0.00029952835977664627,0
exact,conventional,2.8,10000,2700000,2700000,0.0,0.0,0.0,0.0,8.3179,0.0,0.0,0.0,0.00029952835977664627,0,0.0,0.00029952835977664627,0,0.0,0.00029952835977664627,0,0.0,0.00029952835977664627,0
exact,conventional,2.9,10000,2700000,2700000,0.0,0.0,0.0,0.0,7.6469,0.0,0.0,0.0,0.00029952835977664627,0,0.0,0.00029952835977664627,0,0.0,0.00029952835977664627,0,0.0,0.00029952835977664627,0
exact,conventional,3.5,10000,2700000,2700000,0.0,0.0,0.0,0.0,5.1533,0.0,0.0,0.0,0.00029952835977664627,0,0.0,0.00029952835977664627,0,0.0,0.00029952835977664627,0,0.0,0.00029952835977664627,0
id,bfc,-5.5,10000,2700000,2700000,1.111111111111111e-06,0.9985851851851851,1.0,1.4814814814814815e-06,50.0,0.4992931481481481,7.407407407407407e-07,0.0,2.5925925925925925e-06,3,0.9985403611111111,0.9986307407407408,2696180,1.0,1.0,10000,0.49927091203703705,0.49931593055555556,2696183
id,bfc,-4.9,10000,2700000,2700000,1.4814814814814815e-06,0.8061351851851852,1.0,1.4814814814814815e-06,50.0,0.4030683333333333,7.407407407407407e-07,0.0,2.962962962962963e-06,4,0.804188324074074,0.8081758981481482,2176565,1.0,1.0,10000,0.40202486574074076,0.4041032129629629,2176569
id,bfc,-4.8,10000,2700000,2700000,2.5925925925925925e-06,0.6104685185185185,1.0,1.4814814814814815e-06,50.0,0.30523555555555554,7.407407407407407e-07,7.407407407407407e-07,4.814814814814815e-06,7,0.6079925740740741,0.612883712962963,1648265,1.0,1.0,10000,0.3040222685185185,0.30641282407407405,1648272
id,bfc,-4.7,10000,2700000,2700000,1.4814814814814815e-06,0.37718703703703704,0.9997,1.4814814814814815e-06,50.0,0.18859425925925927,7.407407407407407e-07,3.7037037037037036e-07,2.962962962962963e-06,4,0.3741554166666667,0.38003589814814814,1018405,0.9993,1.0,9997,0.18721716203703703,0.19001209259259258,1018409
id,bfc,-4.6,10000,2700000,2700000,1.4814814814814815e-06,0.1366111111111111,0.9562,1.4814814814814815e-06,49.9821,0.0683062962962963,7.407407407407407e-07,3.7037037037037036e-07,2.962962962962963e-06,4,0.13430032407407408,0.13897358333333334,368850,0.9523,0.9602,9562,0.06712702777777778,0.06953638425925926,368854
id,bfc,-4.5,10000,2700000,2700000,1.111111111111111e-06,0.01936,0.5579,1.4814814814814815e-06,49.4752,0.009680555555555555,7.407407407407407e-07,0.0,2.5925925925925925e-06,3,0.01853572222222222,0.02017571296296296,52272,0.548,0.5674,5579,0.009252087962962964,0.010087430555555556,52275
id,bfc,-4.4,10000,2700000,2700000,1.4814814814814815e-06,0.0008474074074074074,0.0927,1.4814814814814815e-06,46.6319,0.00042444444444444447,7.407407407407407e-07,3.7037037037037036e-07,2.962962962962963e-06,4,0.00073925,0.0009577962962962962,2288,0.0869,0.0986,927,0.0003733148148148148,0.0004800046296296296,2292
id,bfc,-4.3,10000,2700000,2700000,1.4814814814814815e-06,1.1111111111111112e-05,0.0033,1.4814814814814815e-06,41.9394,6.296296296296297e-06,7.407407407407407e-07,3.7037037037037036e-07,2.962962962962963e-06,4,5.925925925925926e-06,1.7777777777777777e-05,30,0.0022,0.0044,33,3.5185185185185183e-06,9.444444444444445e-06,34
id,bfc,-4.2,10000,2700000,2700000,1.4814814814814815e-06,0.0,0.0,1.4814814814814815e-06,37.8588,7.407407407407407e-07,7.407407407407407e-07,3.7037037037037036e-07,2.962962962962963e-06,4,0.0,0.00029952835977664627,0,0.0,0.00029952835977664627,0,1.8518518518518518e-07,1.6666666666666667e-06,4
id,bfc,-4.1,10000,2700000,2700000,1.4814814814814815e-06,0.0,0.0,1.4814814814814815e-06,34.5049,7.407407407407407e-07,7.407407407407407e-07,3.7037037037037036e-07,2.962962962962963e-06,4,0.0,0.00029952835977664627,0,0.0,0.00029952835977664627,0,1.8518518518518518e-07,1.6666666666666667e-06,4
id,bfc,-4.0,10000,2700000,2700000,1.4814814814814815e-06,0.0,0.0,1.4814814814814815e-06,31.6629,7.407407407407407e-07,7.407407407407407e-07,3.7037037037037036e-07,2.962962962962963e-06,4,0.0,0.00029952835977664627,0,0.0,0.00029952835977664627,0,1.8518518518518518e-07,1.4814814814814815e-06,4
id,bfc,-3.9,10000,2700000,2700000,1.4814814814814815e-06,0.0,0.0,1.4814814814814815e-06,29.3026,7.407407407407407e-07,7.407407407407407e-07,3.7037037037037036e-07,2.962962962962963e-06,4,0.0,0.00029952835977664627,0,0.0,0.00029952835977664627,0,1.8518518518518518e-07,1.4814814814814815e-06,4
id,bfc,-3.8,10000,2700000,2700000,1.4814814814814815e-06,0.0,0.0,1.4814814814814815e-06,27.2827,7.407407407407407e-07,7.407407407407407e-07,3.7037037037037036e-07,3.3333333333333333e-06,4,0.0,0.00029952835977664627,0,0.0,0.00029952835977664627,0,1.8518518518518518e-07,1.6666666666666667e-06,4
id,bfc,-3.7,10000,2700000,2700000,1.4814814814814815e-06,0.0,0.0,1.4814814814814815e-06,25.5405,7.407407407407407e-07,7.407407407407407e-07,3.7037037037037036e-07,2.962962962962963e-06,4,0.0,0.00029952835977664627,0,0.0,0.00029952835977664627,0,1.8518518518518518e-07,1.4814814814814815e-06,4
id,bfc,-3.6,10000,2700000,2700000,1.4814814814814815e-06,0.0,0.0,1.4814814814814815e-06,24.0398,7.407407407407407e-07,7.407407407407407e-07,3.7037037037037036e-07,2.962962962962963e-06,4,0.0,0.00029952835977664627,0,0.0,0.00029952835977664627,0,1.8518518518518518e-07,1.4814814814814815e-06,4
id,bfc,-3.0,10000,2700000,2700000,1.4814814814814815e-06,0.0,0.0,1.4814814814814815e-06,17.5001,7.407407407407407e-07,7.407407407407407e-07,3.7037037037037036e-07,2.962962962962963e-06,4,0.0,0.00029952835977664627,0,0.0,0.00029952835977664627,0,1.8518518518518518e-07,1.4814814814814815e-06,4
id,bfc,0.0,10000,2700000,2700000,1.4814814814814815e-06,0.0,0.0,1.4814814814814815e-06,6.277,7.407407407407407e-07,7.407407407407407e-07,3.7037037037037036e-07,2.962962962962963e-06,4,0.0,0.00029952835977664627,0,0.0,0.00029952835977664627,0,1.8518518518518518e-07,1.4814814814814815e-06,4
id,bfc,1.1,10000,2700000,2700000,1.4814814814814815e-06,0.0,0.0,1.4814814814814815e-06,4.6453,7.407407407407407e-07,7.407407407407407e-07,3.7037037037037036e-07,2.962962962962963e-06,4,0.0,0.00029952835977664627,0,0.0,0.00029952835977664627,0,1.8518518518518518e-07,1.4814814814814815e-06,4
id,bfc,1.2,10000,2700000,2700000,1.4814814814814815e-06,0.0,0.0,1.4814814814814815e-06,4.525,7.407407407407407e-07,7.407407407407407e-07,3.7037037037037036e-07,2.962962962962963e-06,4,0.0,0.00029952835977664627,0,0.0,0.00029952835977664627,0,1.8518518518518518e-07,1.4814814814814815e-06,4
id,bfc,1.3,10000,2700000,2700000,1.4814814814814815e-06,0.0,0.0,1.4814814814814815e-06,4.4126,7.407407407407407e-07,7.407407407407407e-07,3.7037037037037036e-07,3.3333333333333333e-06,4,0.0,0.00029952835977664627,0,0.0,0.00029952835977664627,0,1.8518518518518518e-07,1.6666666666666667e-06,4
id,bfc,1.4,10000,2700000,2700000,1.4814814814814815e-06,0.0,0.0,1.4814814814814815e-06,4.3164,7.407407407407407e-07,7.407407407407407e-07,3.7037037037037036e-07,2.962962962962963e-06,4,0.0,0.00029952835977664627,0,0.0,0.00029952835977664627,0,1.8518518518518518e-07,1.4814814814814815e-06,4
id,bfc,1.5,10000,2700000,2700000,1.4814814814814815e-06,0.0,0.0,1.4814814814814815e-06,4.2156,7.407407407407407e-07,7.407407407407407e-07,3.7037037037037036e-07,2.962962962962963e-06,4,0.0,0.00029952835977664627,0,0.0,0.00029952835977664627,0,1.8518518518518518e-07,1.6666666666666667e-06,4
id,bfc,1.6,10000,2700000,2700000,1.4814814814814815e-06,0.0,0.0,1.4814814814814815e-06,4.13,7.407407407407407e-07,7.407407407407407e-07,3.7037037037037036e-07,2.962962962962963e-06,4,0.0,0.00029952835977664627,0,0.0,0.00029952835977664627,0,1.8518518518518518e-07,1.4814814814814815e-06,4
id,bfc,1.7,10000,2700000,2700000,1.4814814814814815e-06,0.0,0.0,1.4814814814814815e-06,4.0457,7.407407407407407e-07,7.407407407407407e-07,3.7037037037037036e-07,2.962962962962963e-06,4,0.0,0.00029952835977664627,0,0.0,0.00029952835977664627,0,1.8518518518518518e-07,1.4814814814814815e-06,4
id,bfc,1.8,10000,2700000,2700000,1.4814814814814815e-06,0.0,0.0,1.4814814814814815e-06,3.9381,7.407407407407407e-07,7.407407407407407e-07,3.7037037037037036e-07,2.962962962962963e-06,4,0.0,0.00029952835977664627,0,0.0,0.00029952835977664627,0,1.8518518518518518e-07,1.4814814814814815e-06,4
id,bfc,1.9,10000,2700000,2700000,1.4814814814814815e-06,0.0,0.0,1.4814814814814815e-06,3.8188,7.407407407407407e-07,7.407407407407407e-07,3.7037037037037036e-07,2.962962962962963e-06,4,0.0,0.00029952835977664627,0,0.0,0.00029952835977664627,0,1.8518518518518518e-07,1.4814814814814815e-06,4
id,bfc,2.0,10000,2700000,2700000,1.4814814814814815e-06,0.0,0.0,1.4814814814814815e-06,3.715,7.407407407407407e-07,7.407407407407407e-07,0.0,2.962962962962963e-06,4,0.0,0.00029952835977664627,0,0.0,0.00029952835977664627,0,1.8518518518518518e-07,1.4861111111110858e-06,4
id,bfc,2.1,10000,2700000,2700000,1.4814814814814815e-06,0.0,0.0,1.4814814814814815e-06,3.5975,7.407407407407407e-07,7.407407407407407e-07,3.7037037037037036e-07,2.962962962962963e-06,4,0.0,0.00029952835977664627,0,0.0,0.00029952835977664627,0,1.8055555555555583e-07,1.4814814814814815e-06,4
id,bfc,2.2,10000,2700000,2700000,1.4814814814814815e-06,0.0,0.0,1.4814814814814815e-06,3.4826,7.407407407407407e-07,7.407407407407407e-07,3.7037037037037036e-07,2.962962962962963e-06,4,0.0,0.00029952835977664627,0,0.0,0.00029952835977664627,0,1.8518518518518518e-07,1.4814814814814815e-06,4
id,bfc,2.3,10000,2700000,2700000,1.4814814814814815e-06,0.0,0.0,1.4814814814814815e-06,3.3875,7.407407407407407e-07,7.407407407407407e-07,3.7037037037037036e-07,2.962962962962963e-06,4,0.0,0.00029952835977664627,0,0.0,0.00029952835977664627,0,1.8518518518518518e-07,1.4814814814814815e-06,4
id,bfc,2.4,10000,2700000,2700000,1.4814814814814815e-06,0.0,0.0,1.4814814814814815e-06,3.31,7.407407407407407e-07,7.407407407407407e-07,3.7037037037037036e-07,2.962962962962963e-06,4,0.0,0.00029952835977664627,0,0.0,0.00029952835977664627,0,1.8518518518518518e-07,1.6666666666666667e-06,4
id,bfc,2.5,10000,2700000,2700000,1.4814814814814815e-06,0.0,0.0,1.4814814814814815e-06,3.2305,7.407407407407407e-07,7.407407407407407e-07,3.7037037037037036e-07,2.962962962962963e-06,4,0.0,0.00029952835977664627,0,0.0,0.00029952835977664627,0,1.8518518518518518e-07,1.4814814814814815e-06,4
id,bfc,2.6,10000,2700000,2700000,1.4814814814814815e-06,0.0,0.0,1.4814814814814815e-06,3.1833,7.407407407407407e-07,7.407407407407407e-07,3.7037037037037036e-07,2.962962962962963e-06,4,0.0,0.00029952835977664627,0,0.0,0.00029952835977664627,0,1.8518518518518518e-07,1.6666666666666667e-06,4
id,bfc,2.7,10000,2700000,2700000,1.4814814814814815e-06,0.0,0.0,1.4814814814814815e-06,3.1239,7.407407407407407e-07,7.407407407407407e-07,3.7037037037037036e-07,2.962962962962963e-06,4,0.0,0.00029952835977664627,0,0.0,0.00029952835977664627,0,1.8518518518518518e-07,1.4814814814814815e-06,4
id,bfc,2.8,10000,2700000,2700000,1.4814814814814815e-06,0.0,0.0,1.4814814814814815e-06,3.079,7.407407407407407e-07,7.407407407407407e-07,3.7037037037037036e-07,2.962962962962963e-06,4,0.0,0.00029952835977664627,0,0.0,0.00029952835977664627,0,1.8518518518518518e-07,1.4814814814814815e-06,4
id,bfc,2.9,10000,2700000,2700000,1.4814814814814815e-06,0.0,0.0,1.4814814814814815e-06,3.0326,7.407407407407407e-07,7.407407407407407e-07,3.7037037037037036e-07,2.962962962962963e-06,4,0.0,0.00029952835977664627,0,0.0,0.00029952835977664627,0,1.8518518518518518e-07,1.6666666666666667e-06,4
id,bfc,3.5,10000,2700000,2700000,1.4814814814814815e-06,0.0,0.0,1.4814814814814815e-06,2.5303,7.407407407407407e-07,7.407407407407407e-07,3.7037037037037036e-07,2.962962962962963e-06,4,0.0,0.00029952835977664627,0,0.0,0.00029952835977664627,0,1.8518518518518518e-07,1.4814814814814815e-06,4
rank,bfc,-5.5,10000,2700000,2700000,2.4814814814814816e-05,0.9972588888888889,1.0,1.7407407407407406e-05,50.0,0.49864185185185184,8.703703703703703e-06,1.925925925925926e-05,3.074074074074074e-05,67,0.9971925925925926,0.9973214907407407,2692599,1.0,1.0,10000,0.49861036574074075,0.49867537037037035,2692666
rank,bfc,-4.9,10000,2700000,2700000,1.7777777777777777e-05,0.7996662962962963,1.0,1.7407407407407406e-05,50.0,0.399842037037037,8.703703703703703e-06,1.2962962962962962e-05,2.296296296296296e-05,48,0.7976024907407407,0.8016894074074075,2159099,1.0,1.0,10000,0.39877847222222224,0.40089725000000004,2159147
rank,bfc,-4.8,10000,2700000,2700000,1.888888888888889e-05,0.5996551851851852,1.0,1.7407407407407406e-05,50.0,0.299837037037037,8.703703703703703e-06,1.3703703703703704e-05,2.4444444444444445e-05,51,0.59720775,0.6019059166666667,1619069,1.0,1.0,10000,0.2986148055555556,0.30100139814814814,1619120
rank,bfc,-4.7,10000,2700000,2700000,2.148148148148148e-05,0.37237777777777775,0.9997,1.7407407407407406e-05,50.0,0.18619962962962963,8.703703703703703e-06,1.5925925925925926e-05,2.7407407407407408e-05,58,0.3696210277777778,0.37505083333333333,1005420,0.9993,1.0,9997,0.18482182407407408,0.18760143518518518,1005478
rank,bfc,-4.6,10000,2700000,2700000,1.7037037037037038e-05,0.13311962962962964,0.9544,1.7407407407407406e-05,49.9834,0.06656833333333333,8.703703703703703e-06,1.2222222222222222e-05,2.2222222222222223e-05,46,0.13083237962962962,0.1354334722222222,359423,0.9502,0.9585,9544,0.06541403703703703,0.06775912499999999,359469
rank,bfc,-4.5,10000,2700000,2700000,1.7407407407407406e-05,0.01879,0.5597,1.7407407407407406e-05,49.4597,0.009403703703703704,8.703703703703703e-06,1.2962962962962962e-05,2.2592592592592594e-05,47,0.017982962962962964,0.019608546296296298,50733,0.5500975,0.5694,5597,0.00901052314814815,0.00982426388888889,50780
rank,bfc,-4.4,10000,2700000,2700000,1.7407407407407406e-05,0.0007351851851851852,0.0853,1.7407407407407406e-05,46.5477,0.0003762962962962963,8.703703703703703e-06,1.2592592592592593e-05,2.2222222222222223e-05,47,0.00063775,0.0008448611111111109,1985,0.0799,0.09060249999999999,853,0.0003259259259259259,0.00043074074074074076,2032
rank,bfc,-4.3,10000,2700000,2700000,1.7407407407407406e-05,2.037037037037037e-05,0.0042,1.7407407407407406e-05,41.9883,1.888888888888889e-05,8.703703703703703e-06,1.2592592592592593e-05,2.2592592592592594e-05,47,9.620370370370372e-06,3.481481481481481e-05,55,0.0029,0.0055,42,1.2777777777777777e-05,2.6666666666666667e-05,102
rank,bfc,-4.2,10000,2700000,2700000,1.7407407407407406e-05,3.7037037037037036e-07,0.0001,1.7407407407407406e-05,37.7934,8.888888888888888e-06,8.703703703703703e-06,1.2592592592592593e-05,2.2592592592592594e-05,47,0.0,1.111111111111111e-06,1,0.0,0.0003,1,6.481481481481481e-06,1.148148148148148e-05,48
rank,bfc,-4.1,10000,2700000,2700000,1.7407407407407406e-05,0.0,0.0,1.7407407407407406e-05,34.5184,8.703703703703703e-06,8.703703703703703e-06,1.2592592592592593e-05,2.2592592592592594e-05,47,0.0,0.00029952835977664627,0,0.0,0.00029952835977664627,0,6.296296296296297e-06,1.1296296296296297e-05,47
rank,bfc,-4.0,10000,2700000,2700000,1.7407407407407406e-05,0.0,0.0,1.7407407407407406e-05,31.6334,8.703703703703703e-06,8.703703703703703e-06,1.2962962962962962e-05,2.2592592592592594e-05,47,0.0,0.00029952835977664627,0,0.0,0.00029952835977664627,0,6.481481481481481e-06,1.1111111111111112e-05,47
rank,bfc,-3.9,10000,2700000,2700000,1.7407407407407406e-05,0.0,0.0,1.7407407407407406e-05,29.2979,8.703703703703703e-06,8.703703703703703e-06,1.2592592592592593e-05,2.296296296296296e-05,47,0.0,0.00029952835977664627,0,0.0,0.00029952835977664627,0,6.296296296296297e-06,1.1111111111111112e-05,47
rank,bfc,-3.8,10000,2700000,2700000,1.7407407407407406e-05,0.0,0.0,1.7407407407407406e-05,27.2816,8.703703703703703e-06,8.703703703703703e-06,1.2592592592592593e-05,2.2592592592592594e-05,47,0.0,0.00029952835977664627,0,0.0,0.00029952835977664627,0,6.296296296296297e-06,1.1296296296296297e-05,47
rank,bfc,-3.7,10000,2700000,2700000,1.7407407407407406e-05,0.0,0.0,1.7407407407407406e-05,25.5618,8.703703703703703e-06,8.703703703703703e-06,1.2592592592592593e-05,2.2222222222222223e-05,47,0.0,0.00029952835977664627,0,0.0,0.00029952835977664627,0,6.296296296296297e-06,1.1296296296296297e-05,47
rank,bfc,-3.6,10000,2700000,2700000,1.7407407407407406e-05,0.0,0.0,1.7407407407407406e-05,23.9987,8.703703703703703e-06,8.703703703703703e-06,1.2962962962962962e-05,2.2222222222222223e-05,47,0.0,0.00029952835977664627,0,0.0,0.00029952835977664627,0,6.296296296296297e-06,1.1296296296296297e-05,47
rank,bfc,-3.0,10000,2700000,2700000,1.7407407407407406e-05,0.0,0.0,1.7407407407407406e-05,17.5388,8.703703703703703e-06,8.703703703703703e-06,1.2592592592592593e-05,2.2592592592592594e-05,47,0.0,0.00029952835977664627,0,0.0,0.00029952835977664627,0,6.296296296296297e-06,1.1296296296296297e-05,47
rank,bfc,0.0,10000,2700000,2700000,1.7407407407407406e-05,0.0,0.0,1.7407407407407406e-05,6.2666,8.703703703703703e-06,8.703703703703703e-06,1.2962962962962962e-05,2.2592592592592594e-05,47,0.0,0.00029952835977664627,0,0.0,0.00029952835977664627,0,6.296296296296297e-06,1.1296296296296297e-05,47
rank,bfc,1.1,10000,2700000,2700000,1.7407407407407406e-05,0.0,0.0,1.7407407407407406e-05,4.6304,8.703703703703703e-06,8.703703703703703e-06,1.2962962962962962e-05,2.2222222222222223e-05,47,0.0,0.00029952835977664627,0,0.0,0.00029952835977664627,0,6.111111111111111e-06,1.1296296296296297e-05,47
rank,bfc,1.2,10000,2700000,2700000,1.7407407407407406e-05,0.0,0.0,1.7407407407407406e-05,4.5231,8.703703703703703e-06,8.703703703703703e-06,1.2222222222222222e-05,2.2592592592592594e-05,47,0.0,0.00029952835977664627,0,0.0,0.00029952835977664627,0,6.296296296296297e-06,1.148148148148148e-05,47
rank,bfc,1.3,10000,2700000,2700000,1.7407407407407406e-05,0.0,0.0,1.7407407407407406e-05,4.4038,8.703703703703703e-06,8.703703703703703e-06,1.2592592592592593e-05,2.2222222222222223e-05,47,0.0,0.00029952835977664627,0,0.0,0.00029952835977664627,0,6.296296296296297e-06,1.1296296296296297e-05,47
rank,bfc,1.4,10000,2700000,2700000,1.7407407407407406e-05,0.0,0.0,1.7407407407407406e-05,4.3116,8.703703703703703e-06,8.703703703703703e-06,1.2962962962962962e-05,2.2592592592592594e-05,47,0.0,0.00029952835977664627,0,0.0,0.00029952835977664627,0,6.296296296296297e-06,1.148148148148148e-05,47
rank,bfc,1.5,10000,2700000,2700000,1.7407407407407406e-05,0.0,0.0,1.7407407407407406e-05,4.2206,8.703703703703703e-06,8.703703703703703e-06,1.2592592592592593e-05,2.2592592592592594e-05,47,0.0,0.00029952835977664627,0,0.0,0.00029952835977664627,0,6.296296296296297e-06,1.148148148148148e-05,47
rank,bfc,1.6,10000,2700000,2700000,1.7407407407407406e-05,0.0,0.0,1.7407407407407406e-05,4.1313,8.703703703703703e-06,8.703703703703703e-06,1.2592592592592593e-05,2.2592592592592594e-05,47,0.0,0.00029952835977664627,0,0.0,0.00029952835977664627,0,6.296296296296297e-06,1.1296296296296297e-05,47
rank,bfc,1.7,10000,2700000,2700000,1.7407407407407406e-05,0.0,0.0,1.7407407407407406e-05,4.0387,8.703703703703703e-06,8.703703703703703e-06,1.2592592592592593e-05,2.2222222222222223e-05,47,0.0,0.00029952835977664627,0,0.0,0.00029952835977664627,0,6.296296296296297e-06,1.1111111111111112e-05,47
rank,bfc,1.8,10000,2700000,2700000,1.7407407407407406e-05,0.0,0.0,1.7407407407407406e-05,3.94,8.703703703703703e-06,8.703703703703703e-06,1.2592592592592593e-05,2.2222222222222223e-05,47,0.0,0.00029952835977664627,0,0.0,0.00029952835977664627,0,6.296296296296297e-06,1.1296296296296297e-05,47
rank,bfc,1.9,10000,2700000,2700000,1.7407407407407406e-05,0.0,0.0,1.7407407407407406e-05,3.8232,8.703703703703703e-06,8.703703703703703e-06,1.2592592592592593e-05,2.2592592592592594e-05,47,0.0,0.00029952835977664627,0,0.0,0.00029952835977664627,0,6.296296296296297e-06,1.1111111111111112e-05,47
rank,bfc,2.0,10000,2700000,2700000,1.7407407407407406e-05,0.0,0.0,1.7407407407407406e-05,3.7127,8.703703703703703e-06,8.703703703703703e-06,1.2592592592592593e-05,2.2592592592592594e-05,47,0.0,0.00029952835977664627,0,0.0,0.00029952835977664627,0,6.111111111111111e-06,1.1296296296296297e-05,47
rank,bfc,2.1,10000,2700000,2700000,1.7407407407407406e-05,0.0,0.0,1.7407407407407406e-05,3.59,8.703703703703703e-06,8.703703703703703e-06,1.2583333333333335e-05,2.2222222222222223e-05,47,0.0,0.00029952835977664627,0,0.0,0.00029952835977664627,0,6.296296296296297e-06,1.1296296296296297e-05,47
rank,bfc,2.2,10000,2700000,2700000,1.7407407407407406e-05,0.0,0.0,1.7407407407407406e-05,3.499,8.703703703703703e-06,8.703703703703703e-06,1.2592592592592593e-05,2.2592592592592594e-05,47,0.0,0.00029952835977664627,0,0.0,0.00029952835977664627,0,6.296296296296297e-06,1.1296296296296297e-05,47
rank,bfc,2.3,10000,2700000,2700000,1.7407407407407406e-05,0.0,0.0,1.7407407407407406e-05,3.3829,8.703703703703703e-06,8.703703703703703e-06,1.2592592592592593e-05,2.2592592592592594e-05,47,0.0,0.00029952835977664627,0,0.0,0.00029952835977664627,0,6.296296296296297e-06,1.148148148148148e-05,47
rank,bfc,2.4,10000,2700000,2700000,1.7407407407407406e-05,0.0,0.0,1.7407407407407406e-05,3.3164,8.703703703703703e-06,8.703703703703703e-06,1.2592592592592593e-05,2.296296296296296e-05,47,0.0,0.00029952835977664627,0,0.0,0.00029952835977664627,0,6.476851851851852e-06,1.1296296296296297e-05,47
rank,bfc,2.5,10000,2700000,2700000,1.7407407407407406e-05,0.0,0.0,1.7407407407407406e-05,3.232,8.703703703703703e-06,8.703703703703703e-06,1.2592592592592593e-05,2.2601851851851803e-05,47,0.0,0.00029952835977664627,0,0.0,0.00029952835977664627,0,6.296296296296297e-06,1.1296296296296297e-05,47
rank,bfc,2.6,10000,2700000,2700000,1.7407407407407406e-05,0.0,0.0,1.7407407407407406e-05,3.1703,8.703703703703703e-06,8.703703703703703e-06,1.2592592592592593e-05,2.2592592592592594e-05,47,0.0,0.00029952835977664627,0,0.0,0.00029952835977664627,0,6.296296296296297e-06,1.1111111111111112e-05,47
rank,bfc,2.7,10000,2700000,2700000,1.7407407407407406e-05,0.0,0.0,1.7407407407407406e-05,3.1234,8.703703703703703e-06,8.703703703703703e-06,1.2592592592592593e-05,2.2592592592592594e-05,47,0.0,0.00029952835977664627,0,0.0,0.00029952835977664627,0,6.296296296296297e-06,1.1296296296296297e-05,47
rank,bfc,2.8,10000,2700000,2700000,1.7407407407407406e-05,0.0,0.0,1.7407407407407406e-05,3.0741,8.703703703703703e-06,8.703703703703703e-06,1.2592592592592593e-05,2.2222222222222223e-05,47,0.0,0.00029952835977664627,0,0.0,0.00029952835977664627,0,6.296296296296297e-06,1.1111111111111112e-05,47
rank,bfc,2.9,10000,2700000,2700000,1.7407407407407406e-05,0.0,0.0,1.7407407407407406e-05,3.0345,8.703703703703703e-06,8.703703703703703e-06,1.2222222222222222e-05,2.2592592592592594e-05,47,0.0,0.00029952835977664627,0,0.0,0.00029952835977664627,0,6.296296296296297e-06,1.1296296296296297e-05,47
rank,bfc,3.5,10000,2700000,2700000,1.7407407407407406e-05,0.0,0.0,1.7407407407407406e-05,2.5361,8.703703703703703e-06,8.703703703703703e-06,1.2592592592592593e-05,2.2592592592592594e-05,47,0.0,0.00029952835977664627,0,0.0,0.00029952835977664627,0,6.296296296296297e-06,1.1296296296296297e-05,47
