file,bytes,sha256
results/evidence/noiseless/adversarial/adversarial_exact-threshold_n024.mat,1176,cc86ee34c7d0ab197a2ce4a58f25ed0233cb4c65befe54959930650c30144e63
results/evidence/noiseless/adversarial/adversarial_exact-threshold_n026.mat,1241,1e48c1094a1b4334d431e85d2a5677fa2b40a7de196b81f1143b6aaf04c91ed1
results/evidence/noiseless/adversarial/adversarial_exact-threshold_n028.mat,1324,1c1bb4c10f90473f233690f2bc9d48f3948ca7b1aa8d90e383ecdefab3fc72fc
results/evidence/noiseless/adversarial/adversarial_exact-threshold_n030.mat,3976,8a240d7222bf92bc0ee777a02c94b1090f4b837da116b66a02c7d205bd26f029
results/evidence/noiseless/adversarial/adversarial_exact-threshold_n032.mat,4460,81f086edf65e8b2ee19493338b94e6effd976741e9055f6883b3662df2d12474
results/evidence/noiseless/adversarial/adversarial_exact-threshold_n034.mat,13033,6cf7bb616d3fe41d9d861e9a7fcb084af5407a8621cabd4a2df1385a162cd22b
results/evidence/noiseless/adversarial/adversarial_exact-threshold_n036.mat,28318,983e9068b5ecc345a95bdbbdece004945fbdcea4a89b1acc8a5038377edb413d
results/evidence/noiseless/adversarial/adversarial_exact-threshold_n038.mat,32047,0d065c3279d2da08e3823b7970fa5f3a3ff4616da0e0def1657aa95535d707fe
results/evidence/noiseless/adversarial/adversarial_exact-threshold_n040.mat,69406,93aa6253e8afb8825b740231ac2dc52c2a1675ff57e0d519db2b622bc6bec3a9
results/evidence/noiseless/adversarial/adversarial_id_n024.mat,1903,46a4ab26bfd243fc078fcf709fee2fe039b9b00d41993018752792012d674317
results/evidence/noiseless/adversarial/adversarial_id_n026.mat,2884,433d76a9ffb9ad78aa514a375f4b0fb188bc36c8f8623d7010ff5271c5bfb652
results/evidence/noiseless/adversarial/adversarial_id_n028.mat,4613,f670992c39c291504c04c9ad75fdbaea4ec59dc083edb25d7f0acc192b65d488
results/evidence/noiseless/adversarial/adversarial_id_n030.mat,7782,4197edaae19cd026cba4858a1689df6cf359a5a7509aed5702475368e3f11375
results/evidence/noiseless/adversarial/adversarial_id_n032.mat,381,a7d369cb0983076f06ed6d747ea8d2232d566fc262a9d88841c98f0131b331cd
results/evidence/noiseless/adversarial/adversarial_id_n034.mat,380,920b9313c710954244efbccc2a3cf06174512490e702cc40d7b935f4138c4a54
results/evidence/noiseless/adversarial/adversarial_id_n036.mat,384,0219cf61036b9d14b28527f53a96e22ccfc8ce429dfdaba8bcd2c46a70130211
results/evidence/noiseless/adversarial/adversarial_id_n038.mat,388,310bf1d8a4c6bae1599820a250cfec456fe21bfc3c2e25fbc2f181ec0654d564
results/evidence/noiseless/adversarial/adversarial_id_n040.mat,375,a29f52a8c37bc1b342bd74ab7f2e5eb28aee3f62fd7cbc2e25cebae8d50b3cdc
results/evidence/noiseless/adversarial/adversarial_rank_n024.mat,1853,6ece4a472060a7864f9876add70e21e157821b17d8fd445f4a33ebf8a73a9342
results/evidence/noiseless/adversarial/adversarial_rank_n026.mat,2838,218e26097ab006457d8a383b424b4138600dc625915f36fa5104c890c9809fa1
results/evidence/noiseless/adversarial/adversarial_rank_n028.mat,4588,5b20d8abc9dae557a6abe5af6cc1f4e34c4c6d2b69ab6f0c2aebf64195afe385
results/evidence/noiseless/adversarial/adversarial_rank_n030.mat,7776,90806ba59f9a3a890014432df8e5251772de15c5bde67e4d310cbb5af9c93d96
results/evidence/noiseless/adversarial/adversarial_rank_n032.mat,13499,b7d96483b57fda11c5045045d4f08ac70cfc9366398439aea014cfa0d6b1cf0c
results/evidence/noiseless/adversarial/adversarial_rank_n034.mat,23250,10854d547dedfd7b215521e78675e1e077f6de4de28945d0a285e4f43030800f
results/evidence/noiseless/adversarial/adversarial_rank_n036.mat,39037,11bdb86deb08ff437eecd6aa89a0ac18e467b7479fafa08dfce8627fdc4dfccc
results/evidence/noiseless/adversarial/adversarial_rank_n038.mat,67677,95eaaa96f41f6f934474b4b0b8ac1dce98189f59c460e566097d24fba30da951
results/evidence/noiseless/adversarial/adversarial_rank_n040.mat,119645,c0632ce18db8bc8416c123ef265249eb3733f590423fb252bfa2f845de42dbad
results/evidence/noiseless/finite_length/exact-threshold_n024_M002000_seed0020563225_shard000.mat,7116,d394ed51f362865c31f7df18542d4fc5a3adaf72b384e50d129ebcddbef1e0f1
results/evidence/noiseless/finite_length/exact-threshold_n026_M002000_seed0020563425_shard000.mat,6888,d6932cd18c19e4db078510444fd404eb1c92e3c16e68e5a5317e9666c7493d69
results/evidence/noiseless/finite_length/exact-threshold_n028_M002000_seed0020563625_shard000.mat,6665,7d1ac40fa9bc5fa82417a1edbfafb8db4b01335462a8f49a0b18ff13caaf00a0
results/evidence/noiseless/finite_length/exact-threshold_n030_M002000_seed0020563825_shard000.mat,9795,d0c701e727651f3b6348cec4a0d2fcc7be5b4e89e8a723b4c2f85949066a5e94
results/evidence/noiseless/finite_length/exact-threshold_n032_M002000_seed0020564025_shard000.mat,9838,b6718a5dbb8bc43ff5d609a821ea5dd00be149caceb679e3e1bda5dcf84bc66a
results/evidence/noiseless/finite_length/exact-threshold_n034_M002000_seed0020564225_shard000.mat,10254,505f7e079a269f3913e794d5149cbcf379a64843c6f9270abad2304a4cb1a864
results/evidence/noiseless/finite_length/exact-threshold_n036_M002000_seed0020564425_shard000.mat,10431,b82c3387f2153b4bf02af7a1516d86e4e3025881007f49ab10e1771bfae376be
results/evidence/noiseless/finite_length/exact-threshold_n038_M002000_seed0020564625_shard000.mat,10423,93d7f042645c286f5ef9d93813c0568327eca84a2350588e98e76e6e02bb8e10
results/evidence/noiseless/finite_length/exact-threshold_n040_M002000_seed0020564825_shard000.mat,10614,d66bd438451c696d01a755d01d6c1609a93db910cc3ce3eb66f1c3fe8c7411b3
results/evidence/noiseless/finite_length/id_n024_M002000_seed0020363225_shard000.mat,5640,335acb9502b973ce40991c458d33531c62f591ce2e4f62be45b31edea3b8b481
results/evidence/noiseless/finite_length/id_n026_M002000_seed0020363425_shard000.mat,5623,64e2e90c4aef691e295b7507f64ffd9395bc93fbece90a71e513c601d5cc1d28
results/evidence/noiseless/finite_length/id_n028_M002000_seed0020363625_shard000.mat,5687,cb3e750d34522af0af3f2a0aef5c1b2b439fe249b4142bf182029518ca6b67ca
results/evidence/noiseless/finite_length/id_n030_M002000_seed0020363825_shard000.mat,5722,40f90aeb8884386b67f1f19927e971ecf0d44abe88c5e4dfba5c7067050d991e
results/evidence/noiseless/finite_length/id_n032_M002000_seed0020364025_shard000.mat,5782,2078c4837e2cbfaf0d5d9d615e2254c23081a52e3f0755a1480ee91a175ce3ad
results/evidence/noiseless/finite_length/id_n034_M002000_seed0020364225_shard000.mat,5860,cced245100e9076405a15a77401d8809d8079eeefe69a3ba4c359b151627ca07
results/evidence/noiseless/finite_length/id_n036_M002000_seed0020364425_shard000.mat,5993,8c5bbc86ff3c6f43804d151ecd295b97cd18f19642dec7f5ba23d5981949bb42
results/evidence/noiseless/finite_length/id_n038_M000050_seed0020364625_shard000.mat,4330,a826b7f81f91d134daa20b0e90fe1d6400d9bde330415bc650c902d06bb96acb
results/evidence/noiseless/finite_length/id_n038_M000050_seed0020364626_shard001.mat,4342,dea74ed368f0c44a327b873b2bf415605e9fb0ac99b1bad02bf669e271306e0d
results/evidence/noiseless/finite_length/id_n038_M000050_seed0020364627_shard002.mat,4340,1d03355bffd3accfa7341f5e04ba2021d90e2ee2b8da442175da349047a7b178
results/evidence/noiseless/finite_length/id_n038_M000050_seed0020364628_shard003.mat,4332,8479f95af8868c508b73579f8cc25e1cf1ad4287b98eeb5bb92c80512c8c48b0
results/evidence/noiseless/finite_length/id_n040_M000050_seed0020364825_shard000.mat,4712,1fd3edab1d72959a797d288ba12aee2a098fae8d401b2f4a0eea537b0cf6a2cf
results/evidence/noiseless/finite_length/id_n040_M000050_seed0020364826_shard001.mat,4713,5e0b18ae68503d1d82fba60aa909d27d7cee03460ca96f12d6980fdedb436ed3
results/evidence/noiseless/finite_length/id_n040_M000050_seed0020364827_shard002.mat,4709,87cd86fc1587d0ef4ac7dfc6705dddeafa09dd42006d4596fc5cafb5f693a23e
results/evidence/noiseless/finite_length/id_n040_M000050_seed0020364828_shard003.mat,4710,d194d756925b3f3467c5868b243006dc3c25b9d1548e571fd0ec349e94440fbd
results/evidence/noiseless/finite_length/rank_n024_M002000_seed0020463225_shard000.mat,7280,520b6d19e23824974104212c20d35d052137ae5706d3287e2c0ff851ecb531ee
results/evidence/noiseless/finite_length/rank_n026_M002000_seed0020463425_shard000.mat,7240,2efbfd4f782add7bd8673d69da3e533045ed6726bf313765c69699ead4017564
results/evidence/noiseless/finite_length/rank_n028_M002000_seed0020463625_shard000.mat,7271,205b4f44f6abacda0e636daa43ad87168dc2297acac07e9305da35ff77b387fa
results/evidence/noiseless/finite_length/rank_n030_M002000_seed0020463825_shard000.mat,7253,a60e0c5ae93942564cccd2167d67284b3d6f54548acc77902ba49fcf181f62b4
results/evidence/noiseless/finite_length/rank_n032_M002000_seed0020464025_shard000.mat,7244,5175d72348bf974b5c2fba33acee85b13a89ed04a1cb1917c830f8a1b90f0141
results/evidence/noiseless/finite_length/rank_n034_M002000_seed0020464225_shard000.mat,7251,ee546d993050339f7de1d9c8edefc07f9fd794336485780bc7a2bb18e8fd49a4
results/evidence/noiseless/finite_length/rank_n036_M002000_seed0020464425_shard000.mat,7168,9f16caf3403777ea5e133b016207f2ee0b6eedb62a79a0d5aae1b18d1ba3f715
results/evidence/noiseless/finite_length/rank_n038_M002000_seed0020464625_shard000.mat,7241,ddaba16c0789422dca616924f4465591c9abc66a8a9d558835c6d9a83ee733d8
results/evidence/noiseless/finite_length/rank_n040_M002000_seed0020464825_shard000.mat,7280,fa1004da05933456ef7986da883187c2b97879db9a7a4091fe508ae9403b4a42
results/evidence/noisy/rate_pareto/exact-threshold/n_42/Rc_0p3333/points/result_n_42_awgn_ebno_p1p0.mat,21977,c9903ebd7e7bd4729755861d69689aab6b288df3c5ce31be6c60b06f848647f4
results/evidence/noisy/rate_pareto/exact-threshold/n_42/Rc_0p3333/points/result_n_42_awgn_ebno_p1p5.mat,22245,0c40de96b062768a5888c3c9377138d892404b501a689ec5ec473e847feddac5
results/evidence/noisy/rate_pareto/exact-threshold/n_42/Rc_0p3333/points/result_n_42_awgn_ebno_p2p0.mat,22402,70cdd0a23a4aca4704c2b93efa537bfdf32dd68a11cdc30e8a603cc7802ad367
results/evidence/noisy/rate_pareto/exact-threshold/n_42/Rc_0p3333/points/result_n_42_awgn_ebno_p2p5.mat,22801,dfb2c91b85a87751c9240871ebc2f7fec20336aef5fa0e661e9d73b9ae991bf8
results/evidence/noisy/rate_pareto/exact-threshold/n_42/Rc_0p4/points/result_n_42_awgn_ebno_p1p0.mat,23711,dd9ebf9496816bc68f590a065c3faf83919390c1075c0200b4fc64df51fbd27b
results/evidence/noisy/rate_pareto/exact-threshold/n_42/Rc_0p4/points/result_n_42_awgn_ebno_p1p5.mat,24182,558333ee660d2454acf2d3688e8d19f89bf4397fd3c1f1ab824934279236a532
results/evidence/noisy/rate_pareto/exact-threshold/n_42/Rc_0p4/points/result_n_42_awgn_ebno_p2p0.mat,24318,5cc7fe84a1316e807ede5c2eff2070848b14d035452ceb773a254b0e358b23fe
results/evidence/noisy/rate_pareto/exact-threshold/n_42/Rc_0p4/points/result_n_42_awgn_ebno_p2p5.mat,24595,ae7d2d289d34a188dc8f1fa6c9186c89d0fddfdcb00648d64d9a2b600379ddba
results/evidence/noisy/rate_pareto/exact-threshold/n_42/Rc_0p5/points/result_n_42_awgn_ebno_p1p0.mat,24777,03dbc87f77a3d62529206fb45fd0a8cc2258695995789d0433357e6fc3c93520
results/evidence/noisy/rate_pareto/exact-threshold/n_42/Rc_0p5/points/result_n_42_awgn_ebno_p1p5.mat,25067,c5e7a88ccc18eb639dd45e0002a93bef05fd55e10d05f2c43c8f39ab7e3c3c72
results/evidence/noisy/rate_pareto/exact-threshold/n_42/Rc_0p5/points/result_n_42_awgn_ebno_p2p0.mat,25110,d81d7e025ae75d52e160b9acc4f55729a1c4fc7ac3dbc0fa180a372923ac9fe2
results/evidence/noisy/rate_pareto/exact-threshold/n_42/Rc_0p5/points/result_n_42_awgn_ebno_p2p5.mat,25220,3f2c9a21ad81e9d7ed2810aabe95c3b965ec50fb699357e04ca866b267700654
results/evidence/noisy/rate_pareto/exact-threshold/n_42/Rc_0p6/points/result_n_42_awgn_ebno_p1p0.mat,29101,bd76220cf82bd684274133198705c630ab0dd18a15ef69dc04060a42bfda45d7
results/evidence/noisy/rate_pareto/exact-threshold/n_42/Rc_0p6/points/result_n_42_awgn_ebno_p1p5.mat,25410,9d40728d1c84a537738b0a630b615e380cc6940b3832efb5ee8463a9f908ad70
results/evidence/noisy/rate_pareto/exact-threshold/n_42/Rc_0p6/points/result_n_42_awgn_ebno_p2p0.mat,25650,d3054883bb06ff138a2456217747808c201fc1450cee1bda05576ac69f09a8cf
results/evidence/noisy/rate_pareto/exact-threshold/n_42/Rc_0p6/points/result_n_42_awgn_ebno_p2p5.mat,25582,b28f9008bb99a0133cbcb203f3d397ef025dfdad3e058df9fd5807d96d769cdf
results/evidence/noisy/rate_pareto/exact-threshold/n_42/Rc_0p6667/points/result_n_42_awgn_ebno_p1p0.mat,28707,1f8571bf5e81badd446f24ef34b05bb37cc1a71939597103c6de8c41f471821f
results/evidence/noisy/rate_pareto/exact-threshold/n_42/Rc_0p6667/points/result_n_42_awgn_ebno_p1p5.mat,31709,7572311ae74ca28f7936cf96bfabe007482d2bfccf3e48c98447c61667122b71
results/evidence/noisy/rate_pareto/exact-threshold/n_42/Rc_0p6667/points/result_n_42_awgn_ebno_p2p0.mat,24886,9906fd97439686c8d0546bee30ff1892b67b94804ca97fbb068a31635198d302
results/evidence/noisy/rate_pareto/exact-threshold/n_42/Rc_0p6667/points/result_n_42_awgn_ebno_p2p5.mat,24972,3e6dcc4fe151f56429abc5bb0b0400c3500e262fbc2594ebf565bc9bde6ac666
results/evidence/noisy/rate_pareto/id/n_40/Rc_0p3333/points/result_n_40_awgn_ebno_p1p0.mat,9698,117749f5337a77569c1215350cd76f7226eb231507f02f570d7e3ec1c4356137
results/evidence/noisy/rate_pareto/id/n_40/Rc_0p3333/points/result_n_40_awgn_ebno_p1p5.mat,10188,9848d83bc007c966c4b2732672ed0145d89860a344eed17d17594d68bb48457f
results/evidence/noisy/rate_pareto/id/n_40/Rc_0p3333/points/result_n_40_awgn_ebno_p2p0.mat,10416,ceea6d3adc204b5ef4dfa7f15d01cb3ef21e6e4df3f8e031eee218c1aa79e2a8
results/evidence/noisy/rate_pareto/id/n_40/Rc_0p3333/points/result_n_40_awgn_ebno_p2p5.mat,10741,8a18758c19edb98cfddb98a21f8db9423029c77f52ae8f4bb7415d33f80d1286
results/evidence/noisy/rate_pareto/id/n_40/Rc_0p4/points/result_n_40_awgn_ebno_p1p0.mat,10037,f1ce091b7f50ed8b6189ab28b01c4e4a48447295fb56ec8812c89cb74093f594
results/evidence/noisy/rate_pareto/id/n_40/Rc_0p4/points/result_n_40_awgn_ebno_p1p5.mat,10418,e98e523389f07596bba36a0fde25c5c148ff5f60856d14bdf9f6fba935c4b137
results/evidence/noisy/rate_pareto/id/n_40/Rc_0p4/points/result_n_40_awgn_ebno_p2p0.mat,10445,1629e059e28251bb23a6be9ebcfaee6831d72afc71b5b989846fa03684ed4acc
results/evidence/noisy/rate_pareto/id/n_40/Rc_0p4/points/result_n_40_awgn_ebno_p2p5.mat,10777,f5fcd96a3182ccf5414b647705c56d0a4a7e343868771ee1c8190ceb37024a58
results/evidence/noisy/rate_pareto/id/n_40/Rc_0p5/points/result_n_40_awgn_ebno_p1p0.mat,10207,210304b03410255d9fa4c0fceb128cce0704e86492b157723b95cadd9bfe54b1
results/evidence/noisy/rate_pareto/id/n_40/Rc_0p5/points/result_n_40_awgn_ebno_p1p5.mat,10489,5dd14cf9a5b959322896777adf1defcbc1761cff32f3094653b2c833e2194018
results/evidence/noisy/rate_pareto/id/n_40/Rc_0p5/points/result_n_40_awgn_ebno_p2p0.mat,10688,bfa87fdb6c4e727911f46b5eace0e6d354b5479321cd28dfd102b40972ccc9e3
results/evidence/noisy/rate_pareto/id/n_40/Rc_0p5/points/result_n_40_awgn_ebno_p2p5.mat,10603,eda443c0ddacd9a4660238ab5ab815095ba41eae0d4e9c019b2153fa58efecef
results/evidence/noisy/rate_pareto/id/n_40/Rc_0p6/points/result_n_40_awgn_ebno_p1p0.mat,15250,3794a0a2d862cb5224c2935b7d6932b163fe28bd891670408cbbb505848f26eb
results/evidence/noisy/rate_pareto/id/n_40/Rc_0p6/points/result_n_40_awgn_ebno_p1p5.mat,10751,30035e01b9204154296408d6fe73af04122acb460a9fd3553258bb6d91f022d2
results/evidence/noisy/rate_pareto/id/n_40/Rc_0p6/points/result_n_40_awgn_ebno_p2p0.mat,10631,3125c05a01e315f2a9a5c0cb38fae2e3e558a01b3b5496088adb467f6bebec22
results/evidence/noisy/rate_pareto/id/n_40/Rc_0p6/points/result_n_40_awgn_ebno_p2p5.mat,10910,87781f660a34891bbd00aa2f292756ecd0658b9df0f8eb23291310657f7b2eb5
results/evidence/noisy/rate_pareto/id/n_40/Rc_0p6667/points/result_n_40_awgn_ebno_p1p0.mat,16004,9a117143282b66f225bfb6855244d6f8449bbc75449b2d6dbcab51247b83def3
results/evidence/noisy/rate_pareto/id/n_40/Rc_0p6667/points/result_n_40_awgn_ebno_p1p5.mat,19021,f54855b1f810e3315f265c9e246a407a238c0ad7ec21ed08765a68854613917d
results/evidence/noisy/rate_pareto/id/n_40/Rc_0p6667/points/result_n_40_awgn_ebno_p2p0.mat,11212,2e02edf0b4e41d04f1da3cab2790ccbb133a498f07ce1d717a2e886f31b99931
results/evidence/noisy/rate_pareto/id/n_40/Rc_0p6667/points/result_n_40_awgn_ebno_p2p5.mat,11181,0058e8b8b80070b92e47e86410c5b0b7c847ea0f087865d36f4751900ba45edd
results/evidence/noisy/rate_pareto/rank/n_40/Rc_0p3333/points/result_n_40_awgn_ebno_p1p0.mat,10468,c160eb12423ca7c0a9f71064c5fea506fc4b6ec4c9fe1afe1433eac040cb3999
results/evidence/noisy/rate_pareto/rank/n_40/Rc_0p3333/points/result_n_40_awgn_ebno_p1p5.mat,10619,72db5d463423d7e559b065be8e9796526f8855f9ecca4eb9d7cc30818b47c379
results/evidence/noisy/rate_pareto/rank/n_40/Rc_0p3333/points/result_n_40_awgn_ebno_p2p0.mat,10797,a140941c6189b4d889e6c0e2fda823cea1a99874f72881a58dc0f85bbe05ad53
results/evidence/noisy/rate_pareto/rank/n_40/Rc_0p3333/points/result_n_40_awgn_ebno_p2p5.mat,10923,c1e49e7e7d622a5b9e6b38cc81a0acb68bf66cccb071c377c94445458f637649
results/evidence/noisy/rate_pareto/rank/n_40/Rc_0p4/points/result_n_40_awgn_ebno_p1p0.mat,10654,1bbe03098e69c708969a6ff62edcc11aefddcf6e004557f366a70fb7ae2661d3
results/evidence/noisy/rate_pareto/rank/n_40/Rc_0p4/points/result_n_40_awgn_ebno_p1p5.mat,10820,dd9352b2633e805656da0d4c82a8bb36efd9c474a7cef857a9e33aaac472729e
results/evidence/noisy/rate_pareto/rank/n_40/Rc_0p4/points/result_n_40_awgn_ebno_p2p0.mat,11140,6e9dbd1c7d43d544a38b4537cb78b5b1527a6d5c853e61a7f706e13457c89373
results/evidence/noisy/rate_pareto/rank/n_40/Rc_0p4/points/result_n_40_awgn_ebno_p2p5.mat,11070,e44b6cb8da70a2f85b6b1117810b53b46a8c681c4e48b7c7311e4f813b89626c
results/evidence/noisy/rate_pareto/rank/n_40/Rc_0p5/points/result_n_40_awgn_ebno_p1p0.mat,10942,c15cf0b0577ec081e3388373063fb5616d8ead579cd86a7cf9b8c5aab6973adc
results/evidence/noisy/rate_pareto/rank/n_40/Rc_0p5/points/result_n_40_awgn_ebno_p1p5.mat,11095,3279c721c4917f0e00190a44a1e1eff5af82c3ac920b3b1f558c76327a71ea44
results/evidence/noisy/rate_pareto/rank/n_40/Rc_0p5/points/result_n_40_awgn_ebno_p2p0.mat,11301,8d9bbd797a4d48019927c3753821aa8b1b5c6ed38e662f3a1590cdfe12d24c6e
results/evidence/noisy/rate_pareto/rank/n_40/Rc_0p5/points/result_n_40_awgn_ebno_p2p5.mat,11363,72b8c3f0e8e5e2308bc259842668372ff216d70072caa50557d5fda3ac441a73
results/evidence/noisy/rate_pareto/rank/n_40/Rc_0p6/points/result_n_40_awgn_ebno_p1p0.mat,16058,bbad990a67240b91bc51c45cdc1dfa2e8337dc70235874b9be443ce513bf33ff
results/evidence/noisy/rate_pareto/rank/n_40/Rc_0p6/points/result_n_40_awgn_ebno_p1p5.mat,11463,e150d309254a4110caaf75342b70552478be2d977c4d4816c2c14008d1020057
results/evidence/noisy/rate_pareto/rank/n_40/Rc_0p6/points/result_n_40_awgn_ebno_p2p0.mat,11682,02cddc0a50e511e3197adc005350cab4975e8917f007ad4991dc8b18d54b6a38
results/evidence/noisy/rate_pareto/rank/n_40/Rc_0p6/points/result_n_40_awgn_ebno_p2p5.mat,11706,a185601c1c02bd2288e3de44716937fc41c6cefff4342d1f946c53b12e8762c5
results/evidence/noisy/rate_pareto/rank/n_40/Rc_0p6667/points/result_n_40_awgn_ebno_p1p0.mat,16564,8ccccc95270c846507874a7cf7345bdb366417e1242aa7ce90f1d37ecf8a55b1
results/evidence/noisy/rate_pareto/rank/n_40/Rc_0p6667/points/result_n_40_awgn_ebno_p1p5.mat,19712,c8e8cf74742427373cab1c75417df6a6564b7904b3f630725f7a4696e5fb0554
results/evidence/noisy/rate_pareto/rank/n_40/Rc_0p6667/points/result_n_40_awgn_ebno_p2p0.mat,12079,de6bd2ce118a7af07a37862bc4547fb594c573ec96607f6c8bf2181ca9f44b85
results/evidence/noisy/rate_pareto/rank/n_40/Rc_0p6667/points/result_n_40_awgn_ebno_p2p5.mat,12032,55081f997a9e5bc8e74625fe9ea18120274a89224570d11ceb78a151a8da393c
results/evidence/noisy/threshold_nt40/exact-threshold/n_40/Rc_0p5/points/result_n_40_awgn_ebno_p0p5.mat,27543,833b889605d370a1ba49c6c8304a05bb1f4e97ab8c16a4eec5be64a45d13ba70
results/evidence/noisy/threshold_nt40/exact-threshold/n_40/Rc_0p5/points/result_n_40_awgn_ebno_p0p6.mat,29090,ffbe4db3f918a8619ba1cc8f7c0729dbbbc217231d1903b68c5a1f6891f1d56e
results/evidence/noisy/threshold_nt40/exact-threshold/n_40/Rc_0p5/points/result_n_40_awgn_ebno_p0p7.mat,32011,d05fc95a25367449daf4a447a21c0d5184e353b7655a47f05533a98f0203d092
results/evidence/noisy/threshold_nt40/exact-threshold/n_40/Rc_0p5/points/result_n_40_awgn_ebno_p0p8.mat,26611,f7ff564f58b989a1a0d1bc1ec77a83234888572cb94a176a6017826b295ebdf4
results/evidence/noisy/threshold_nt40/exact-threshold/n_40/Rc_0p5/points/result_n_40_awgn_ebno_p0p9.mat,23914,e351dccab8136c9cc5269e79a5f5371f962a9adc316b62e517ead6d26c63f612
results/evidence/noisy/threshold_nt40/exact-threshold/n_40/Rc_0p5/points/result_n_40_awgn_ebno_p1p0.mat,23976,0eeca14eedac81d7ac8ac8e43ddb63f2beb104357021693b1cda8018c4fd948b
results/evidence/noisy/threshold_nt40/exact-threshold/n_40/Rc_0p5/points/result_n_40_awgn_ebno_p1p1.mat,23950,aff0d4158a56c32a2d3f1893e8e04530ea224c8bd60ccd1e8c6a3fbdee1ee275
results/evidence/noisy/threshold_nt40/exact-threshold/n_40/Rc_0p5/points/result_n_40_awgn_ebno_p1p2.mat,24051,86712e09d88b39a755c8a6ba5c120b8b5c8abb81ecb81236a60b72b91ba72bbc
results/evidence/noisy/threshold_nt40/exact-threshold/n_40/Rc_0p5/points/result_n_40_awgn_ebno_p1p3.mat,23865,315bdf68df27bb168ba4f8fef3e807077d67fba4664d5218e6aff49f64625d9e
results/evidence/noisy/threshold_nt40/exact-threshold/n_40/Rc_0p5/points/result_n_40_awgn_ebno_p1p4.mat,24139,2334f4d162f684d6426e7ad87c189aa334ed63bee3ae4ba4d4c333e497091431
results/evidence/noisy/threshold_nt40/exact-threshold/n_40/Rc_0p5/points/result_n_40_awgn_ebno_p1p5.mat,23857,e68f2e42802855285de96ad384f994c6b3e925fb71e4317df5e9128e9df54f0e
results/evidence/noisy/threshold_nt40/exact-threshold/n_40/Rc_0p5/points/result_n_40_awgn_ebno_p1p6.mat,23965,65b0918cdaaf2ad16b8d7fb6c192262a4679ace5fbfcf87c1ed9ec1400cdef4e
results/evidence/noisy/threshold_nt40/exact-threshold/n_40/Rc_0p5/points/result_n_40_awgn_ebno_p1p7.mat,24340,7f2a3db9b773375493f311ec9de0699c00158a38c74b13589be9932e88cae3ec
results/evidence/noisy/threshold_nt40/exact-threshold/n_40/Rc_0p5/points/result_n_40_awgn_ebno_p1p8.mat,24051,f9932246e35e02b0a2a4f81bf7fa78abb4c05491a4b01d467839647fa25e8c1e
results/evidence/noisy/threshold_nt40/exact-threshold/n_40/Rc_0p5/points/result_n_40_awgn_ebno_p1p9.mat,24128,5341ae730a40e8f3dc3e15728d2be9b199e58f220b281bd98814928da7fb4137
results/evidence/noisy/threshold_nt40/exact-threshold/n_40/Rc_0p5/points/result_n_40_awgn_ebno_p2p0.mat,24296,a1dfa7b69a2802680262b867403262294408bbf4d3034e031c0ccbefc47ef845
results/evidence/noisy/threshold_nt40/exact-threshold/n_40/Rc_0p5/points/result_n_40_awgn_ebno_p2p1.mat,24333,3d74f7e334e9527113d770a66d7b54701a06916eba5de152ffe1919b51f84b4b
results/evidence/noisy/threshold_nt40/exact-threshold/n_40/Rc_0p5/points/result_n_40_awgn_ebno_p2p2.mat,24217,b77fb8ca005ea5b853f0f1594e63a2919519018ca4c49cb3c98e50b3b9b5c988
results/evidence/noisy/threshold_nt40/exact-threshold/n_40/Rc_0p5/points/result_n_40_awgn_ebno_p2p3.mat,24216,6690542f1d7bab14dc71de9c0739ad5bf73a58aec9e9f0a61ee0420c6de5deb9
results/evidence/noisy/threshold_nt40/exact-threshold/n_40/Rc_0p5/points/result_n_40_awgn_ebno_p2p4.mat,24418,c8b9f8719ea726581f33a645fd06a27808783fdaaba94b3b669244e97b31e41e
results/evidence/noisy/threshold_nt40/exact-threshold/n_40/Rc_0p5/points/result_n_40_awgn_ebno_p2p5.mat,24298,57db60cc6b3f86f86014d3f095bd4910300b43ede8bd50671d3c2a8db87c7262
results/evidence/noisy/threshold_nt40/exact-threshold/n_40/Rc_0p5/points/result_n_40_awgn_ebno_p2p6.mat,24434,067b8ad8450dab4ba33207668584d5e45e9db82bee609d468bc0cb0337188623
results/evidence/noisy/waterfall/exact-threshold/n_42/Rc_0p5/points/result_n_42_awgn_ebno_p0p5.mat,28398,e9d45370b6784399dd6524e2e1af03444d08e63e6892b1238475072b8511c59e
results/evidence/noisy/waterfall/exact-threshold/n_42/Rc_0p5/points/result_n_42_awgn_ebno_p0p6.mat,30339,7a725a5c0136a6cfbf62162340f4d48388f7ae3163afc816455c59385fb4b63a
results/evidence/noisy/waterfall/exact-threshold/n_42/Rc_0p5/points/result_n_42_awgn_ebno_p0p7.mat,32915,1f74c3fe3afbe9c6cccde55de10ae39e0086add96a3cec7dda5ee1cdfad814d1
results/evidence/noisy/waterfall/exact-threshold/n_42/Rc_0p5/points/result_n_42_awgn_ebno_p0p8.mat,27757,5477c4722aef2cd8cf2157b1cabc357a0df97b6f0ef6e7e15de8ce8f231bbe72
results/evidence/noisy/waterfall/exact-threshold/n_42/Rc_0p5/points/result_n_42_awgn_ebno_p0p9.mat,24987,b131358f3ab2724929198a06fe2135018bf3d5bc58359bfe484d4758e0eb46ab
results/evidence/noisy/waterfall/exact-threshold/n_42/Rc_0p5/points/result_n_42_awgn_ebno_p1p0.mat,24879,b651c0d3ea78aecf7eb8137a8f75f5c4b914d1171dcd7d08f65c4379bcadec24
results/evidence/noisy/waterfall/exact-threshold/n_42/Rc_0p5/points/result_n_42_awgn_ebno_p1p1.mat,24955,4d67bec3add8f38166464e58764e6646be9d43aa8caf6ffc0cd00f1d22fdd991
results/evidence/noisy/waterfall/exact-threshold/n_42/Rc_0p5/points/result_n_42_awgn_ebno_p1p2.mat,25028,1711b6aaf1d796caa90e8aad0b659b674b8e9529a960ac05359331f5a9cba9b3
results/evidence/noisy/waterfall/exact-threshold/n_42/Rc_0p5/points/result_n_42_awgn_ebno_p1p3.mat,24863,a40309601e7ec9986159bf18041d21ad4e1be579c2ee607fb96fbea36af58abe
results/evidence/noisy/waterfall/exact-threshold/n_42/Rc_0p5/points/result_n_42_awgn_ebno_p1p4.mat,24877,62ea576d1e2695e7bcd53c588a9b8213f36de13df6a99d07111e45a0239d8a80
results/evidence/noisy/waterfall/exact-threshold/n_42/Rc_0p5/points/result_n_42_awgn_ebno_p1p5.mat,25143,ea0385b3fbff65d7af953c42cadbc3a84c47ec88a2525c15e4454a5abbe9608c
results/evidence/noisy/waterfall/exact-threshold/n_42/Rc_0p5/points/result_n_42_awgn_ebno_p1p6.mat,25048,aacc0b1825e81b9710a42944abc1340c27d85203bdc8d646b3e71c2193f0241f
results/evidence/noisy/waterfall/exact-threshold/n_42/Rc_0p5/points/result_n_42_awgn_ebno_p1p7.mat,24865,65fc21b1562ed5fa2a59025a863cc3de0bd2b13a68f0098646227c496dc56b5f
results/evidence/noisy/waterfall/exact-threshold/n_42/Rc_0p5/points/result_n_42_awgn_ebno_p1p8.mat,25032,a6da3026688e6451acae373a3a0da490ebb094197f47fa5dad7a4be72b379723
results/evidence/noisy/waterfall/exact-threshold/n_42/Rc_0p5/points/result_n_42_awgn_ebno_p1p9.mat,25199,ebc9047faaa710656dfdf1cacaf936931eadea727b6098691c9c70a89d2290b9
results/evidence/noisy/waterfall/exact-threshold/n_42/Rc_0p5/points/result_n_42_awgn_ebno_p2p0.mat,25186,646fb4bb688d5fb68d561b78963d8c95ac6314e9128ad7f9d9bc313201cc7641
results/evidence/noisy/waterfall/exact-threshold/n_42/Rc_0p5/points/result_n_42_awgn_ebno_p2p1.mat,25487,79794cc5f04dbc553f5210ddc45469bc37988688b5e7a15273f8b8dac20d2d47
results/evidence/noisy/waterfall/exact-threshold/n_42/Rc_0p5/points/result_n_42_awgn_ebno_p2p2.mat,25296,418c5bb92c048522f22fac71764f0bcc1f030ee2b35319b43d6b342611ccb94c
results/evidence/noisy/waterfall/exact-threshold/n_42/Rc_0p5/points/result_n_42_awgn_ebno_p2p3.mat,25230,acc43a6155d0e70ab4eade8b434f3809d7e535709da70f3f3df93fc43eb1e5f2
results/evidence/noisy/waterfall/exact-threshold/n_42/Rc_0p5/points/result_n_42_awgn_ebno_p2p4.mat,25310,431d41ec403d0fa8c714bc3912b49819e12c10cf61243fbf71c16410e5d637ec
results/evidence/noisy/waterfall/exact-threshold/n_42/Rc_0p5/points/result_n_42_awgn_ebno_p2p5.mat,25349,1b653614014c64ff6ebc63102303baddb71d13bc3cb4992881a14e0e80e9648d
results/evidence/noisy/waterfall/exact-threshold/n_42/Rc_0p5/points/result_n_42_awgn_ebno_p2p6.mat,25435,efe90cf505d66ec01151dbedcdc7f28d9eebdedd24b92c36decec05565a0d708
results/evidence/noisy/waterfall/id/n_40/Rc_0p5/points/result_n_40_awgn_ebno_p0p5.mat,14484,df01dd1b25aca8a57a3629144c7163c52229fa631a9663da5f482d539ab04200
results/evidence/noisy/waterfall/id/n_40/Rc_0p5/points/result_n_40_awgn_ebno_p0p6.mat,16349,92ff2ce234b7fcd33c89eceab6079bf86a42a381ea70ea119e86485214904921
results/evidence/noisy/waterfall/id/n_40/Rc_0p5/points/result_n_40_awgn_ebno_p0p7.mat,18948,7f9fb6d54f87df6a3737ea6a77cb6802ff40fc6f432158a89708e8b7ccbdc734
results/evidence/noisy/waterfall/id/n_40/Rc_0p5/points/result_n_40_awgn_ebno_p0p8.mat,13748,ebf8ed71bf2f8ba29765d530c3250e2498823299c734781de4f9bfbaeda49884
results/evidence/noisy/waterfall/id/n_40/Rc_0p5/points/result_n_40_awgn_ebno_p0p9.mat,10462,5c70a6872949990ef826e09e40e295a571bec6b09cc655e3864f5eb251bbf786
results/evidence/noisy/waterfall/id/n_40/Rc_0p5/points/result_n_40_awgn_ebno_p1p0.mat,10305,a121ac37a0c88bb757543e6b9f17487ef422636827d80c0e9163e3a94cac638a
results/evidence/noisy/waterfall/id/n_40/Rc_0p5/points/result_n_40_awgn_ebno_p1p1.mat,10305,de70756006d90699776ffd93afa79adb05b7562a9183d8557d86a79093f7fa31
results/evidence/noisy/waterfall/id/n_40/Rc_0p5/points/result_n_40_awgn_ebno_p1p2.mat,10582,b27a6e8847932afb9cfa66d47a0a6687e0fc4ef6f575d1a60b5913ccfbfaa006
results/evidence/noisy/waterfall/id/n_40/Rc_0p5/points/result_n_40_awgn_ebno_p1p3.mat,10477,e22d3ec22c259816c29fb87eabe41a04cbb39ba89f92dc460cb095c7530d936a
results/evidence/noisy/waterfall/id/n_40/Rc_0p5/points/result_n_40_awgn_ebno_p1p4.mat,10639,63c6d919c6a073bab24b22f513fe31306ec49a6ae8cc6f6afc57dad56c26a404
results/evidence/noisy/waterfall/id/n_40/Rc_0p5/points/result_n_40_awgn_ebno_p1p5.mat,10572,4c21480357cc0f7285a364fc0401c6e9fad7e4b01fc4dc22e9d1439fc53f320b
results/evidence/noisy/waterfall/id/n_40/Rc_0p5/points/result_n_40_awgn_ebno_p1p6.mat,10603,06dc53b72c5cc374f53e40918de4b1a62ba1f4e13196ca063417064d412bd70a
results/evidence/noisy/waterfall/id/n_40/Rc_0p5/points/result_n_40_awgn_ebno_p1p7.mat,10652,2a77012368b1bff4337f4a1afe6d7683959bcddfa7e87c8696fd383eedafe66b
results/evidence/noisy/waterfall/id/n_40/Rc_0p5/points/result_n_40_awgn_ebno_p1p8.mat,10642,2ab166363a81267eab4bb23486c7ef9f0d4fd2f2bcf77a0226dcf5438fdd4df9
results/evidence/noisy/waterfall/id/n_40/Rc_0p5/points/result_n_40_awgn_ebno_p1p9.mat,10691,4db9299de7566047853e656ba21e58a1c262d810d0458152253800a283a06566
results/evidence/noisy/waterfall/id/n_40/Rc_0p5/points/result_n_40_awgn_ebno_p2p0.mat,10786,2c1671c5d2be41b5002debdad414443155dd63d900596bc7702c6070dea3847f
results/evidence/noisy/waterfall/id/n_40/Rc_0p5/points/result_n_40_awgn_ebno_p2p1.mat,10816,5b9ea0fc241293af5280b1c67272e3d65a05a2de5ce8f2e5ffd44cbdee1042f6
results/evidence/noisy/waterfall/id/n_40/Rc_0p5/points/result_n_40_awgn_ebno_p2p2.mat,10814,5b4a8a8986f5dc33aaf0e827215e20e6b070f0774543084b608620738f17e540
results/evidence/noisy/waterfall/id/n_40/Rc_0p5/points/result_n_40_awgn_ebno_p2p3.mat,10817,e3c87badfd5e2d40d9250cc9dd173f90d853855a2ec5488d443930369262efaf
results/evidence/noisy/waterfall/id/n_40/Rc_0p5/points/result_n_40_awgn_ebno_p2p4.mat,10869,6f6d3dc1b8f3fd6edace7853ebe46f98e185b4cb8bd1747566d4eb5e48a72b8f
results/evidence/noisy/waterfall/id/n_40/Rc_0p5/points/result_n_40_awgn_ebno_p2p5.mat,10698,cd6233e0049f1c0678b12cfe8c4a2ed53bf2a16ab3e8054a596d69dc366d199f
results/evidence/noisy/waterfall/id/n_40/Rc_0p5/points/result_n_40_awgn_ebno_p2p6.mat,10708,0d6dca16052e2e0fc09bbc956e11831421c7a06969130e932f615de1738f8f03
results/evidence/noisy/waterfall/rank/n_40/Rc_0p5/points/result_n_40_awgn_ebno_p0p5.mat,15434,83df42182b03a64ee178a4693c6a501e4ab0000551f544d7adcecc7acca41e84
results/evidence/noisy/waterfall/rank/n_40/Rc_0p5/points/result_n_40_awgn_ebno_p0p6.mat,16880,06f8b17685ab35ecf2bdf3ad3a6a1130c0e1b350770612ccb863b4e01d6f84e6
results/evidence/noisy/waterfall/rank/n_40/Rc_0p5/points/result_n_40_awgn_ebno_p0p7.mat,19515,306cfd429b1a7a10282537451bd995c4e327df44505e70220d2711108ac1805d
results/evidence/noisy/waterfall/rank/n_40/Rc_0p5/points/result_n_40_awgn_ebno_p0p8.mat,14215,8863a801b05c6e406046e5ed54ae0f0eb5bf35933377ce32044722a59d70d249
results/evidence/noisy/waterfall/rank/n_40/Rc_0p5/points/result_n_40_awgn_ebno_p0p9.mat,11115,01776a246895330301fe6f7ec228876ab2564c7f0fa2c43575937e3709f98721
results/evidence/noisy/waterfall/rank/n_40/Rc_0p5/points/result_n_40_awgn_ebno_p1p0.mat,11038,1de851fcff7b1468cb16d791f7e541de0fafed0b97905660acd93d4c60158039
results/evidence/noisy/waterfall/rank/n_40/Rc_0p5/points/result_n_40_awgn_ebno_p1p1.mat,11144,3dd7998f057af1b2b02c7d8ca766a71506ca04b7c763ffebaaceb5ed209c87ff
results/evidence/noisy/waterfall/rank/n_40/Rc_0p5/points/result_n_40_awgn_ebno_p1p2.mat,11103,be580b838abc012a0b75c5eee4812f9acb38b3250d7dbdfc134f891749438088
results/evidence/noisy/waterfall/rank/n_40/Rc_0p5/points/result_n_40_awgn_ebno_p1p3.mat,11261,f4ce01b16bd52f66023ac111616bc61ee76e54055795a7b572bbecc6b5525962
results/evidence/noisy/waterfall/rank/n_40/Rc_0p5/points/result_n_40_awgn_ebno_p1p4.mat,11187,e4c0f08409485290ca12b0376ce88f5cd40bdddb0bdbb1d605ee5b2748f7546a
results/evidence/noisy/waterfall/rank/n_40/Rc_0p5/points/result_n_40_awgn_ebno_p1p5.mat,11181,e43c48d06d58a127e96e14fda1d33b4b678ecb5af49388e17189255dd3025e40
results/evidence/noisy/waterfall/rank/n_40/Rc_0p5/points/result_n_40_awgn_ebno_p1p6.mat,11367,8d1fd04bf2d0520858e423aed74c2a3e97aa9912dc3cedc69eb00875eb3b21ea
results/evidence/noisy/waterfall/rank/n_40/Rc_0p5/points/result_n_40_awgn_ebno_p1p7.mat,11454,6d19b6a0837647d2500160b96508172fdc795c008efed065be7ed7a93e7f46b5
results/evidence/noisy/waterfall/rank/n_40/Rc_0p5/points/result_n_40_awgn_ebno_p1p8.mat,11285,4c12f9edd72c6b4b0242f550e3ded28cff3da494019de6253925487342ad7937
results/evidence/noisy/waterfall/rank/n_40/Rc_0p5/points/result_n_40_awgn_ebno_p1p9.mat,11513,e9f80c1cea43a5944d413b2150ecf6a0cb89d03bad20a67dcbb77eda1ae537ac
results/evidence/noisy/waterfall/rank/n_40/Rc_0p5/points/result_n_40_awgn_ebno_p2p0.mat,11400,4653063a199bde5125395b1952d88f10a2ad6965d5b8ba99a8defd640cb65b9e
results/evidence/noisy/waterfall/rank/n_40/Rc_0p5/points/result_n_40_awgn_ebno_p2p1.mat,11574,97d63571aa35255f29f4c3d288359cc6bea173314845b7ed9e92ba14beeeaf5a
results/evidence/noisy/waterfall/rank/n_40/Rc_0p5/points/result_n_40_awgn_ebno_p2p2.mat,11536,2973aa43562919f40ea621ef85d0344a4480bdf821e9e9b583c0c464cbef281a
results/evidence/noisy/waterfall/rank/n_40/Rc_0p5/points/result_n_40_awgn_ebno_p2p3.mat,11464,b5fee2cd33e8471c255255330d66561aa8d8af5443a52711782e3b89ea41addb
results/evidence/noisy/waterfall/rank/n_40/Rc_0p5/points/result_n_40_awgn_ebno_p2p4.mat,11523,c7fcbf4b809d68d9bb58d3b605683a89dedb7b60e2f0439778db6eefc70d3612
results/evidence/noisy/waterfall/rank/n_40/Rc_0p5/points/result_n_40_awgn_ebno_p2p5.mat,11452,f727749e9a9ac2325c3921c5d1586765748570d1335458d80ce0ca1eb00a889a
results/evidence/noisy/waterfall/rank/n_40/Rc_0p5/points/result_n_40_awgn_ebno_p2p6.mat,11526,9dba2636d5ec124402f1f18ba04e7f4822f6aeea8123e84f2711e3f271dfd0db
