family,epsilon,n_t,r,T,K,m,S,rate,bound,aligned
id,0.01,12,6,64,1,6,1,0.215413541726763,0.0,True
id,0.01,12,6,64,1,6,1,0.215413541726763,0.0,False
id,0.01,13,7,64,1,7,1,0.2159503786198157,0.0,True
id,0.01,13,7,64,1,7,1,0.2159503786198157,0.0,False
id,0.01,14,7,128,2,14,1,0.2719539230041146,0.0078125,True
id,0.01,14,7,128,2,14,1,0.2719539230041146,0.0078125,False
id,0.01,15,8,128,2,16,1,0.26666666666666666,0.0078125,True
id,0.01,15,8,128,2,16,1,0.26666666666666666,0.0078125,False
id,0.01,16,8,256,3,24,1,0.28656015629507225,0.0078125,True
id,0.01,16,8,256,3,24,1,0.28656015629507225,0.0078125,False
id,0.01,17,9,256,3,27,1,0.27969926483314517,0.0078125,True
id,0.01,17,9,256,3,27,1,0.27969926483314517,0.0078125,False
id,0.01,18,9,512,6,54,1,0.3197159723424149,0.009765625,True
id,0.01,18,9,512,6,54,1,0.3197159723424149,0.009765625,False
id,0.01,19,10,512,6,60,1,0.31088897871623783,0.009765625,True
id,0.01,19,10,512,6,60,1,0.31088897871623783,0.009765625,False
id,0.01,20,10,1024,11,110,1,0.339067985676233,0.009765625,True
id,0.01,20,10,1024,11,110,1,0.339067985676233,0.009765625,False
id,0.01,21,11,1024,11,121,1,0.3294696779654569,0.009765625,True
id,0.01,21,11,1024,11,121,1,0.3294696779654569,0.009765625,False
id,0.01,22,11,2048,21,231,1,0.3568976837007299,0.009765625,True
id,0.01,22,11,2048,21,231,1,0.3568976837007299,0.009765625,False
id,0.01,23,12,2048,21,252,1,0.34683825754347464,0.009765625,True
id,0.01,23,12,2048,21,252,1,0.34683825754347464,0.009765625,False
id,0.01,24,12,4096,41,492,1,0.37260477105580164,0.009765625,True
id,0.01,24,12,4096,41,492,1,0.37260477105580164,0.009765625,False
id,0.01,25,13,4096,41,533,1,0.36231966891036704,0.009765625,True
id,0.01,25,13,4096,41,533,1,0.36231966891036704,0.009765625,False
id,0.01,26,13,8192,82,1066,1,0.38684583549073753,0.0098876953125,True
id,0.01,26,13,8192,82,1066,1,0.38684583549073753,0.0098876953125,False
id,0.01,27,14,8192,82,1148,1,0.37647803432132176,0.0098876953125,True
id,0.01,27,14,8192,82,1148,1,0.37647803432132176,0.0098876953125,False
id,0.01,28,14,16384,164,2296,1,0.39874667595270313,0.00994873046875,True
id,0.01,28,14,16384,164,2296,1,0.39874667595270313,0.00994873046875,False
id,0.01,29,15,16384,164,2460,1,0.38842905518022763,0.00994873046875,True
id,0.01,29,15,16384,164,2460,1,0.38842905518022763,0.00994873046875,False
id,0.01,30,15,32768,328,4920,1,0.40881475334088674,0.009979248046875,True
id,0.01,30,15,32768,328,4920,1,0.40881475334088674,0.009979248046875,False
id,0.01,31,16,32768,328,5248,1,0.3986307098263898,0.009979248046875,True
id,0.01,31,16,32768,328,5248,1,0.3986307098263898,0.009979248046875,False
id,0.01,32,16,65536,656,10496,1,0.4174235001443151,0.0099945068359375,True
id,0.01,32,16,65536,656,10496,1,0.4174235001443151,0.0099945068359375,False
id,0.01,33,17,65536,656,11152,1,0.4074246922990431,0.0099945068359375,True
id,0.01,33,17,65536,656,11152,1,0.4074246922990431,0.0099945068359375,False
id,0.01,34,17,131072,1311,22287,1,0.4248210238668263,0.0099945068359375,True
id,0.01,34,17,131072,1311,22287,1,0.4248210238668263,0.0099945068359375,False
id,0.01,35,18,131072,1311,23598,1,0.4150393420475448,0.0099945068359375,True
id,0.01,35,18,131072,1311,23598,1,0.4150393420475448,0.0099945068359375,False
id,0.01,36,18,262144,2622,47196,1,0.4312882492128908,0.009998321533203125,True
id,0.01,36,18,262144,2622,47196,1,0.4312882492128908,0.009998321533203125,False
id,0.01,37,19,262144,2622,49818,1,0.4217399860450092,0.009998321533203125,True
id,0.01,37,19,262144,2622,49818,1,0.4217399860450092,0.009998321533203125,False
id,0.01,38,19,524288,5243,99617,1,0.43695011431473524,0.009998321533203125,True
id,0.01,38,19,524288,5243,99617,1,0.43695011431473524,0.009998321533203125,False
id,0.01,39,20,524288,5243,104860,1,0.4276437160359928,0.009998321533203125,True
id,0.01,39,20,524288,5243,104860,1,0.4276437160359928,0.009998321533203125,False
id,0.01,40,20,1048576,10486,209720,1,0.441952623135093,0.009999275207519531,True
id,0.01,40,20,1048576,10486,209720,1,0.441952623135093,0.009999275207519531,False
id,0.01,41,21,1048576,10486,220206,1,0.43289010373890524,0.009999275207519531,True
id,0.01,41,21,1048576,10486,220206,1,0.43289010373890524,0.009999275207519531,False
id,0.01,42,21,2097152,20972,440412,1,0.4463927203165503,0.009999752044677734,True
id,0.01,42,21,2097152,20972,440412,1,0.4463927203165503,0.009999752044677734,False
id,0.01,43,22,2097152,20972,461384,1,0.4375722895152013,0.009999752044677734,True
id,0.01,43,22,2097152,20972,461384,1,0.4375722895152013,0.009999752044677734,False
id,0.01,44,22,4194304,41944,922768,1,0.4503547374807649,0.009999990463256836,True
id,0.01,44,22,4194304,41944,922768,1,0.4503547374807649,0.009999990463256836,False
id,0.01,45,23,4194304,41944,964712,1,0.4417719730349638,0.009999990463256836,True
id,0.01,45,23,4194304,41944,964712,1,0.4417719730349638,0.009999990463256836,False
id,0.01,46,23,8388608,83887,1929401,1,0.45390699105650884,0.009999990463256836,True
id,0.01,46,23,8388608,83887,1929401,1,0.45390699105650884,0.009999990463256836,False
id,0.01,47,24,8388608,83887,2013288,1,0.4455557900694372,0.009999990463256836,True
id,0.01,47,24,8388608,83887,2013288,1,0.4455557900694372,0.009999990463256836,False
id,0.01,48,24,16777216,167773,4026552,1,0.45710653196249346,0.009999990463256836,True
id,0.01,48,24,16777216,167773,4026552,1,0.45710653196249346,0.009999990463256836,False
id,0.01,49,25,16777216,167773,4194325,1,0.4489797392500664,0.009999990463256836,True
id,0.01,49,25,16777216,167773,4194325,1,0.4489797392500664,0.009999990463256836,False
id,0.01,50,25,33554432,335545,8388625,1,0.460000058474042,0.009999990463256836,True
id,0.01,50,25,33554432,335545,8388625,1,0.460000058474042,0.009999990463256836,False
id,0.01,51,26,33554432,335545,8724170,1,0.45208993043271506,0.009999990463256836,True
id,0.01,51,26,33554432,335545,8724170,1,0.45208993043271506,0.009999990463256836,False
id,0.01,52,26,67108864,671089,17448314,1,0.4626266211978479,0.009999990463256836,True
id,0.01,52,26,67108864,671089,17448314,1,0.4626266211978479,0.009999990463256836,False
id,0.01,53,27,67108864,671089,18119403,1,0.4549251337039711,0.009999990463256836,True
id,0.01,53,27,67108864,671089,18119403,1,0.4549251337039711,0.009999990463256836,False
id,0.01,54,27,134217728,1342178,36238806,1,0.46501911270945306,0.009999997913837433,True
id,0.01,54,27,134217728,1342178,36238806,1,0.46501911270945306,0.009999997913837433,False
id,0.01,55,28,134217728,1342178,37580984,1,0.45751817284008367,0.009999997913837433,True
id,0.01,55,28,134217728,1342178,37580984,1,0.45751817284008367,0.009999997913837433,False
id,0.01,56,28,268435456,2684355,75161940,1,0.46720533872783937,0.009999997913837433,True
id,0.01,56,28,268435456,2684355,75161940,1,0.46720533872783937,0.009999997913837433,False
id,0.01,57,29,268435456,2684355,77846295,1,0.459896930558403,0.009999997913837433,True
id,0.01,57,29,268435456,2684355,77846295,1,0.459896930558403,0.009999997913837433,False
id,0.01,58,29,536870912,5368710,155692590,1,0.46920905244532707,0.009999999776482582,True
id,0.01,58,29,536870912,5368710,155692590,1,0.46920905244532707,0.009999999776482582,False
id,0.01,59,30,536870912,5368710,161061300,1,0.4620853329205071,0.009999999776482582,True
id,0.01,59,30,536870912,5368710,161061300,1,0.4620853329205071,0.009999999776482582,False
id,0.01,60,30,1073741824,10737419,322122570,1,0.47105057513247484,0.009999999776482582,True
id,0.01,60,30,1073741824,10737419,322122570,1,0.47105057513247484,0.009999999776482582,False
id,0.01,61,31,1073741824,10737419,332859989,1,0.4641039380774893,0.009999999776482582,True
id,0.01,61,31,1073741824,10737419,332859989,1,0.4641039380774893,0.009999999776482582,False
id,0.01,62,31,2147483648,21474837,665719947,1,0.4727474218636472,0.009999999776482582,True
id,0.01,62,31,2147483648,21474837,665719947,1,0.4727474218636472,0.009999999776482582,False
id,0.01,63,32,2147483648,21474837,687194784,1,0.46597053722475,0.009999999776482582,True
id,0.01,63,32,2147483648,21474837,687194784,1,0.46597053722475,0.009999999776482582,False
id,0.01,64,32,4294967296,42949673,1374389536,1,0.47431474705576393,0.009999999776482582,True
id,0.01,64,32,4294967296,42949673,1374389536,1,0.47431474705576393,0.009999999776482582,False
id,0.01,65,33,4294967296,42949673,1417339209,1,0.46770058355272837,0.009999999776482582,True
id,0.01,65,33,4294967296,42949673,1417339209,1,0.46770058355272837,0.009999999776482582,False
id,0.01,66,33,8589934592,85899346,2834678418,1,0.47576572622617186,0.009999999892897904,True
id,0.01,66,33,8589934592,85899346,2834678418,1,0.47576572622617186,0.009999999892897904,False
id,0.01,67,34,8589934592,85899346,2920577764,1,0.46930756198237655,0.009999999892897904,True
id,0.01,67,34,8589934592,85899346,2920577764,1,0.46930756198237655,0.009999999892897904,False
id,0.01,68,34,17179869184,171798692,5841155528,1,0.4771118625414592,0.009999999951105565,True
id,0.01,68,34,17179869184,171798692,5841155528,1,0.4771118625414592,0.009999999951105565,False
id,0.01,69,35,17179869184,171798692,6012954220,1,0.47080328736976607,0.009999999951105565,True
id,0.01,69,35,17179869184,171798692,6012954220,1,0.47080328736976607,0.009999999951105565,False
id,0.01,70,35,34359738368,343597384,12025908440,1,0.47836324040734085,0.009999999980209395,True
id,0.01,70,35,34359738368,343597384,12025908440,1,0.47836324040734085,0.009999999980209395,False
id,0.01,71,36,34359738368,343597384,12369505824,1,0.47219815229593237,0.009999999980209395,True
id,0.01,71,36,34359738368,343597384,12369505824,1,0.47219815229593237,0.009999999980209395,False
id,0.01,72,36,68719476736,687194768,24739011648,1,0.47952873351404446,0.00999999999476131,True
id,0.01,72,36,68719476736,687194768,24739011648,1,0.47952873351404446,0.00999999999476131,False
id,0.01,73,37,68719476736,687194768,25426206416,1,0.4735013311944909,0.00999999999476131,True
id,0.01,73,37,68719476736,687194768,25426206416,1,0.4735013311944909,0.00999999999476131,False
id,0.01,74,37,137438953472,1374389535,50852412795,1,0.48061617805605594,0.00999999999476131,True
id,0.01,74,37,137438953472,1374389535,50852412795,1,0.48061617805605594,0.00999999999476131,False
id,0.01,75,38,137438953472,1374389535,52226802330,1,0.47472095098617034,0.00999999999476131,True
id,0.01,75,38,137438953472,1374389535,52226802330,1,0.47472095098617034,0.00999999999476131,False
id,0.01,76,38,274877906944,2748779070,104453604660,1,0.48163251742056284,0.00999999999839929,True
id,0.01,76,38,274877906944,2748779070,104453604660,1,0.48163251742056284,0.00999999999839929,False
id,0.01,77,39,274877906944,2748779070,107202383730,1,0.47586423414781087,0.00999999999839929,True
id,0.01,77,39,274877906944,2748779070,107202383730,1,0.47586423414781087,0.00999999999839929,False
id,0.01,78,39,549755813888,5497558139,214404767421,1,0.48258392345024376,0.00999999999839929,True
id,0.01,78,39,549755813888,5497558139,214404767421,1,0.48258392345024376,0.00999999999839929,False
id,0.01,79,40,549755813888,5497558139,219902325560,1,0.47693761905245735,0.00999999999839929,True
id,0.01,79,40,549755813888,5497558139,219902325560,1,0.47693761905245735,0.00999999999839929,False
id,0.01,80,40,1099511627776,10995116278,439804651120,1,0.48347589881430164,0.009999999999308784,True
id,0.01,80,40,1099511627776,10995116278,439804651120,1,0.48347589881430164,0.009999999999308784,False
rank,0.01,12,6,64,1,6,21,0.215413541726763,0.0,True
rank,0.01,12,6,64,1,6,21,0.215413541726763,0.0,False
rank,0.01,13,7,64,1,7,21,0.2159503786198157,0.0,True
rank,0.01,13,7,64,1,7,21,0.2159503786198157,0.0,False
rank,0.01,14,7,128,1,7,21,0.20052535157554316,0.0,True
rank,0.01,14,7,128,1,7,21,0.20052535157554316,0.0,False
rank,0.01,15,8,128,1,8,21,0.2,0.0,True
rank,0.01,15,8,128,1,8,21,0.2,0.0,False
rank,0.01,16,8,256,1,8,21,0.1875,0.0,True
rank,0.01,16,8,256,1,8,21,0.1875,0.0,False
rank,0.01,17,9,256,1,9,21,0.18646617655543013,0.0,True
rank,0.01,17,9,256,1,9,21,0.18646617655543013,0.0,False
rank,0.01,18,9,512,1,9,21,0.1761069445245729,0.0,True
rank,0.01,18,9,512,1,9,21,0.1761069445245729,0.0,False
rank,0.01,19,10,512,1,10,21,0.1748383207835454,0.0,True
rank,0.01,19,10,512,1,10,21,0.1748383207835454,0.0,False
rank,0.01,20,10,1024,1,10,21,0.1660964047443681,0.0,True
rank,0.01,20,10,1024,1,10,21,0.1660964047443681,0.0,False
rank,0.01,21,11,1024,1,11,21,0.16473483898272845,0.0,True
rank,0.01,21,11,1024,1,11,21,0.16473483898272845,0.0,False
rank,0.01,22,11,2048,1,11,21,0.1572468917562408,0.0,True
rank,0.01,22,11,2048,1,11,21,0.1572468917562408,0.0,False
rank,0.01,23,12,2048,1,12,21,0.1558679348139633,0.0,True
rank,0.01,23,12,2048,1,12,21,0.1558679348139633,0.0,False
rank,0.01,24,12,4096,2,24,21,0.19104010419671483,0.005126953125,True
rank,0.01,24,12,4096,2,24,21,0.19104010419671483,0.005126953125,False
rank,0.01,25,13,4096,2,26,21,0.18801758872564367,0.005126953125,True
rank,0.01,25,13,4096,2,26,21,0.18801758872564367,0.005126953125,False
rank,0.01,26,13,8192,4,52,21,0.21924768146696508,0.0076904296875,True
rank,0.01,26,13,8192,4,52,21,0.21924768146696508,0.0076904296875,False
rank,0.01,27,14,8192,4,56,21,0.21508721933546682,0.0076904296875,True
rank,0.01,27,14,8192,4,56,21,0.21508721933546682,0.0076904296875,False
rank,0.01,28,14,16384,8,112,21,0.24311981864491441,0.00897216796875,True
rank,0.01,28,14,16384,8,112,21,0.24311981864491441,0.00897216796875,False
rank,0.01,29,15,16384,8,120,21,0.23816864122787995,0.00897216796875,True
rank,0.01,29,15,16384,8,120,21,0.23816864122787995,0.00897216796875,False
rank,0.01,30,15,32768,16,240,21,0.2635630198536173,0.009613037109375,True
rank,0.01,30,15,32768,16,240,21,0.2635630198536173,0.009613037109375,False
rank,0.01,31,16,32768,16,256,21,0.25806451612903225,0.009613037109375,True
rank,0.01,31,16,32768,16,256,21,0.25806451612903225,0.009613037109375,False
rank,0.01,32,16,65536,32,512,21,0.28125,0.0099334716796875,True
rank,0.01,32,16,65536,32,512,21,0.28125,0.0099334716796875,False
rank,0.01,33,17,65536,32,544,21,0.2753776618560709,0.0099334716796875,True
rank,0.01,33,17,65536,32,544,21,0.2753776618560709,0.0099334716796875,False
rank,0.01,34,17,131072,63,1071,21,0.2960218460220664,0.0099334716796875,True
rank,0.01,34,17,131072,63,1071,21,0.2960218460220664,0.0099334716796875,False
rank,0.01,35,18,131072,63,1134,21,0.2899201407126351,0.0099334716796875,True
rank,0.01,35,18,131072,63,1134,21,0.2899201407126351,0.0099334716796875,False
rank,0.01,36,18,262144,125,2250,21,0.30932525794734445,0.0099334716796875,True
rank,0.01,36,18,262144,125,2250,21,0.30932525794734445,0.0099334716796875,False
rank,0.01,37,19,262144,125,2375,21,0.30307329184069387,0.0099334716796875,True
rank,0.01,37,19,262144,125,2375,21,0.30307329184069387,0.0099334716796875,False
rank,0.01,38,19,524288,250,4750,21,0.3214134683712019,0.009973526000976562,True
rank,0.01,38,19,524288,250,4750,21,0.3214134683712019,0.009973526000976562,False
rank,0.01,39,20,524288,250,5000,21,0.31506954819357563,0.009973526000976562,True
rank,0.01,39,20,524288,250,5000,21,0.31506954819357563,0.009973526000976562,False
rank,0.01,40,20,1048576,500,10000,21,0.3321928094887362,0.009993553161621094,True
rank,0.01,40,20,1048576,500,10000,21,0.3321928094887362,0.009993553161621094,False
rank,0.01,41,21,1048576,500,10500,21,0.32580735871806943,0.009993553161621094,True
rank,0.01,41,21,1048576,500,10500,21,0.32580735871806943,0.009993553161621094,False
rank,0.01,42,21,2097152,999,20979,21,0.34182519739455186,0.009993553161621094,True
rank,0.01,42,21,2097152,999,20979,21,0.34182519739455186,0.009993553161621094,False
rank,0.01,43,22,2097152,999,21978,21,0.33543656945185385,0.009993553161621094,True
rank,0.01,43,22,2097152,999,21978,21,0.33543656945185385,0.009993553161621094,False
rank,0.01,44,22,4194304,1998,43956,21,0.3505402837824935,0.009998559951782227,True
rank,0.01,44,22,4194304,1998,43956,21,0.3505402837824935,0.009998559951782227,False
rank,0.01,45,23,4194304,1998,45954,21,0.34417561830776516,0.009998559951782227,True
rank,0.01,45,23,4194304,1998,45954,21,0.34417561830776516,0.009998559951782227,False
rank,0.01,46,23,8388608,3995,91885,21,0.3584248205189642,0.009998559951782227,True
rank,0.01,46,23,8388608,3995,91885,21,0.3584248205189642,0.009998559951782227,False
rank,0.01,47,24,8388608,3995,95880,21,0.3521051550752446,0.009998559951782227,True
rank,0.01,47,24,8388608,3995,95880,21,0.3521051550752446,0.009998559951782227,False
rank,0.01,48,24,16777216,7990,191760,21,0.3656029643445103,0.00999981164932251,True
rank,0.01,48,24,16777216,7990,191760,21,0.3656029643445103,0.00999981164932251,False
rank,0.01,49,25,16777216,7990,199750,21,0.35934359137938904,0.00999981164932251,True
rank,0.01,49,25,16777216,7990,199750,21,0.35934359137938904,0.00999981164932251,False
rank,0.01,50,25,33554432,15979,399475,21,0.3721549138694691,0.00999981164932251,True
rank,0.01,50,25,33554432,15979,399475,21,0.3721549138694691,0.00999981164932251,False
rank,0.01,51,26,33554432,15979,415454,21,0.3659672396439181,0.00999981164932251,True
rank,0.01,51,26,33554432,15979,415454,21,0.3659672396439181,0.00999981164932251,False
rank,0.01,52,26,67108864,31957,830882,21,0.3781593091858208,0.00999981164932251,True
rank,0.01,52,26,67108864,31957,830882,21,0.3781593091858208,0.00999981164932251,False
rank,0.01,53,27,67108864,31957,862839,21,0.3720515445600954,0.00999981164932251,True
rank,0.01,53,27,67108864,31957,862839,21,0.3720515445600954,0.00999981164932251,False
rank,0.01,54,27,134217728,63914,1725678,21,0.3836802196608344,0.009999968111515045,True
rank,0.01,54,27,134217728,63914,1725678,21,0.3836802196608344,0.009999968111515045,False
rank,0.01,55,28,134217728,63914,1789592,21,0.37765816875598535,0.009999968111515045,True
rank,0.01,55,28,134217728,63914,1789592,21,0.37765816875598535,0.009999968111515045,False
rank,0.01,56,28,268435456,127827,3579156,21,0.3887712142020389,0.009999968111515045,True
rank,0.01,56,28,268435456,127827,3579156,21,0.3887712142020389,0.009999968111515045,False
rank,0.01,57,29,268435456,127827,3706983,21,0.382838843304985,0.009999968111515045,True
rank,0.01,57,29,268435456,127827,3706983,21,0.382838843304985,0.009999968111515045,False
rank,0.01,58,29,536870912,255653,7413937,21,0.39347945560721603,0.009999968111515045,True
rank,0.01,58,29,536870912,255653,7413937,21,0.39347945560721603,0.009999968111515045,False
rank,0.01,59,30,536870912,255653,7669590,21,0.3876392885711776,0.009999968111515045,True
rank,0.01,59,30,536870912,255653,7669590,21,0.3876392885711776,0.009999968111515045,False
rank,0.01,60,30,1073741824,511306,15339180,21,0.3978453004283246,0.009999987669289112,True
rank,0.01,60,30,1073741824,511306,15339180,21,0.3978453004283246,0.009999987669289112,False
rank,0.01,61,31,1073741824,511306,15850486,21,0.3920987498438989,0.009999987669289112,True
rank,0.01,61,31,1073741824,511306,15850486,21,0.3920987498438989,0.009999987669289112,False
rank,0.01,62,31,2147483648,1022612,31700972,21,0.40190360871738445,0.009999997448176146,True
rank,0.01,62,31,2147483648,1022612,31700972,21,0.40190360871738445,0.009999997448176146,False
rank,0.01,63,32,2147483648,1022612,32723584,21,0.39625122904906285,0.009999997448176146,True
rank,0.01,63,32,2147483648,1022612,32723584,21,0.39625122904906285,0.009999997448176146,False
rank,0.01,64,32,4294967296,2045223,65447136,21,0.4056847925733391,0.009999997448176146,True
rank,0.01,64,32,4294967296,2045223,65447136,21,0.4056847925733391,0.009999997448176146,False
rank,0.01,65,33,4294967296,2045223,67492359,21,0.40012647452387934,0.009999997448176146,True
rank,0.01,65,33,4294967296,2045223,67492359,21,0.40012647452387934,0.009999997448176146,False
rank,0.01,66,33,8589934592,4090446,134984718,21,0.4092154673341236,0.009999999892897904,True
rank,0.01,66,33,8589934592,4090446,134984718,21,0.4092154673341236,0.009999999892897904,False
rank,0.01,67,34,8589934592,4090446,139075164,21,0.40375059053647827,0.009999999892897904,True
rank,0.01,67,34,8589934592,4090446,139075164,21,0.40375059053647827,0.009999999892897904,False
rank,0.01,68,34,17179869184,8180891,278150294,21,0.4125189616116864,0.009999999892897904,True
rank,0.01,68,34,17179869184,8180891,278150294,21,0.4125189616116864,0.009999999892897904,False
rank,0.01,69,35,17179869184,8180891,286331185,21,0.4071465154389754,0.009999999892897904,True
rank,0.01,69,35,17179869184,8180891,286331185,21,0.4071465154389754,0.009999999892897904,False
rank,0.01,70,35,34359738368,16361781,572662335,21,0.4156158496730659,0.009999999892897904,True
rank,0.01,70,35,34359738368,16361781,572662335,21,0.4156158496730659,0.009999999892897904,False
rank,0.01,71,36,34359738368,16361781,589024116,21,0.41033452762833744,0.009999999892897904,True
rank,0.01,71,36,34359738368,16361781,589024116,21,0.41033452762833744,0.009999999892897904,False
rank,0.01,72,36,68719476736,32723561,1178048196,21,0.4185243252433974,0.009999999892897904,True
rank,0.01,72,36,68719476736,32723561,1178048196,21,0.4185243252433974,0.009999999892897904,False
rank,0.01,73,37,68719476736,32723561,1210771757,21,0.4133325997494691,0.009999999892897904,True
rank,0.01,73,37,68719476736,32723561,1210771757,21,0.4133325997494691,0.009999999892897904,False
rank,0.01,74,37,137438953472,65447121,2421543477,21,0.42126053729280505,0.009999999892897904,True
rank,0.01,74,37,137438953472,65447121,2421543477,21,0.42126053729280505,0.009999999892897904,False
rank,0.01,75,38,137438953472,65447121,2486990598,21,0.41615671876642946,0.009999999892897904,True
rank,0.01,75,38,137438953472,65447121,2486990598,21,0.41615671876642946,0.009999999892897904,False
rank,0.01,76,38,274877906944,130894242,4973981196,21,0.42383886720371333,0.009999999969295459,True
rank,0.01,76,38,274877906944,130894242,4973981196,21,0.42383886720371333,0.009999999969295459,False
rank,0.01,77,39,274877906944,130894242,5104875438,21,0.4188211508168944,0.009999999969295459,True
rank,0.01,77,39,274877906944,130894242,5104875438,21,0.4188211508168944,0.009999999969295459,False
rank,0.01,78,39,549755813888,261788483,10209750837,21,0.4262721616332045,0.009999999969295459,True
rank,0.01,78,39,549755813888,261788483,10209750837,21,0.4262721616332045,0.009999999969295459,False
rank,0.01,79,40,549755813888,261788483,10471539320,21,0.42133866434702616,0.009999999969295459,True
rank,0.01,79,40,549755813888,261788483,10471539320,21,0.42133866434702616,0.009999999969295459,False
rank,0.01,80,40,1099511627776,523576966,20943078640,21,0.42857193104268837,0.009999999988394848,True
rank,0.01,80,40,1099511627776,523576966,20943078640,21,0.42857193104268837,0.009999999988394848,False
exact-threshold,0.01,12,6,64,1,6,15,0.215413541726763,0.0,True
exact-threshold,0.01,12,6,64,1,6,15,0.215413541726763,0.0,False
exact-threshold,0.01,13,7,64,1,7,21,0.2159503786198157,0.0,True
exact-threshold,0.01,13,7,64,1,7,21,0.2159503786198157,0.0,False
exact-threshold,0.01,14,7,128,1,7,21,0.20052535157554316,0.0,True
exact-threshold,0.01,14,7,128,1,7,21,0.20052535157554316,0.0,False
exact-threshold,0.01,15,8,128,1,8,28,0.2,0.0,True
exact-threshold,0.01,15,8,128,1,8,28,0.2,0.0,False
exact-threshold,0.01,16,8,256,1,8,28,0.1875,0.0,True
exact-threshold,0.01,16,8,256,1,8,28,0.1875,0.0,False
exact-threshold,0.01,17,9,256,1,9,36,0.18646617655543013,0.0,True
exact-threshold,0.01,17,9,256,1,9,36,0.18646617655543013,0.0,False
exact-threshold,0.01,18,9,512,1,9,36,0.1761069445245729,0.0,True
exact-threshold,0.01,18,9,512,1,9,36,0.1761069445245729,0.0,False
exact-threshold,0.01,19,10,512,1,10,45,0.1748383207835454,0.0,True
exact-threshold,0.01,19,10,512,1,10,45,0.1748383207835454,0.0,False
exact-threshold,0.01,20,10,1024,1,10,45,0.1660964047443681,0.0,True
exact-threshold,0.01,20,10,1024,1,10,45,0.1660964047443681,0.0,False
exact-threshold,0.01,21,11,1024,1,11,55,0.16473483898272845,0.0,True
exact-threshold,0.01,21,11,1024,1,11,55,0.16473483898272845,0.0,False
exact-threshold,0.01,22,11,2048,1,11,55,0.1572468917562408,0.0,True
exact-threshold,0.01,22,11,2048,1,11,55,0.1572468917562408,0.0,False
exact-threshold,0.01,23,12,2048,1,12,66,0.1558679348139633,0.0,True
exact-threshold,0.01,23,12,2048,1,12,66,0.1558679348139633,0.0,False
exact-threshold,0.01,24,12,4096,1,12,66,0.14937343753004817,0.0,True
exact-threshold,0.01,24,12,4096,1,12,66,0.14937343753004817,0.0,False
exact-threshold,0.01,25,13,4096,1,13,78,0.1480175887256437,0.0,True
exact-threshold,0.01,25,13,4096,1,13,78,0.1480175887256437,0.0,False
exact-threshold,0.01,26,13,8192,1,13,78,0.14232460454388815,0.0,True
exact-threshold,0.01,26,13,8192,1,13,78,0.14232460454388815,0.0,False
exact-threshold,0.01,27,14,8192,1,14,91,0.14101314526139275,0.0,True
exact-threshold,0.01,27,14,8192,1,14,91,0.14101314526139275,0.0,False
exact-threshold,0.01,28,14,16384,1,14,91,0.1359769615020573,0.0,True
exact-threshold,0.01,28,14,16384,2,18,153,0.14892589290865402,0.00933837890625,False
exact-threshold,0.01,29,15,16384,1,15,105,0.134720365365811,0.0,True
exact-threshold,0.01,29,15,16384,2,18,153,0.14379051729111422,0.00933837890625,False
exact-threshold,0.01,30,15,32768,1,15,105,0.13022968652028397,0.0,True
exact-threshold,0.01,30,15,32768,2,26,325,0.15668132393803638,0.009918212890625,False
exact-threshold,0.01,31,16,32768,1,16,120,0.12903225806451613,0.0,True
exact-threshold,0.01,31,16,32768,2,26,325,0.1516270876819707,0.009918212890625,False
exact-threshold,0.01,32,16,65536,2,32,496,0.15625,0.007568359375,True
exact-threshold,0.01,32,16,65536,2,32,496,0.15625,0.007568359375,False
exact-threshold,0.01,33,17,65536,2,34,561,0.15416554064394966,0.0085601806640625,True
exact-threshold,0.01,33,17,65536,2,34,561,0.15416554064394966,0.0085601806640625,False
exact-threshold,0.01,34,17,131072,2,34,561,0.14963126003677468,0.00428009033203125,True
exact-threshold,0.01,34,17,131072,3,36,630,0.15205661768947976,0.009613037109375,False
exact-threshold,0.01,35,18,131072,2,36,630,0.14771214289835177,0.0048065185546875,True
exact-threshold,0.01,35,18,131072,2,36,630,0.14771214289835177,0.0048065185546875,False
exact-threshold,0.01,36,18,262144,2,36,630,0.14360902781784202,0.00240325927734375,True
exact-threshold,0.01,36,18,262144,3,51,1275,0.1575673706103193,0.00972747802734375,False
exact-threshold,0.01,37,19,262144,2,38,703,0.14183587874171852,0.002681732177734375,True
exact-threshold,0.01,37,19,262144,3,51,1275,0.15330879302625663,0.00972747802734375,False
exact-threshold,0.01,38,19,524288,3,57,1596,0.15349710563591423,0.0060882568359375,True
exact-threshold,0.01,38,19,524288,4,59,1711,0.15480639603583793,0.009790420532226562,False
exact-threshold,0.01,39,20,524288,3,60,1770,0.15145873322073125,0.00675201416015625,True
exact-threshold,0.01,39,20,524288,3,60,1770,0.15145873322073125,0.00675201416015625,False
exact-threshold,0.01,40,20,1048576,4,80,3160,0.15804820237218406,0.00904083251953125,True
exact-threshold,0.01,40,20,1048576,4,80,3160,0.15804820237218406,0.00904083251953125,False
exact-threshold,0.01,41,21,1048576,4,84,3486,0.15591018104338442,0.009973526000976562,True
exact-threshold,0.01,41,21,1048576,4,84,3486,0.15591018104338442,0.009973526000976562,False
exact-threshold,0.01,42,21,2097152,4,84,3486,0.15219803387568479,0.004986763000488281,True
exact-threshold,0.01,42,21,2097152,5,102,5151,0.15886727004694037,0.009824752807617188,False
exact-threshold,0.01,43,22,2097152,4,88,3828,0.15021933996830925,0.0054759979248046875,True
exact-threshold,0.01,43,22,2097152,5,102,5151,0.15517268237143012,0.009824752807617188,False
exact-threshold,0.01,44,22,4194304,5,110,5995,0.154121811671015,0.005717277526855469,True
exact-threshold,0.01,44,22,4194304,6,130,8385,0.15959926847791941,0.009995698928833008,False
exact-threshold,0.01,45,23,4194304,5,115,6555,0.15212200113209723,0.006251335144042969,True
exact-threshold,0.01,45,23,4194304,6,130,8385,0.15605261806729898,0.009995698928833008,False
exact-threshold,0.01,46,23,8388608,7,161,12880,0.15936775821988297,0.009212493896484375,True
exact-threshold,0.01,46,23,8388608,7,161,12880,0.15936775821988297,0.009212493896484375,False
exact-threshold,0.01,47,24,8388608,6,144,10296,0.15255159577536834,0.006136894226074219,True
exact-threshold,0.01,47,24,8388608,7,167,13861,0.15710009132923514,0.009914159774780273,False
exact-threshold,0.01,48,24,16777216,8,192,18336,0.15802005209835743,0.0076503753662109375,True
exact-threshold,0.01,48,24,16777216,9,205,20910,0.1599891687396968,0.009970664978027344,False
exact-threshold,0.01,49,25,16777216,8,200,19900,0.15599706509744335,0.008302927017211914,True
exact-threshold,0.01,49,25,16777216,9,205,20910,0.15672408366337645,0.009970664978027344,False
exact-threshold,0.01,50,25,33554432,10,250,31125,0.15931568569324173,0.00834837555885315,True
exact-threshold,0.01,50,25,33554432,11,259,33411,0.1603361657537311,0.00995725393295288,False
exact-threshold,0.01,51,26,33554432,10,260,33670,0.1573013296672246,0.00903099775314331,True
exact-threshold,0.01,51,26,33554432,10,260,33670,0.1573013296672246,0.00903099775314331,False
exact-threshold,0.01,52,26,67108864,12,312,48516,0.15933465805504324,0.007952392101287842,True
exact-threshold,0.01,52,26,67108864,13,334,55611,0.16122508254757792,0.009944021701812744,False
exact-threshold,0.01,53,27,67108864,12,324,52326,0.15735566043178537,0.008576899766921997,True
exact-threshold,0.01,53,27,67108864,13,334,55611,0.15818309985800097,0.009944021701812744,False
exact-threshold,0.01,54,27,134217728,15,405,81810,0.16040329810688866,0.008533447980880737,True
exact-threshold,0.01,54,27,134217728,16,423,89253,0.16156507135407314,0.009974800050258636,False
exact-threshold,0.01,55,28,134217728,15,420,87990,0.15844082759392952,0.009178072214126587,True
exact-threshold,0.01,55,28,134217728,16,423,89253,0.1586275246021809,0.009974800050258636,False
exact-threshold,0.01,56,28,268435456,19,532,141246,0.16170147206252122,0.009471282362937927,True
exact-threshold,0.01,56,28,268435456,19,532,141246,0.16170147206252122,0.009471282362937927,False
exact-threshold,0.01,57,29,268435456,18,522,135981,0.15838431572929623,0.008611667901277542,True
exact-threshold,0.01,57,29,268435456,19,546,148785,0.15952205510385706,0.009976811707019806,False
exact-threshold,0.01,58,29,536870912,23,667,222111,0.16175074053766525,0.009101707488298416,True
exact-threshold,0.01,58,29,536870912,24,683,232903,0.16234037531534637,0.009977759793400764,False
exact-threshold,0.01,59,30,536870912,23,690,237705,0.15983817884178866,0.009740721434354782,True
exact-threshold,0.01,59,30,536870912,23,690,237705,0.15983817884178866,0.009740721434354782,False
exact-threshold,0.01,60,30,1073741824,29,870,378015,0.1627478598456015,0.009857509285211563,True
exact-threshold,0.01,60,30,1073741824,29,870,378015,0.1627478598456015,0.009857509285211563,False
exact-threshold,0.01,61,31,1073741824,28,868,376278,0.1600254300400734,0.009461777284741402,True
exact-threshold,0.01,61,31,1073741824,29,876,383250,0.160242410813134,0.0099940225481987,False
exact-threshold,0.01,62,31,2147483648,35,1085,588070,0.16263676334406196,0.009310608729720116,True
exact-threshold,0.01,62,31,2147483648,36,1108,613278,0.16312487364595465,0.00999529380351305,False
exact-threshold,0.01,63,32,2147483648,35,1120,626640,0.16078227011023757,0.009921267628669739,True
exact-threshold,0.01,63,32,2147483648,35,1120,626640,0.16078227011023757,0.009921267628669739,False
exact-threshold,0.01,64,32,4294967296,44,1408,990528,0.16342861904120776,0.009916886687278748,True
exact-threshold,0.01,64,32,4294967296,44,1408,990528,0.16342861904120776,0.009916886687278748,False
exact-threshold,0.01,65,33,4294967296,43,1419,1006071,0.16108705960093156,0.009838254656642675,True
exact-threshold,0.01,65,33,4294967296,43,1419,1006071,0.16108705960093156,0.009838254656642675,False
exact-threshold,0.01,66,33,8589934592,54,1782,1586871,0.16362547911396852,0.009791013202629983,True
exact-threshold,0.01,66,33,8589934592,55,1784,1590436,0.16364999848364098,0.009998160414397717,False
exact-threshold,0.01,67,34,8589934592,53,1802,1622701,0.16142363128079906,0.009823177475482225,True
exact-threshold,0.01,67,34,8589934592,53,1802,1622701,0.16142363128079906,0.009823177475482225,False
exact-threshold,0.01,68,34,17179869184,67,2278,2593503,0.16402282399570753,0.00996347505133599,True
exact-threshold,0.01,68,34,17179869184,67,2278,2593503,0.16402282399570753,0.00996347505133599,False
exact-threshold,0.01,69,35,17179869184,65,2275,2586675,0.1616181279706293,0.009636115282773972,True
exact-threshold,0.01,69,35,17179869184,66,2299,2641551,0.1618375471118577,0.009994302818085998,False
exact-threshold,0.01,70,35,34359738368,82,2870,4117015,0.16409764316518644,0.00970549343037419,True
exact-threshold,0.01,70,35,34359738368,83,2895,4189065,0.16427639475538,0.009997262677643448,False
exact-threshold,0.01,71,36,34359738368,81,2916,4250070,0.1621095071031963,0.009895465336740017,True
exact-threshold,0.01,71,36,34359738368,81,2916,4250070,0.1621095071031963,0.009895465336740017,False
exact-threshold,0.01,72,36,68719476736,102,3672,6739956,0.16447708810296954,0.009906006103847176,True
exact-threshold,0.01,72,36,68719476736,102,3672,6739956,0.16447708810296954,0.009906006103847176,False
exact-threshold,0.01,73,37,68719476736,100,3700,6843150,0.16237410349868048,0.009858512930804864,True
exact-threshold,0.01,73,37,68719476736,101,3707,6869071,0.16241145753176925,0.009995813888963312,False
exact-threshold,0.01,74,37,137438953472,126,4662,10864791,0.16468558498822794,0.009881469850370195,True
exact-threshold,0.01,74,37,137438953472,127,4671,10906785,0.16472318553784046,0.009999020476243459,False
exact-threshold,0.01,75,38,137438953472,124,4712,11099116,0.16269498431773946,0.009933073801221326,True
exact-threshold,0.01,75,38,137438953472,124,4712,11099116,0.16269498431773946,0.009933073801221326,False
exact-threshold,0.01,76,38,274877906944,156,5928,17567628,0.1649122333198136,0.009906152045005001,True
exact-threshold,0.01,76,38,274877906944,157,5936,17615080,0.16493783390290528,0.009996992885135114,False
exact-threshold,0.01,77,39,274877906944,153,5967,17799561,0.16289337742279092,0.009842672705417499,True
exact-threshold,0.01,77,39,274877906944,154,5994,17961021,0.16297796582485163,0.009997297504014568,False
exact-threshold,0.01,78,39,549755813888,193,7527,28324101,0.16510075969397858,0.009892078000120819,True
exact-threshold,0.01,78,39,549755813888,194,7548,28482378,0.16515229112308263,0.009999164747569012,False
exact-threshold,0.01,79,40,549755813888,190,7600,28876200,0.16318713548377609,0.009927319842972793,True
exact-threshold,0.01,79,40,549755813888,191,7607,28929421,0.1632039479710292,0.009998238947446225,False
exact-threshold,0.01,80,40,1099511627776,239,9560,45692020,0.1652849362858514,0.009890482724586036,True
exact-threshold,0.01,80,40,1099511627776,240,9592,45998436,0.1653451992926778,0.00999864478581003,False
