file,source_branch,source_commit,source_sha256,local_sha256,change
itw2027/matlab/noisy/K_calculator.m,noisy_channel_revised,20ed9cd1a909836ab2907397c4c5ef7b9afa17e2,1f7c19b879fe6db89aa23e189ecbd61d68ba5b2a04db08c1c95686eda0dffce5,3bd024ec7fd659a623d62762ca752dbe19b09b79924b25c91054fe47480b16b8,trailing whitespace normalization only
itw2027/matlab/noisy/bits_to_symbols_uint32.m,noisy_channel_revised,20ed9cd1a909836ab2907397c4c5ef7b9afa17e2,3acd5376df8e0285a074d594bc0792ce3e519fb667ea9da1af9073e7cbd3c1ea,3acd5376df8e0285a074d594bc0792ce3e519fb667ea9da1af9073e7cbd3c1ea,trailing whitespace normalization only
itw2027/matlab/noisy/build_valid_symbols_vec.m,noisy_channel_revised,20ed9cd1a909836ab2907397c4c5ef7b9afa17e2,e169895d48ff859a3e380328dbd12a7d1fd6116939bd7afdafd4e5239bfed610,e169895d48ff859a3e380328dbd12a7d1fd6116939bd7afdafd4e5239bfed610,trailing whitespace normalization only
itw2027/matlab/noisy/decode_bfc_tuples_vec.m,noisy_channel_revised,20ed9cd1a909836ab2907397c4c5ef7b9afa17e2,c8c8cf5b51c2240abc6c90fccac6513f45f03703526c2998fe9327bb513c683a,c8c8cf5b51c2240abc6c90fccac6513f45f03703526c2998fe9327bb513c683a,trailing whitespace normalization only
itw2027/matlab/noisy/decode_received_bfc.m,noisy_channel_revised,20ed9cd1a909836ab2907397c4c5ef7b9afa17e2,e178a1265512143a4a75152692bccbec19daabef9e425878f46e2217e31eeeca,e178a1265512143a4a75152692bccbec19daabef9e425878f46e2217e31eeeca,trailing whitespace normalization only
itw2027/matlab/noisy/derive_bfc_parameters.m,noisy_channel_revised,20ed9cd1a909836ab2907397c4c5ef7b9afa17e2,6274a5a94f04a5a3b7f2b3a65a24f5495f15a5ddf2efad241237c79a5b6fd782,6274a5a94f04a5a3b7f2b3a65a24f5495f15a5ddf2efad241237c79a5b6fd782,trailing whitespace normalization only
itw2027/matlab/noisy/dvbs2_ldpc_dimensions.m,noisy_channel_revised,20ed9cd1a909836ab2907397c4c5ef7b9afa17e2,eb0432d6f6fe326113b3037039707e1ed012dce69ce30f6cf2983ee4f4e269be,eb0432d6f6fe326113b3037039707e1ed012dce69ce30f6cf2983ee4f4e269be,trailing whitespace normalization only
itw2027/matlab/noisy/evaluate_boolean_function_vec.m,noisy_channel_revised,20ed9cd1a909836ab2907397c4c5ef7b9afa17e2,ee87a726723ec5b899a7158a6357eb57e9cafa71559911aff0d90c890d0414e5,57ff5fb09a67c8594ea80adbe549ab706554141a5786c1a64a6b83e174f93a7a,trailing whitespace normalization only
itw2027/matlab/noisy/evaluate_rs_positions_vec.m,noisy_channel_revised,20ed9cd1a909836ab2907397c4c5ef7b9afa17e2,5a9a4f743f3e28e742e8570bf9381f0832f5c0da54fe3495a5150cfe77692f35,5a9a4f743f3e28e742e8570bf9381f0832f5c0da54fe3495a5150cfe77692f35,trailing whitespace normalization only
itw2027/matlab/noisy/get_primpoly.m,noisy_channel_revised,20ed9cd1a909836ab2907397c4c5ef7b9afa17e2,741d827b2d29bc0afa63def3a1ad6f94f1f34e809f232a275215a26ed73c1344,741d827b2d29bc0afa63def3a1ad6f94f1f34e809f232a275215a26ed73c1344,trailing whitespace normalization only
itw2027/matlab/noisy/gf_mul_vec.m,noisy_channel_revised,20ed9cd1a909836ab2907397c4c5ef7b9afa17e2,7f4c13fdba206e2cfb73e2f40e19917a73761ec0ad3720a90403af3396947ba4,844a34725b654f8fafdf8ff778ace7bf8a0aa7c2aadeedf7d270f6693ffc8f9f,trailing whitespace normalization only
itw2027/matlab/noisy/gf_pow_vec.m,noisy_channel_revised,20ed9cd1a909836ab2907397c4c5ef7b9afa17e2,ecff83a2514a9594a9f7a93db3219aeed6d10c42ea927ff67dbc7060a44e108e,ecff83a2514a9594a9f7a93db3219aeed6d10c42ea927ff67dbc7060a44e108e,trailing whitespace normalization only
itw2027/matlab/noisy/noisy_channel_bank_file.m,noisy_channel_revised,20ed9cd1a909836ab2907397c4c5ef7b9afa17e2,24909c721f1ac9dde871da1c4e3a1b51b5a29f709c59202a5c26a89af3331ac5,24909c721f1ac9dde871da1c4e3a1b51b5a29f709c59202a5c26a89af3331ac5,trailing whitespace normalization only
itw2027/matlab/noisy/noisy_channel_config.m,noisy_channel_revised,20ed9cd1a909836ab2907397c4c5ef7b9afa17e2,b5f37fa84cf64a117684241b3da672c31d636e4b7263868469d04678f6adfe0c,b5f37fa84cf64a117684241b3da672c31d636e4b7263868469d04678f6adfe0c,trailing whitespace normalization only
itw2027/matlab/noisy/noisy_channel_confirmatory_configs.m,noisy_channel_revised,20ed9cd1a909836ab2907397c4c5ef7b9afa17e2,cc0c0f60677f939f60a8425aa22133c26a9416455c7bbbe1961fada7aee3c26e,c1f3599b3947871dd1d6b98e53ad65a4ca3e7ac1f3d727986838dd4bf785408a,Added isolated threshold_nt40 experiment; historical configurations preserved
itw2027/matlab/noisy/noisy_channel_result_file.m,noisy_channel_revised,20ed9cd1a909836ab2907397c4c5ef7b9afa17e2,cfca6af9a783191b1193192f52f24d58d7abc466649d171954492642f67cecee,cfca6af9a783191b1193192f52f24d58d7abc466649d171954492642f67cecee,trailing whitespace normalization only
itw2027/matlab/noisy/pack_bfc_tuples.m,noisy_channel_revised,20ed9cd1a909836ab2907397c4c5ef7b9afa17e2,fb872de6258fa55d76f2149a2bb93da9d8119006dabc0eecc9e533908bc37867,fb872de6258fa55d76f2149a2bb93da9d8119006dabc0eecc9e533908bc37867,trailing whitespace normalization only
itw2027/matlab/noisy/positions_to_symbols.m,noisy_channel_revised,20ed9cd1a909836ab2907397c4c5ef7b9afa17e2,e7535263a1cded4c0f6ab8431b77b1141ac67cf1906f1d45beaa0f038565175b,e7535263a1cded4c0f6ab8431b77b1141ac67cf1906f1d45beaa0f038565175b,trailing whitespace normalization only
itw2027/matlab/noisy/prepare_bfc_source_bank.m,noisy_channel_revised,20ed9cd1a909836ab2907397c4c5ef7b9afa17e2,465ca83dc5a0dad9ec9da58dba66726fd1f25d5592d74976bdc63a33a9dec530,465ca83dc5a0dad9ec9da58dba66726fd1f25d5592d74976bdc63a33a9dec530,trailing whitespace normalization only
itw2027/matlab/noisy/rate_calculation.m,noisy_channel_revised,20ed9cd1a909836ab2907397c4c5ef7b9afa17e2,a760e4ad382d4ef67462d274176c8a4cada938e59abeed9411368c0b714abcf4,4269eb9e92ee2584d97448895342055cb738b191fcf214cc158fd7a661751091,trailing whitespace normalization only
itw2027/matlab/noisy/rs_encode_polynomial_vec.m,noisy_channel_revised,20ed9cd1a909836ab2907397c4c5ef7b9afa17e2,00cc9f207867a491fb328caa1775349d0fd75fdc19676c2215e53c6691c7f914,a6a897de244d794dbe0211e2412c110cd8df97d93b2c04f08e149cbe6ca448a0,trailing whitespace normalization only
itw2027/matlab/noisy/rs_evaluation_points.m,noisy_channel_revised,20ed9cd1a909836ab2907397c4c5ef7b9afa17e2,fbca3f314845f7f21a2589658651bbe12053487991ec94aeb2e6dd01be87cb14,fbca3f314845f7f21a2589658651bbe12053487991ec94aeb2e6dd01be87cb14,trailing whitespace normalization only
itw2027/matlab/noisy/rs_evaluation_points_at.m,noisy_channel_revised,20ed9cd1a909836ab2907397c4c5ef7b9afa17e2,685f9a0ee51e2129cbef0072f5ee2700973f3487d355618c0d3d36e7981cdb7c,685f9a0ee51e2129cbef0072f5ee2700973f3487d355618c0d3d36e7981cdb7c,trailing whitespace normalization only
itw2027/matlab/noisy/run_noisy_channel_point.m,noisy_channel_revised,20ed9cd1a909836ab2907397c4c5ef7b9afa17e2,9f61a98370543b4922121e010232023f08bae21468e437a1317c3304599d090f,9f61a98370543b4922121e010232023f08bae21468e437a1317c3304599d090f,trailing whitespace normalization only
itw2027/matlab/noisy/symbols_to_bits_logical.m,noisy_channel_revised,20ed9cd1a909836ab2907397c4c5ef7b9afa17e2,77e5ee3aefffcf82e2ee0684275a8c70398ceac3ece4fd68681cfca312be5c13,77e5ee3aefffcf82e2ee0684275a8c70398ceac3ece4fd68681cfca312be5c13,trailing whitespace normalization only
itw2027/matlab/noisy/transmit_bpsk_llr.m,noisy_channel_revised,20ed9cd1a909836ab2907397c4c5ef7b9afa17e2,392384a49cb7d629c628c7b936965f4c5c44497da5d7d1b66038aaf9f86ae69d,392384a49cb7d629c628c7b936965f4c5c44497da5d7d1b66038aaf9f86ae69d,trailing whitespace normalization only
itw2027/matlab/noisy/unpack_bfc_tuples.m,noisy_channel_revised,20ed9cd1a909836ab2907397c4c5ef7b9afa17e2,ee59d79f5249852cbb5bbe223d7f7487a52a6700e4d79eb755510640068cef46,ee59d79f5249852cbb5bbe223d7f7487a52a6700e4d79eb755510640068cef46,trailing whitespace normalization only
