experiment,family,n_t,m,K,T,S,bound,G,padding,R_c,payload_rate,n_eff,R_eff,unpacked_rate,packing_gain,ebno_db,frames,frame_errors,fer,fer_lower95,fer_upper95,fpr,fnr,noiseless_fpr,fpr_lower95,fpr_upper95,fnr_lower95,fnr_upper95,max_error,max_lower95,max_upper95,fp_count,fn_count,negative_trials,positive_trials,bad_frame_given_negative,bad_frame_given_positive,zero_frame_upper95,fpr_zero_upper95,fnr_zero_upper95,diagnostic_fp_envelope,runtime_hours,seed,source
rate_pareto,exact-threshold,42,168,8,2097152,14028,0.04682350158691406,514,12,0.3333333333333333,0.33314814814814814,126.07003891050584,0.0586365919029056,0.00011407897257374631,514,1,2500,0,0.0,0,0.001474463690359561,0.00657431906614786,0.0,0.00657431906614786,0.006373540856031128,0.006775097276264592,0,0,0.00657431906614786,0.006373540856031128,0.006775097276264592,4224,0,642500,642500,0.0,0.0,0.0011975752431599648,0.0011975752431599648,0.0011975752431599648,0.04682350158691406,0.8079177327777778,102053110,results/evidence/noisy/rate_pareto/exact-threshold/n_42/Rc_0p3333/points/result_n_42_awgn_ebno_p1p0.mat
rate_pareto,exact-threshold,42,168,8,2097152,14028,0.04682350158691406,514,12,0.3333333333333333,0.33314814814814814,126.07003891050584,0.0586365919029056,0.00011407897257374631,514,1.5,2500,0,0.0,0,0.001474463690359561,0.00657431906614786,0.0,0.00657431906614786,0.006375097276264592,0.006787548638132295,0,0,0.00657431906614786,0.006375097276264592,0.006787548638132295,4224,0,642500,642500,0.0,0.0,0.0011975752431599648,0.0011975752431599648,0.0011975752431599648,0.04682350158691406,0.40808341416666666,102557610,results/evidence/noisy/rate_pareto/exact-threshold/n_42/Rc_0p3333/points/result_n_42_awgn_ebno_p1p5.mat
rate_pareto,exact-threshold,42,168,8,2097152,14028,0.04682350158691406,514,12,0.3333333333333333,0.33314814814814814,126.07003891050584,0.0586365919029056,0.00011407897257374631,514,2,2500,0,0.0,0,0.001474463690359561,0.00657431906614786,0.0,0.00657431906614786,0.006376653696498055,0.00676887159533074,0,0,0.00657431906614786,0.006376653696498055,0.00676887159533074,4224,0,642500,642500,0.0,0.0,0.0011975752431599648,0.0011975752431599648,0.0011975752431599648,0.04682350158691406,0.42114933027777773,103062110,results/evidence/noisy/rate_pareto/exact-threshold/n_42/Rc_0p3333/points/result_n_42_awgn_ebno_p2p0.mat
rate_pareto,exact-threshold,42,168,8,2097152,14028,0.04682350158691406,514,12,0.3333333333333333,0.33314814814814814,126.07003891050584,0.0586365919029056,0.00011407897257374631,514,2.5,2500,0,0.0,0,0.001474463690359561,0.00657431906614786,0.0,0.00657431906614786,0.006370428015564203,0.00676420233463035,0,0,0.00657431906614786,0.006370428015564203,0.00676420233463035,4224,0,642500,642500,0.0,0.0,0.0011975752431599648,0.0011975752431599648,0.0011975752431599648,0.04682350158691406,0.48905863611111117,103566610,results/evidence/noisy/rate_pareto/exact-threshold/n_42/Rc_0p3333/points/result_n_42_awgn_ebno_p2p5.mat
rate_pareto,exact-threshold,42,168,8,2097152,14028,0.04682350158691406,617,6,0.4,0.39990740740740743,105.02431118314425,0.07038672607800146,0.00011407897257374631,617,1,2500,0,0.0,0,0.001474463690359561,0.006648946515397083,0.0,0.006648946515397083,0.006473981544030984,0.006832983472478117,0,0,0.006648946515397083,0.006473981544030984,0.006832983472478117,5128,0,771250,771250,0.0,0.0,0.0011975752431599648,0.0011995162078976634,0.0011995162078976634,0.04682350158691406,0.5001035408333333,102053110,results/evidence/noisy/rate_pareto/exact-threshold/n_42/Rc_0p4/points/result_n_42_awgn_ebno_p1p0.mat
rate_pareto,exact-threshold,42,168,8,2097152,14028,0.04682350158691406,617,6,0.4,0.39990740740740743,105.02431118314425,0.07038672607800146,0.00011407897257374631,617,1.5,2500,1,0.0004,1.0127071914576963e-05,0.002226620698675696,0.006648946515397083,2.593192868719611e-06,0.006648946515397083,0.006468677674699029,0.0068252393825647805,0.0,7.779830788680346e-06,0.006648946515397083,0.006468677674699029,0.0068252393825647805,5128,2,771250,771250,0.0004006482982171799,0.0003993517017828201,0.0011975752431599648,0.0011995162078976634,0.0011995162078976634,0.04722350158691406,0.35590536166666664,102557610,results/evidence/noisy/rate_pareto/exact-threshold/n_42/Rc_0p4/points/result_n_42_awgn_ebno_p1p5.mat
rate_pareto,exact-threshold,42,168,8,2097152,14028,0.04682350158691406,617,6,0.4,0.39990740740740743,105.02431118314425,0.07038672607800146,0.00011407897257374631,617,2,2500,0,0.0,0,0.001474463690359561,0.006648946515397083,0.0,0.006648946515397083,0.0064814250577934635,0.006823783537087387,0,0,0.006648946515397083,0.0064814250577934635,0.006823783537087387,5128,0,771250,771250,0.0,0.0,0.0011975752431599648,0.0011995162078976634,0.0011995162078976634,0.04682350158691406,0.6000278583333333,103062110,results/evidence/noisy/rate_pareto/exact-threshold/n_42/Rc_0p4/points/result_n_42_awgn_ebno_p2p0.mat
rate_pareto,exact-threshold,42,168,8,2097152,14028,0.04682350158691406,617,6,0.4,0.39990740740740743,105.02431118314425,0.07038672607800146,0.00011407897257374631,617,2.5,2500,0,0.0,0,0.001474463690359561,0.006648946515397083,0.0,0.006648946515397083,0.006474866781625588,0.006824562199731582,0,0,0.006648946515397083,0.006474866781625588,0.006824562199731582,5128,0,771250,771250,0.0,0.0,0.0011975752431599648,0.0011995162078976634,0.0011995162078976634,0.04682350158691406,0.3974429022222222,103566610,results/evidence/noisy/rate_pareto/exact-threshold/n_42/Rc_0p4/points/result_n_42_awgn_ebno_p2p5.mat
rate_pareto,exact-threshold,42,168,8,2097152,14028,0.04682350158691406,771,18,0.5,0.49972222222222223,84.04669260700389,0.0879548878543584,0.00011407897257374631,771,1,2500,1,0.0004,1.0127071914576963e-05,0.002226620698675696,0.00669260700389105,0.00039740596627756163,0.006694682230869001,0.006533960615688561,0.00685645033431421,0.0,0.0011922451148041772,0.00669260700389105,0.006533960615688561,0.00685645033431421,6450,383,963750,963750,0.0003994811932555123,0.00040051880674448766,0.0011975752431599648,0.001199128518442922,0.001199128518442922,0.04722350158691406,0.9901301830555556,102053110,results/evidence/noisy/rate_pareto/exact-threshold/n_42/Rc_0p5/points/result_n_42_awgn_ebno_p1p0.mat
rate_pareto,exact-threshold,42,168,8,2097152,14028,0.04682350158691406,771,18,0.5,0.49972222222222223,84.04669260700389,0.0879548878543584,0.00011407897257374631,771,1.5,2500,1,0.0004,1.0127071914576963e-05,0.002226620698675696,0.006691569390402075,0.0003953307392996109,0.006694682230869001,0.006530630879279825,0.006854410698110212,0.0,0.0011860328291396747,0.006691569390402075,0.006530630879279825,0.006854410698110212,6449,381,963750,963750,0.00040051880674448766,0.0003994811932555123,0.0011975752431599648,0.001199128518442922,0.001199128518442922,0.04722350158691406,0.5835964088888889,102557610,results/evidence/noisy/rate_pareto/exact-threshold/n_42/Rc_0p5/points/result_n_42_awgn_ebno_p1p5.mat
rate_pareto,exact-threshold,42,168,8,2097152,14028,0.04682350158691406,771,18,0.5,0.49972222222222223,84.04669260700389,0.0879548878543584,0.00011407897257374631,771,2,2500,0,0.0,0,0.001474463690359561,0.006694682230869001,0.0,0.006694682230869001,0.006533852140077821,0.006859726835321938,0,0,0.006694682230869001,0.006533852140077821,0.006859726835321938,6452,0,963750,963750,0.0,0.0,0.0011975752431599648,0.001199128518442922,0.001199128518442922,0.04682350158691406,0.8238596736111111,103062110,results/evidence/noisy/rate_pareto/exact-threshold/n_42/Rc_0p5/points/result_n_42_awgn_ebno_p2p0.mat
rate_pareto,exact-threshold,42,168,8,2097152,14028,0.04682350158691406,771,18,0.5,0.49972222222222223,84.04669260700389,0.0879548878543584,0.00011407897257374631,771,2.5,2500,0,0.0,0,0.001474463690359561,0.006694682230869001,0.0,0.006694682230869001,0.006525571545229194,0.006857445241084491,0,0,0.006694682230869001,0.006525571545229194,0.006857445241084491,6452,0,963750,963750,0.0,0.0,0.0011975752431599648,0.001199128518442922,0.001199128518442922,0.04682350158691406,0.5010260180555556,103566610,results/evidence/noisy/rate_pareto/exact-threshold/n_42/Rc_0p5/points/result_n_42_awgn_ebno_p2p5.mat
rate_pareto,exact-threshold,42,168,8,2097152,14028,0.04682350158691406,925,30,0.6,0.5995370370370371,70.05405405405405,0.10552304963071533,0.00011407897257374631,925,1,2500,2499,0.9996,0.9977733793013243,0.9999898729280854,0.00671654054054054,0.9562395675675676,0.006682810810810811,0.006566207383869721,0.006860848365132396,0.9548512251739252,0.9573259694692535,0.9562395675675676,0.9548512251739252,0.9573259694692535,7766,1105652,1156250,1156250,0.9996004324324325,0.9995995675675675,0.0011975752431599648,0.0011988699190985162,0.0011988699190985162,1,1.7285515894444443,102053110,results/evidence/noisy/rate_pareto/exact-threshold/n_42/Rc_0p6/points/result_n_42_awgn_ebno_p1p0.mat
rate_pareto,exact-threshold,42,168,8,2097152,14028,0.04682350158691406,925,30,0.6,0.5995370370370371,70.05405405405405,0.10552304963071533,0.00011407897257374631,925,1.5,2500,0,0.0,0,0.001474463690359561,0.006682810810810811,0.0,0.006682810810810811,0.006537575708828365,0.00682989100023265,0,0,0.006682810810810811,0.006537575708828365,0.00682989100023265,7727,0,1156250,1156250,0.0,0.0,0.0011975752431599648,0.0011988699190985162,0.0011988699190985162,0.04682350158691406,0.6872479825,102557610,results/evidence/noisy/rate_pareto/exact-threshold/n_42/Rc_0p6/points/result_n_42_awgn_ebno_p1p5.mat
rate_pareto,exact-threshold,42,168,8,2097152,14028,0.04682350158691406,925,30,0.6,0.5995370370370371,70.05405405405405,0.10552304963071533,0.00011407897257374631,925,2,2500,0,0.0,0,0.001474463690359561,0.006682810810810811,0.0,0.006682810810810811,0.0065349697857107645,0.006832503342737395,0,0,0.006682810810810811,0.0065349697857107645,0.006832503342737395,7727,0,1156250,1156250,0.0,0.0,0.0011975752431599648,0.0011988699190985162,0.0011988699190985162,0.04682350158691406,1.6139579108333333,103062110,results/evidence/noisy/rate_pareto/exact-threshold/n_42/Rc_0p6/points/result_n_42_awgn_ebno_p2p0.mat
rate_pareto,exact-threshold,42,168,8,2097152,14028,0.04682350158691406,925,30,0.6,0.5995370370370371,70.05405405405405,0.10552304963071533,0.00011407897257374631,925,2.5,2500,0,0.0,0,0.001474463690359561,0.006682810810810811,0.0,0.006682810810810811,0.006524252768094121,0.006841957780683729,0,0,0.006682810810810811,0.006524252768094121,0.006841957780683729,7727,0,1156250,1156250,0.0,0.0,0.0011975752431599648,0.0011988699190985162,0.0011988699190985162,0.04682350158691406,0.6121934827777777,103566610,results/evidence/noisy/rate_pareto/exact-threshold/n_42/Rc_0p6/points/result_n_42_awgn_ebno_p2p5.mat
rate_pareto,exact-threshold,42,168,8,2097152,14028,0.04682350158691406,1028,24,0.6666666666666666,0.6662962962962963,63.03501945525292,0.1172731838058112,0.00011407897257374631,1028,1,2500,2500,1.0,0.9985255363096405,1,0.006596108949416342,0.9167953307392996,0.006688715953307393,0.006456809338521401,0.006730739299610895,0.9161470817120623,0.9174046692607004,0.9167953307392996,0.9161470817120623,0.9174046692607004,8476,1178082,1285000,1285000,1.0,1.0,0.0011975752431599648,0.0011975752431599648,0.0011975752431599648,1,2.413428054166667,102053110,results/evidence/noisy/rate_pareto/exact-threshold/n_42/Rc_0p6667/points/result_n_42_awgn_ebno_p1p0.mat
rate_pareto,exact-threshold,42,168,8,2097152,14028,0.04682350158691406,1028,24,0.6666666666666666,0.6662962962962963,63.03501945525292,0.1172731838058112,0.00011407897257374631,1028,1.5,2500,2499,0.9996,0.9977733793013243,0.9999898729280854,0.006519844357976654,0.5731688715953307,0.006688715953307393,0.0063844357976653695,0.006653696498054475,0.568736186770428,0.5774085603112841,0.5731688715953307,0.568736186770428,0.5774085603112841,8378,736522,1285000,1285000,0.9996,0.9996,0.0011975752431599648,0.0011975752431599648,0.0011975752431599648,1,2.077248043888889,102557610,results/evidence/noisy/rate_pareto/exact-threshold/n_42/Rc_0p6667/points/result_n_42_awgn_ebno_p1p5.mat
rate_pareto,exact-threshold,42,168,8,2097152,14028,0.04682350158691406,1028,24,0.6666666666666666,0.6662962962962963,63.03501945525292,0.1172731838058112,0.00011407897257374631,1028,2,2500,21,0.0084,0.005207035557708228,0.012811770769472482,0.006684824902723736,0.000664591439688716,0.006688715953307393,0.0065392996108949416,0.006830350194552529,0.00012217898832684825,0.0015735408560311284,0.006684824902723736,0.0065392996108949416,0.006830350194552529,8590,854,1285000,1285000,0.0084,0.0084,0.0011975752431599648,0.0011975752431599648,0.0011975752431599648,0.05522350158691406,1.2470783972222221,103062110,results/evidence/noisy/rate_pareto/exact-threshold/n_42/Rc_0p6667/points/result_n_42_awgn_ebno_p2p0.mat
rate_pareto,exact-threshold,42,168,8,2097152,14028,0.04682350158691406,1028,24,0.6666666666666666,0.6662962962962963,63.03501945525292,0.1172731838058112,0.00011407897257374631,1028,2.5,2500,4,0.0016,0.00043611280252176183,0.004091523994967701,0.00668715953307393,0.0007011673151750973,0.006688715953307393,0.006551750972762646,0.006822568093385214,0.0,0.001798443579766537,0.00668715953307393,0.006551750972762646,0.006822568093385214,8593,901,1285000,1285000,0.0016,0.0016,0.0011975752431599648,0.0011975752431599648,0.0011975752431599648,0.04842350158691406,0.49107479138888893,103566610,results/evidence/noisy/rate_pareto/exact-threshold/n_42/Rc_0p6667/points/result_n_42_awgn_ebno_p2p5.mat
rate_pareto,id,40,1310720,65536,1048576,1,0.062499046325683594,540,0,0.3333333333333333,0.3333333333333333,120.0,0.16934940079072802,0.0003136100014643111,540,1,2500,0,0.0,0,0.001474463690359561,4.444444444444444e-06,0.0,4.444444444444444e-06,0.0,1.037037037037037e-05,0,0,4.444444444444444e-06,0.0,1.037037037037037e-05,3,0,675000,675000,0.0,0.0,0.0011975752431599648,0.001197575243159965,0.001197575243159965,0.062499046325683594,3.0072658197222224,102051092,results/evidence/noisy/rate_pareto/id/n_40/Rc_0p3333/points/result_n_40_awgn_ebno_p1p0.mat
rate_pareto,id,40,1310720,65536,1048576,1,0.062499046325683594,540,0,0.3333333333333333,0.3333333333333333,120.0,0.16934940079072802,0.0003136100014643111,540,1.5,2500,1,0.0004,1.0127071914576963e-05,0.002226620698675696,4.444444444444444e-06,0.0003540740740740741,4.444444444444444e-06,0.0,1.037037037037037e-05,0.0,0.0010622222222222222,0.0003540740740740741,1.4814814814814815e-06,0.0010622222222222222,3,239,675000,675000,0.0004,0.0004,0.0011975752431599648,0.001197575243159965,0.001197575243159965,0.06289904632568359,2.9023510005555555,102555592,results/evidence/noisy/rate_pareto/id/n_40/Rc_0p3333/points/result_n_40_awgn_ebno_p1p5.mat
rate_pareto,id,40,1310720,65536,1048576,1,0.062499046325683594,540,0,0.3333333333333333,0.3333333333333333,120.0,0.16934940079072802,0.0003136100014643111,540,2,2500,0,0.0,0,0.001474463690359561,4.444444444444444e-06,0.0,4.444444444444444e-06,0.0,1.037037037037037e-05,0,0,4.444444444444444e-06,0.0,1.037037037037037e-05,3,0,675000,675000,0.0,0.0,0.0011975752431599648,0.001197575243159965,0.001197575243159965,0.062499046325683594,2.6226083052777778,103060092,results/evidence/noisy/rate_pareto/id/n_40/Rc_0p3333/points/result_n_40_awgn_ebno_p2p0.mat
rate_pareto,id,40,1310720,65536,1048576,1,0.062499046325683594,540,0,0.3333333333333333,0.3333333333333333,120.0,0.16934940079072802,0.0003136100014643111,540,2.5,2500,1,0.0004,1.0127071914576963e-05,0.002226620698675696,4.444444444444444e-06,0.00018814814814814814,4.444444444444444e-06,0.0,1.037037037037037e-05,0.0,0.0005644444444444445,0.00018814814814814814,1.4814814814814815e-06,0.0005644444444444445,3,127,675000,675000,0.0004,0.0004,0.0011975752431599648,0.001197575243159965,0.001197575243159965,0.06289904632568359,2.3438846941666664,103564592,results/evidence/noisy/rate_pareto/id/n_40/Rc_0p3333/points/result_n_40_awgn_ebno_p2p5.mat
rate_pareto,id,40,1310720,65536,1048576,1,0.062499046325683594,648,0,0.4,0.4,100.0,0.20321928094887362,0.0003136100014643111,648,1,2500,0,0.0,0,0.001474463690359561,3.7037037037037037e-06,0.0,3.7037037037037037e-06,0.0,8.641975308641975e-06,0,0,3.7037037037037037e-06,0.0,8.641975308641975e-06,3,0,810000,810000,0.0,0.0,0.0011975752431599648,0.0011975752431599648,0.0011975752431599648,0.062499046325683594,3.6665360686111113,102051092,results/evidence/noisy/rate_pareto/id/n_40/Rc_0p4/points/result_n_40_awgn_ebno_p1p0.mat
rate_pareto,id,40,1310720,65536,1048576,1,0.062499046325683594,648,0,0.4,0.4,100.0,0.20321928094887362,0.0003136100014643111,648,1.5,2500,1,0.0004,1.0127071914576963e-05,0.002226620698675696,3.7037037037037037e-06,0.0004,3.7037037037037037e-06,0.0,8.641975308641975e-06,0.0,0.0012,0.0004,1.234567901234568e-06,0.0012,3,324,810000,810000,0.0004,0.0004,0.0011975752431599648,0.0011975752431599648,0.0011975752431599648,0.06289904632568359,3.633148046388889,102555592,results/evidence/noisy/rate_pareto/id/n_40/Rc_0p4/points/result_n_40_awgn_ebno_p1p5.mat
rate_pareto,id,40,1310720,65536,1048576,1,0.062499046325683594,648,0,0.4,0.4,100.0,0.20321928094887362,0.0003136100014643111,648,2,2500,0,0.0,0,0.001474463690359561,3.7037037037037037e-06,0.0,3.7037037037037037e-06,0.0,8.641975308641975e-06,0,0,3.7037037037037037e-06,0.0,8.641975308641975e-06,3,0,810000,810000,0.0,0.0,0.0011975752431599648,0.0011975752431599648,0.0011975752431599648,0.062499046325683594,3.081294158611111,103060092,results/evidence/noisy/rate_pareto/id/n_40/Rc_0p4/points/result_n_40_awgn_ebno_p2p0.mat
rate_pareto,id,40,1310720,65536,1048576,1,0.062499046325683594,648,0,0.4,0.4,100.0,0.20321928094887362,0.0003136100014643111,648,2.5,2500,1,0.0004,1.0127071914576963e-05,0.002226620698675696,3.7037037037037037e-06,1.9753086419753087e-05,3.7037037037037037e-06,0.0,8.641975308641975e-06,0.0,5.925925925925926e-05,1.9753086419753087e-05,1.234567901234568e-06,5.925925925925926e-05,3,16,810000,810000,0.0004,0.0004,0.0011975752431599648,0.0011975752431599648,0.0011975752431599648,0.06289904632568359,2.957060288888889,103564592,results/evidence/noisy/rate_pareto/id/n_40/Rc_0p4/points/result_n_40_awgn_ebno_p2p5.mat
rate_pareto,id,40,1310720,65536,1048576,1,0.062499046325683594,810,0,0.5,0.5,80.0,0.25402410118609203,0.0003136100014643111,810,1,2500,2,0.0008,9.689839917819219e-05,0.002886856904276735,2.962962962962963e-06,0.00046617283950617285,2.962962962962963e-06,0.0,6.91358024691358e-06,0.0,0.0012661728395061728,0.00046617283950617285,9.876543209876544e-07,0.0012661728395061728,3,472,1012500,1012500,0.0008,0.0008,0.0011975752431599648,0.0011975752431599648,0.0011975752431599648,0.06329904632568359,3.3356845933333332,102051092,results/evidence/noisy/rate_pareto/id/n_40/Rc_0p5/points/result_n_40_awgn_ebno_p1p0.mat
rate_pareto,id,40,1310720,65536,1048576,1,0.062499046325683594,810,0,0.5,0.5,80.0,0.25402410118609203,0.0003136100014643111,810,1.5,2500,0,0.0,0,0.001474463690359561,2.962962962962963e-06,0.0,2.962962962962963e-06,0.0,6.91358024691358e-06,0,0,2.962962962962963e-06,0.0,6.91358024691358e-06,3,0,1012500,1012500,0.0,0.0,0.0011975752431599648,0.0011975752431599648,0.0011975752431599648,0.062499046325683594,4.137232246388889,102555592,results/evidence/noisy/rate_pareto/id/n_40/Rc_0p5/points/result_n_40_awgn_ebno_p1p5.mat
rate_pareto,id,40,1310720,65536,1048576,1,0.062499046325683594,810,0,0.5,0.5,80.0,0.25402410118609203,0.0003136100014643111,810,2,2500,0,0.0,0,0.001474463690359561,2.962962962962963e-06,0.0,2.962962962962963e-06,0.0,6.91358024691358e-06,0,0,2.962962962962963e-06,0.0,6.91358024691358e-06,3,0,1012500,1012500,0.0,0.0,0.0011975752431599648,0.0011975752431599648,0.0011975752431599648,0.062499046325683594,3.782622752777778,103060092,results/evidence/noisy/rate_pareto/id/n_40/Rc_0p5/points/result_n_40_awgn_ebno_p2p0.mat
rate_pareto,id,40,1310720,65536,1048576,1,0.062499046325683594,810,0,0.5,0.5,80.0,0.25402410118609203,0.0003136100014643111,810,2.5,2500,0,0.0,0,0.001474463690359561,2.962962962962963e-06,0.0,2.962962962962963e-06,0.0,6.91358024691358e-06,0,0,2.962962962962963e-06,0.0,6.91358024691358e-06,3,0,1012500,1012500,0.0,0.0,0.0011975752431599648,0.0011975752431599648,0.0011975752431599648,0.062499046325683594,3.407352556388889,103564592,results/evidence/noisy/rate_pareto/id/n_40/Rc_0p5/points/result_n_40_awgn_ebno_p2p5.mat
rate_pareto,id,40,1310720,65536,1048576,1,0.062499046325683594,972,0,0.6,0.6,66.66666666666667,0.3048289214233104,0.0003136100014643111,972,1,2500,2500,1.0,0.9985255363096405,1,8.23045267489712e-07,0.9666312757201646,2.469135802469136e-06,0.0,2.469135802469136e-06,0.9660510288065843,0.9671794238683128,0.9666312757201646,0.9660510288065843,0.9671794238683128,1,1174457,1215000,1215000,1.0,1.0,0.0011975752431599648,0.0011975752431599648,0.0011975752431599648,1,11.50161138888889,102051092,results/evidence/noisy/rate_pareto/id/n_40/Rc_0p6/points/result_n_40_awgn_ebno_p1p0.mat
rate_pareto,id,40,1310720,65536,1048576,1,0.062499046325683594,972,0,0.6,0.6,66.66666666666667,0.3048289214233104,0.0003136100014643111,972,1.5,2500,1,0.0004,1.0127071914576963e-05,0.002226620698675696,2.469135802469136e-06,0.00014156378600823044,2.469135802469136e-06,0.0,5.761316872427983e-06,0.0,0.00042469135802469137,0.00014156378600823044,8.23045267489712e-07,0.00042469135802469137,3,172,1215000,1215000,0.0004,0.0004,0.0011975752431599648,0.0011975752431599648,0.0011975752431599648,0.06289904632568359,5.1409903508333334,102555592,results/evidence/noisy/rate_pareto/id/n_40/Rc_0p6/points/result_n_40_awgn_ebno_p1p5.mat
rate_pareto,id,40,1310720,65536,1048576,1,0.062499046325683594,972,0,0.6,0.6,66.66666666666667,0.3048289214233104,0.0003136100014643111,972,2,2500,0,0.0,0,0.001474463690359561,2.469135802469136e-06,0.0,2.469135802469136e-06,0.0,5.761316872427983e-06,0,0,2.469135802469136e-06,0.0,5.761316872427983e-06,3,0,1215000,1215000,0.0,0.0,0.0011975752431599648,0.0011975752431599648,0.0011975752431599648,0.062499046325683594,4.5127076125,103060092,results/evidence/noisy/rate_pareto/id/n_40/Rc_0p6/points/result_n_40_awgn_ebno_p2p0.mat
rate_pareto,id,40,1310720,65536,1048576,1,0.062499046325683594,972,0,0.6,0.6,66.66666666666667,0.3048289214233104,0.0003136100014643111,972,2.5,2500,0,0.0,0,0.001474463690359561,2.469135802469136e-06,0.0,2.469135802469136e-06,0.0,5.761316872427983e-06,0,0,2.469135802469136e-06,0.0,5.761316872427983e-06,3,0,1215000,1215000,0.0,0.0,0.0011975752431599648,0.0011975752431599648,0.0011975752431599648,0.062499046325683594,4.118465575555556,103564592,results/evidence/noisy/rate_pareto/id/n_40/Rc_0p6/points/result_n_40_awgn_ebno_p2p5.mat
rate_pareto,id,40,1310720,65536,1048576,1,0.062499046325683594,1080,0,0.6666666666666666,0.6666666666666666,60.0,0.33869880158145604,0.0003136100014643111,1080,1,2500,2500,1.0,0.9985255363096405,1,2.222222222222222e-06,0.9271814814814815,2.222222222222222e-06,0.0,5.185185185185185e-06,0.9266,0.9277474074074074,0.9271814814814815,0.9266,0.9277474074074074,3,1251695,1350000,1350000,1.0,1.0,0.0011975752431599648,0.001197575243159965,0.001197575243159965,1,11.856458049722223,102051092,results/evidence/noisy/rate_pareto/id/n_40/Rc_0p6667/points/result_n_40_awgn_ebno_p1p0.mat
rate_pareto,id,40,1310720,65536,1048576,1,0.062499046325683594,1080,0,0.6666666666666666,0.6666666666666666,60.0,0.33869880158145604,0.0003136100014643111,1080,1.5,2500,2493,0.9972,0.9942394912264854,0.9988735367100187,7.407407407407407e-07,0.5734259259259259,2.222222222222222e-06,0.0,2.222222222222222e-06,0.5687777777777778,0.5780185185185185,0.5734259259259259,0.5687777777777778,0.5780185185185185,1,774125,1350000,1350000,0.9972,0.9972,0.0011975752431599648,0.001197575243159965,0.001197575243159965,1,9.886666192777778,102555592,results/evidence/noisy/rate_pareto/id/n_40/Rc_0p6667/points/result_n_40_awgn_ebno_p1p5.mat
rate_pareto,id,40,1310720,65536,1048576,1,0.062499046325683594,1080,0,0.6666666666666666,0.6666666666666666,60.0,0.33869880158145604,0.0003136100014643111,1080,2,2500,19,0.0076,0.004581717699861556,0.0118430031948544,2.222222222222222e-06,0.000502962962962963,2.222222222222222e-06,0.0,5.185185185185185e-06,0.0001637037037037037,0.0009481481481481482,0.000502962962962963,0.0001637037037037037,0.0009481481481481482,3,679,1350000,1350000,0.0076,0.0076,0.0011975752431599648,0.001197575243159965,0.001197575243159965,0.07009904632568359,5.2606531302777775,103060092,results/evidence/noisy/rate_pareto/id/n_40/Rc_0p6667/points/result_n_40_awgn_ebno_p2p0.mat
rate_pareto,id,40,1310720,65536,1048576,1,0.062499046325683594,1080,0,0.6666666666666666,0.6666666666666666,60.0,0.33869880158145604,0.0003136100014643111,1080,2.5,2500,6,0.0024,0.0008812510816910453,0.005216417099908342,2.222222222222222e-06,0.0004037037037037037,2.222222222222222e-06,0.0,5.185185185185185e-06,1.4814814814814815e-06,0.0012059259259259258,0.0004037037037037037,2.222222222222222e-06,0.0012059259259259258,3,545,1350000,1350000,0.0024,0.0024,0.0011975752431599648,0.001197575243159965,0.001197575243159965,0.0648990463256836,4.615850619166666,103564592,results/evidence/noisy/rate_pareto/id/n_40/Rc_0p6667/points/result_n_40_awgn_ebno_p2p5.mat
rate_pareto,rank,40,62400,3120,1048576,21,0.06246471405029297,540,0,0.3333333333333333,0.3333333333333333,120.0,0.13274382007197477,0.0002458218890221755,540,1,2500,1,0.0004,1.0127071914576963e-05,0.002226620698675696,2.2222222222222223e-05,0.0003659259259259259,2.2222222222222223e-05,1.1851851851851852e-05,3.4074074074074077e-05,0.0,0.0010977777777777778,0.0003659259259259259,1.3333333333333333e-05,0.0010977777777777778,15,247,675000,675000,0.0004,0.0004,0.0011975752431599648,0.001197575243159965,0.001197575243159965,0.06286471405029297,3.454047090555555,102051092,results/evidence/noisy/rate_pareto/rank/n_40/Rc_0p3333/points/result_n_40_awgn_ebno_p1p0.mat
rate_pareto,rank,40,62400,3120,1048576,21,0.06246471405029297,540,0,0.3333333333333333,0.3333333333333333,120.0,0.13274382007197477,0.0002458218890221755,540,1.5,2500,0,0.0,0,0.001474463690359561,2.2222222222222223e-05,0.0,2.2222222222222223e-05,1.1851851851851852e-05,3.4074074074074077e-05,0,0,2.2222222222222223e-05,1.1851851851851852e-05,3.4074074074074077e-05,15,0,675000,675000,0.0,0.0,0.0011975752431599648,0.001197575243159965,0.001197575243159965,0.06246471405029297,3.370245088611111,102555592,results/evidence/noisy/rate_pareto/rank/n_40/Rc_0p3333/points/result_n_40_awgn_ebno_p1p5.mat
rate_pareto,rank,40,62400,3120,1048576,21,0.06246471405029297,540,0,0.3333333333333333,0.3333333333333333,120.0,0.13274382007197477,0.0002458218890221755,540,2,2500,0,0.0,0,0.001474463690359561,2.2222222222222223e-05,0.0,2.2222222222222223e-05,1.1851851851851852e-05,3.4074074074074077e-05,0,0,2.2222222222222223e-05,1.1851851851851852e-05,3.4074074074074077e-05,15,0,675000,675000,0.0,0.0,0.0011975752431599648,0.001197575243159965,0.001197575243159965,0.06246471405029297,1.4404777938888889,103060092,results/evidence/noisy/rate_pareto/rank/n_40/Rc_0p3333/points/result_n_40_awgn_ebno_p2p0.mat
rate_pareto,rank,40,62400,3120,1048576,21,0.06246471405029297,540,0,0.3333333333333333,0.3333333333333333,120.0,0.13274382007197477,0.0002458218890221755,540,2.5,2500,0,0.0,0,0.001474463690359561,2.2222222222222223e-05,0.0,2.2222222222222223e-05,1.1851851851851852e-05,3.4074074074074077e-05,0,0,2.2222222222222223e-05,1.1851851851851852e-05,3.4074074074074077e-05,15,0,675000,675000,0.0,0.0,0.0011975752431599648,0.001197575243159965,0.001197575243159965,0.06246471405029297,2.1719998302777777,103564592,results/evidence/noisy/rate_pareto/rank/n_40/Rc_0p3333/points/result_n_40_awgn_ebno_p2p5.mat
rate_pareto,rank,40,62400,3120,1048576,21,0.06246471405029297,648,0,0.4,0.4,100.0,0.15929258408636973,0.0002458218890221755,648,1,2500,1,0.0004,1.0127071914576963e-05,0.002226620698675696,1.9753086419753087e-05,0.0004,1.9753086419753087e-05,9.876543209876543e-06,2.962962962962963e-05,0.0,0.0012,0.0004,1.2345679012345678e-05,0.0012,16,324,810000,810000,0.0004,0.0004,0.0011975752431599648,0.0011975752431599648,0.0011975752431599648,0.06286471405029297,3.3289765172222223,102051092,results/evidence/noisy/rate_pareto/rank/n_40/Rc_0p4/points/result_n_40_awgn_ebno_p1p0.mat
rate_pareto,rank,40,62400,3120,1048576,21,0.06246471405029297,648,0,0.4,0.4,100.0,0.15929258408636973,0.0002458218890221755,648,1.5,2500,0,0.0,0,0.001474463690359561,1.9753086419753087e-05,0.0,1.9753086419753087e-05,1.1111111111111112e-05,2.962962962962963e-05,0,0,1.9753086419753087e-05,1.1111111111111112e-05,2.962962962962963e-05,16,0,810000,810000,0.0,0.0,0.0011975752431599648,0.0011975752431599648,0.0011975752431599648,0.06246471405029297,3.00093241,102555592,results/evidence/noisy/rate_pareto/rank/n_40/Rc_0p4/points/result_n_40_awgn_ebno_p1p5.mat
rate_pareto,rank,40,62400,3120,1048576,21,0.06246471405029297,648,0,0.4,0.4,100.0,0.15929258408636973,0.0002458218890221755,648,2,2500,1,0.0004,1.0127071914576963e-05,0.002226620698675696,1.9753086419753087e-05,0.00013703703703703705,1.9753086419753087e-05,1.1111111111111112e-05,2.962962962962963e-05,0.0,0.0004111111111111111,0.00013703703703703705,1.2345679012345678e-05,0.0004111111111111111,16,111,810000,810000,0.0004,0.0004,0.0011975752431599648,0.0011975752431599648,0.0011975752431599648,0.06286471405029297,3.594925290555556,103060092,results/evidence/noisy/rate_pareto/rank/n_40/Rc_0p4/points/result_n_40_awgn_ebno_p2p0.mat
rate_pareto,rank,40,62400,3120,1048576,21,0.06246471405029297,648,0,0.4,0.4,100.0,0.15929258408636973,0.0002458218890221755,648,2.5,2500,0,0.0,0,0.001474463690359561,1.9753086419753087e-05,0.0,1.9753086419753087e-05,9.876543209876543e-06,2.962962962962963e-05,0,0,1.9753086419753087e-05,9.876543209876543e-06,2.962962962962963e-05,16,0,810000,810000,0.0,0.0,0.0011975752431599648,0.0011975752431599648,0.0011975752431599648,0.06246471405029297,3.0755883211111112,103564592,results/evidence/noisy/rate_pareto/rank/n_40/Rc_0p4/points/result_n_40_awgn_ebno_p2p5.mat
rate_pareto,rank,40,62400,3120,1048576,21,0.06246471405029297,810,0,0.5,0.5,80.0,0.19911573010796216,0.0002458218890221755,810,1,2500,0,0.0,0,0.001474463690359561,2.4691358024691357e-05,0.0,2.4691358024691357e-05,1.580246913580247e-05,3.45679012345679e-05,0,0,2.4691358024691357e-05,1.580246913580247e-05,3.45679012345679e-05,25,0,1012500,1012500,0.0,0.0,0.0011975752431599648,0.0011975752431599648,0.0011975752431599648,0.06246471405029297,4.399853225277778,102051092,results/evidence/noisy/rate_pareto/rank/n_40/Rc_0p5/points/result_n_40_awgn_ebno_p1p0.mat
rate_pareto,rank,40,62400,3120,1048576,21,0.06246471405029297,810,0,0.5,0.5,80.0,0.19911573010796216,0.0002458218890221755,810,1.5,2500,0,0.0,0,0.001474463690359561,2.4691358024691357e-05,0.0,2.4691358024691357e-05,1.580246913580247e-05,3.45679012345679e-05,0,0,2.4691358024691357e-05,1.580246913580247e-05,3.45679012345679e-05,25,0,1012500,1012500,0.0,0.0,0.0011975752431599648,0.0011975752431599648,0.0011975752431599648,0.06246471405029297,2.2864931652777774,102555592,results/evidence/noisy/rate_pareto/rank/n_40/Rc_0p5/points/result_n_40_awgn_ebno_p1p5.mat
rate_pareto,rank,40,62400,3120,1048576,21,0.06246471405029297,810,0,0.5,0.5,80.0,0.19911573010796216,0.0002458218890221755,810,2,2500,1,0.0004,1.0127071914576963e-05,0.002226620698675696,2.4691358024691357e-05,9.876543209876544e-07,2.4691358024691357e-05,1.580246913580247e-05,3.45679012345679e-05,0.0,2.962962962962963e-06,2.4691358024691357e-05,1.580246913580247e-05,3.45679012345679e-05,25,1,1012500,1012500,0.0004,0.0004,0.0011975752431599648,0.0011975752431599648,0.0011975752431599648,0.06286471405029297,3.6620587602777777,103060092,results/evidence/noisy/rate_pareto/rank/n_40/Rc_0p5/points/result_n_40_awgn_ebno_p2p0.mat
rate_pareto,rank,40,62400,3120,1048576,21,0.06246471405029297,810,0,0.5,0.5,80.0,0.19911573010796216,0.0002458218890221755,810,2.5,2500,0,0.0,0,0.001474463690359561,2.4691358024691357e-05,0.0,2.4691358024691357e-05,1.580246913580247e-05,3.45679012345679e-05,0,0,2.4691358024691357e-05,1.580246913580247e-05,3.45679012345679e-05,25,0,1012500,1012500,0.0,0.0,0.0011975752431599648,0.0011975752431599648,0.0011975752431599648,0.06246471405029297,1.3599674838888889,103564592,results/evidence/noisy/rate_pareto/rank/n_40/Rc_0p5/points/result_n_40_awgn_ebno_p2p5.mat
rate_pareto,rank,40,62400,3120,1048576,21,0.06246471405029297,972,0,0.6,0.6,66.66666666666667,0.23893887612955456,0.0002458218890221755,972,1,2500,2500,1.0,0.9985255363096405,1,2.2222222222222223e-05,0.9598650205761317,2.7160493827160493e-05,1.3991769547325103e-05,3.127572016460905e-05,0.958716049382716,0.9608213991769547,0.9598650205761317,0.958716049382716,0.9608213991769547,27,1166236,1215000,1215000,1.0,1.0,0.0011975752431599648,0.0011975752431599648,0.0011975752431599648,1,10.910397671666667,102051092,results/evidence/noisy/rate_pareto/rank/n_40/Rc_0p6/points/result_n_40_awgn_ebno_p1p0.mat
rate_pareto,rank,40,62400,3120,1048576,21,0.06246471405029297,972,0,0.6,0.6,66.66666666666667,0.23893887612955456,0.0002458218890221755,972,1.5,2500,2,0.0008,9.689839917819219e-05,0.002886856904276735,2.7160493827160493e-05,0.0002131687242798354,2.7160493827160493e-05,1.8930041152263373e-05,3.7037037037037037e-05,0.0,0.0005407407407407407,0.0002131687242798354,2.3045267489711933e-05,0.0005407407407407407,33,259,1215000,1215000,0.0008,0.0008,0.0011975752431599648,0.0011975752431599648,0.0011975752431599648,0.06326471405029296,2.8622169719444446,102555592,results/evidence/noisy/rate_pareto/rank/n_40/Rc_0p6/points/result_n_40_awgn_ebno_p1p5.mat
rate_pareto,rank,40,62400,3120,1048576,21,0.06246471405029297,972,0,0.6,0.6,66.66666666666667,0.23893887612955456,0.0002458218890221755,972,2,2500,1,0.0004,1.0127071914576963e-05,0.002226620698675696,2.7160493827160493e-05,0.0,2.7160493827160493e-05,1.8106995884773663e-05,3.7037037037037037e-05,0,0,2.7160493827160493e-05,1.8106995884773663e-05,3.7037037037037037e-05,33,0,1215000,1215000,0.0004,0.0004,0.0011975752431599648,0.0011975752431599648,0.0011975752431599648,0.06286471405029297,2.736231759722222,103060092,results/evidence/noisy/rate_pareto/rank/n_40/Rc_0p6/points/result_n_40_awgn_ebno_p2p0.mat
rate_pareto,rank,40,62400,3120,1048576,21,0.06246471405029297,972,0,0.6,0.6,66.66666666666667,0.23893887612955456,0.0002458218890221755,972,2.5,2500,0,0.0,0,0.001474463690359561,2.7160493827160493e-05,0.0,2.7160493827160493e-05,1.8106995884773663e-05,3.7037037037037037e-05,0,0,2.7160493827160493e-05,1.8106995884773663e-05,3.7037037037037037e-05,33,0,1215000,1215000,0.0,0.0,0.0011975752431599648,0.0011975752431599648,0.0011975752431599648,0.06246471405029297,2.2876816841666665,103564592,results/evidence/noisy/rate_pareto/rank/n_40/Rc_0p6/points/result_n_40_awgn_ebno_p2p5.mat
rate_pareto,rank,40,62400,3120,1048576,21,0.06246471405029297,1080,0,0.6666666666666666,0.6666666666666666,60.0,0.26548764014394954,0.0002458218890221755,1080,1,2500,2500,1.0,0.9985255363096405,1,1.1111111111111112e-05,0.9185607407407408,2.5185185185185187e-05,5.925925925925926e-06,1.7037037037037038e-05,0.9179466666666667,0.9191607407407407,0.9185607407407408,0.9179466666666667,0.9191607407407407,15,1240057,1350000,1350000,1.0,1.0,0.0011975752431599648,0.001197575243159965,0.001197575243159965,1,13.451719644722221,102051092,results/evidence/noisy/rate_pareto/rank/n_40/Rc_0p6667/points/result_n_40_awgn_ebno_p1p0.mat
rate_pareto,rank,40,62400,3120,1048576,21,0.06246471405029297,1080,0,0.6666666666666666,0.6666666666666666,60.0,0.26548764014394954,0.0002458218890221755,1080,1.5,2500,2493,0.9972,0.9942394912264854,0.9988735367100187,2.5185185185185187e-05,0.5610918518518518,2.5185185185185187e-05,1.6296296296296297e-05,3.4074074074074077e-05,0.5562140740740741,0.56572,0.5610918518518518,0.5562140740740741,0.56572,34,757474,1350000,1350000,0.9972,0.9972,0.0011975752431599648,0.001197575243159965,0.001197575243159965,1,3.598313728055556,102555592,results/evidence/noisy/rate_pareto/rank/n_40/Rc_0p6667/points/result_n_40_awgn_ebno_p1p5.mat
rate_pareto,rank,40,62400,3120,1048576,21,0.06246471405029297,1080,0,0.6666666666666666,0.6666666666666666,60.0,0.26548764014394954,0.0002458218890221755,1080,2,2500,19,0.0076,0.004581717699861556,0.0118430031948544,2.5185185185185187e-05,0.0006111111111111111,2.5185185185185187e-05,1.7037037037037038e-05,3.4074074074074077e-05,0.00025925925925925926,0.0010348148148148148,0.0006111111111111111,0.00025925925925925926,0.0010348148148148148,34,825,1350000,1350000,0.0076,0.0076,0.0011975752431599648,0.001197575243159965,0.001197575243159965,0.07006471405029296,4.767499421666667,103060092,results/evidence/noisy/rate_pareto/rank/n_40/Rc_0p6667/points/result_n_40_awgn_ebno_p2p0.mat
rate_pareto,rank,40,62400,3120,1048576,21,0.06246471405029297,1080,0,0.6666666666666666,0.6666666666666666,60.0,0.26548764014394954,0.0002458218890221755,1080,2.5,2500,10,0.004,0.0019197710897091793,0.007343800722249135,2.5185185185185187e-05,0.0019185185185185186,2.5185185185185187e-05,1.7037037037037038e-05,3.3333333333333335e-05,0.000557037037037037,0.0036592592592592592,0.0019185185185185186,0.000557037037037037,0.0036592592592592592,34,2590,1350000,1350000,0.004,0.004,0.0011975752431599648,0.001197575243159965,0.001197575243159965,0.06646471405029297,4.694214987222223,103564592,results/evidence/noisy/rate_pareto/rank/n_40/Rc_0p6667/points/result_n_40_awgn_ebno_p2p5.mat
waterfall,exact-threshold,42,168,8,2097152,14028,0.04682350158691406,771,18,0.5,0.49972222222222223,84.04669260700389,0.0879548878543584,0.00011407897257374631,771,0.5,2500,2500,1.0,0.9985255363096405,1,0.006633463035019455,0.9629499351491569,0.006696757457846952,0.006477827733154587,0.006794215578343594,0.9623967701066773,0.9634779144051556,0.9629499351491569,0.9623967701066773,0.9634779144051556,6393,928043,963750,963750,1.0,1.0,0.0011975752431599648,0.001199128518442922,0.001199128518442922,1,1.395263879722222,101548610,results/evidence/noisy/waterfall/exact-threshold/n_42/Rc_0p5/points/result_n_42_awgn_ebno_p0p5.mat
waterfall,exact-threshold,42,168,8,2097152,14028,0.04682350158691406,771,18,0.5,0.49972222222222223,84.04669260700389,0.0879548878543584,0.00011407897257374631,771,0.6,2500,2499,0.9996,0.9977733793013243,0.9999898729280854,0.006696757457846952,0.9222526588845655,0.006696757457846952,0.006546480112563348,0.006856464562827752,0.9190321040944653,0.9252572773324091,0.9222526588845655,0.9190321040944653,0.9252572773324091,6454,888821,963750,963750,0.9995994811932555,0.9996005188067445,0.0011975752431599648,0.001199128518442922,0.001199128518442922,1,1.3618918522222223,101649510,results/evidence/noisy/waterfall/exact-threshold/n_42/Rc_0p5/points/result_n_42_awgn_ebno_p0p6.mat
waterfall,exact-threshold,42,168,8,2097152,14028,0.04682350158691406,771,18,0.5,0.49972222222222223,84.04669260700389,0.0879548878543584,0.00011407897257374631,771,0.7,2500,2280,0.912,0.9002065796709032,0.9228174574146644,0.006663553826199741,0.5462402075226978,0.006696757457846952,0.006496700286390238,0.006830602510399471,0.5311808365041105,0.5609167922233705,0.5462402075226978,0.5311808365041105,0.5609167922233705,6422,526439,963750,963750,0.911998962386511,0.9120010376134889,0.0011975752431599648,0.001199128518442922,0.001199128518442922,0.9588235015869141,1.1032822955555555,101750410,results/evidence/noisy/waterfall/exact-threshold/n_42/Rc_0p5/points/result_n_42_awgn_ebno_p0p7.mat
waterfall,exact-threshold,42,168,8,2097152,14028,0.04682350158691406,771,18,0.5,0.49972222222222223,84.04669260700389,0.0879548878543584,0.00011407897257374631,771,0.8,2500,546,0.2184,0.20234166239259543,0.23512059763432344,0.006680155642023346,0.03548534370946822,0.006696757457846952,0.0065190955649813654,0.006830800966667808,0.03062738514471175,0.04058180640970701,0.03548534370946822,0.03062738514471175,0.04058180640970701,6438,34199,963750,963750,0.2184083009079118,0.2183916990920882,0.0011975752431599648,0.001199128518442922,0.001199128518442922,0.2652235015869141,0.8120566236111111,101851310,results/evidence/noisy/waterfall/exact-threshold/n_42/Rc_0p5/points/result_n_42_awgn_ebno_p0p8.mat
waterfall,exact-threshold,42,168,8,2097152,14028,0.04682350158691406,771,18,0.5,0.49972222222222223,84.04669260700389,0.0879548878543584,0.00011407897257374631,771,0.9,2500,10,0.004,0.0019197710897091793,0.007343800722249135,0.006694682230869001,0.0006059662775616083,0.006696757457846952,0.006525449668747049,0.006859513307621831,5.084348300686283e-05,0.0014671626381949957,0.006694682230869001,0.006525449668747049,0.006859513307621831,6452,584,963750,963750,0.004003112840466926,0.003996887159533074,0.0011975752431599648,0.001199128518442922,0.001199128518442922,0.050823501586914066,0.7731694361111111,101952210,results/evidence/noisy/waterfall/exact-threshold/n_42/Rc_0p5/points/result_n_42_awgn_ebno_p0p9.mat
waterfall,exact-threshold,42,168,8,2097152,14028,0.04682350158691406,771,18,0.5,0.49972222222222223,84.04669260700389,0.0879548878543584,0.00011407897257374631,771,1,2500,1,0.0004,1.0127071914576963e-05,0.002226620698675696,0.006694682230869001,0.00039740596627756163,0.006696757457846952,0.006536090133502676,0.006860593609437985,0.0,0.0011922451148041772,0.006694682230869001,0.006536090133502676,0.006860593609437985,6452,383,963750,963750,0.0003994811932555123,0.00040051880674448766,0.0011975752431599648,0.001199128518442922,0.001199128518442922,0.04722350158691406,0.81236496,102053110,results/evidence/noisy/waterfall/exact-threshold/n_42/Rc_0p5/points/result_n_42_awgn_ebno_p1p0.mat
waterfall,exact-threshold,42,168,8,2097152,14028,0.04682350158691406,771,18,0.5,0.49972222222222223,84.04669260700389,0.0879548878543584,0.00011407897257374631,771,1.1,2500,1,0.0004,1.0127071914576963e-05,0.002226620698675696,0.006695719844357977,0.0003859922178988327,0.006696757457846952,0.006538009377960444,0.006855441188677679,0.0,0.0011580066927806168,0.006695719844357977,0.006538009377960444,0.006855441188677679,6453,372,963750,963750,0.0003994811932555123,0.00040051880674448766,0.0011975752431599648,0.001199128518442922,0.001199128518442922,0.04722350158691406,0.9166464591666666,102154010,results/evidence/noisy/waterfall/exact-threshold/n_42/Rc_0p5/points/result_n_42_awgn_ebno_p1p1.mat
waterfall,exact-threshold,42,168,8,2097152,14028,0.04682350158691406,771,18,0.5,0.49972222222222223,84.04669260700389,0.0879548878543584,0.00011407897257374631,771,1.2000000000000002,2500,2,0.0008,9.689839917819219e-05,0.002886856904276735,0.00670609597924773,0.0007138780804150454,0.006696757457846952,0.006550494737191619,0.006884336914364452,0.0,0.0017858143458689684,0.00670609597924773,0.006550494737191619,0.006884336914364452,6463,688,963750,963750,0.0008,0.0008,0.0011975752431599648,0.001199128518442922,0.001199128518442922,0.047623501586914065,0.5929215183333333,102254910,results/evidence/noisy/waterfall/exact-threshold/n_42/Rc_0p5/points/result_n_42_awgn_ebno_p1p2.mat
waterfall,exact-threshold,42,168,8,2097152,14028,0.04682350158691406,771,18,0.5,0.49972222222222223,84.04669260700389,0.0879548878543584,0.00011407897257374631,771,1.3,2500,1,0.0004,1.0127071914576963e-05,0.002226620698675696,0.006694682230869001,0.00034137483787289235,0.006696757457846952,0.006539046992526062,0.006860650558180122,0.0,0.0010241532058485685,0.006694682230869001,0.006539046992526062,0.006860650558180122,6452,329,963750,963750,0.00040051880674448766,0.0003994811932555123,0.0011975752431599648,0.001199128518442922,0.001199128518442922,0.04722350158691406,0.5916805283333334,102355810,results/evidence/noisy/waterfall/exact-threshold/n_42/Rc_0p5/points/result_n_42_awgn_ebno_p1p3.mat
waterfall,exact-threshold,42,168,8,2097152,14028,0.04682350158691406,771,18,0.5,0.49972222222222223,84.04669260700389,0.0879548878543584,0.00011407897257374631,771,1.4,2500,0,0.0,0,0.001474463690359561,0.006696757457846952,0.0,0.006696757457846952,0.006525436127196718,0.006860614965105493,0,0,0.006696757457846952,0.006525436127196718,0.006860614965105493,6454,0,963750,963750,0.0,0.0,0.0011975752431599648,0.001199128518442922,0.001199128518442922,0.04682350158691406,0.6394278180555556,102456710,results/evidence/noisy/waterfall/exact-threshold/n_42/Rc_0p5/points/result_n_42_awgn_ebno_p1p4.mat
waterfall,exact-threshold,42,168,8,2097152,14028,0.04682350158691406,771,18,0.5,0.49972222222222223,84.04669260700389,0.0879548878543584,0.00011407897257374631,771,1.5,2500,1,0.0004,1.0127071914576963e-05,0.002226620698675696,0.006693644617380026,0.0003953307392996109,0.006696757457846952,0.0065326925152111295,0.006855590569645931,0.0,0.0011860328291396747,0.006693644617380026,0.0065326925152111295,0.006855590569645931,6451,381,963750,963750,0.00040051880674448766,0.0003994811932555123,0.0011975752431599648,0.001199128518442922,0.001199128518442922,0.04722350158691406,0.6503329172222223,102557610,results/evidence/noisy/waterfall/exact-threshold/n_42/Rc_0p5/points/result_n_42_awgn_ebno_p1p5.mat
waterfall,exact-threshold,42,168,8,2097152,14028,0.04682350158691406,771,18,0.5,0.49972222222222223,84.04669260700389,0.0879548878543584,0.00011407897257374631,771,1.6,2500,0,0.0,0,0.001474463690359561,0.006696757457846952,0.0,0.006696757457846952,0.006545259097007422,0.006854666745527501,0,0,0.006696757457846952,0.006545259097007422,0.006854666745527501,6454,0,963750,963750,0.0,0.0,0.0011975752431599648,0.001199128518442922,0.001199128518442922,0.04682350158691406,0.6387742069444444,102658510,results/evidence/noisy/waterfall/exact-threshold/n_42/Rc_0p5/points/result_n_42_awgn_ebno_p1p6.mat
waterfall,exact-threshold,42,168,8,2097152,14028,0.04682350158691406,771,18,0.5,0.49972222222222223,84.04669260700389,0.0879548878543584,0.00011407897257374631,771,1.7000000000000002,2500,0,0.0,0,0.001474463690359561,0.006696757457846952,0.0,0.006696757457846952,0.006536971763394826,0.006856713571374466,0,0,0.006696757457846952,0.006536971763394826,0.006856713571374466,6454,0,963750,963750,0.0,0.0,0.0011975752431599648,0.001199128518442922,0.001199128518442922,0.04682350158691406,0.8225247569444445,102759410,results/evidence/noisy/waterfall/exact-threshold/n_42/Rc_0p5/points/result_n_42_awgn_ebno_p1p7.mat
waterfall,exact-threshold,42,168,8,2097152,14028,0.04682350158691406,771,18,0.5,0.49972222222222223,84.04669260700389,0.0879548878543584,0.00011407897257374631,771,1.8,2500,0,0.0,0,0.001474463690359561,0.006696757457846952,0.0,0.006696757457846952,0.006531715916531,0.006857516394123018,0,0,0.006696757457846952,0.006531715916531,0.006857516394123018,6454,0,963750,963750,0.0,0.0,0.0011975752431599648,0.001199128518442922,0.001199128518442922,0.04682350158691406,0.6629214888888888,102860310,results/evidence/noisy/waterfall/exact-threshold/n_42/Rc_0p5/points/result_n_42_awgn_ebno_p1p8.mat
waterfall,exact-threshold,42,168,8,2097152,14028,0.04682350158691406,771,18,0.5,0.49972222222222223,84.04669260700389,0.0879548878543584,0.00011407897257374631,771,1.9,2500,2,0.0008,9.689839917819219e-05,0.002886856904276735,0.006696757457846952,1.3488975356679637e-05,0.006696757457846952,0.006526798786783285,0.006853294873258142,0.0,4.0466842092156485e-05,0.006696757457846952,0.006526798786783285,0.006853294873258142,6454,13,963750,963750,0.0008,0.0008,0.0011975752431599648,0.001199128518442922,0.001199128518442922,0.047623501586914065,0.6249192002777777,102961210,results/evidence/noisy/waterfall/exact-threshold/n_42/Rc_0p5/points/result_n_42_awgn_ebno_p1p9.mat
waterfall,exact-threshold,42,168,8,2097152,14028,0.04682350158691406,771,18,0.5,0.49972222222222223,84.04669260700389,0.0879548878543584,0.00011407897257374631,771,2,2500,0,0.0,0,0.001474463690359561,0.006696757457846952,0.0,0.006696757457846952,0.00653772446515894,0.006860636320905953,0,0,0.006696757457846952,0.00653772446515894,0.006860636320905953,6454,0,963750,963750,0.0,0.0,0.0011975752431599648,0.001199128518442922,0.001199128518442922,0.04682350158691406,0.5065092341666666,103062110,results/evidence/noisy/waterfall/exact-threshold/n_42/Rc_0p5/points/result_n_42_awgn_ebno_p2p0.mat
waterfall,exact-threshold,42,168,8,2097152,14028,0.04682350158691406,771,18,0.5,0.49972222222222223,84.04669260700389,0.0879548878543584,0.00011407897257374631,771,2.1,2500,2,0.0008,9.689839917819219e-05,0.002886856904276735,0.0066988326848249026,0.0007512321660181582,0.006696757457846952,0.006533818242188108,0.006868666327037747,0.0,0.0019496130344964261,0.0066988326848249026,0.006533818242188108,0.006868666327037747,6456,724,963750,963750,0.0008,0.0008,0.0011975752431599648,0.001199128518442922,0.001199128518442922,0.047623501586914065,0.7758664463888889,103163010,results/evidence/noisy/waterfall/exact-threshold/n_42/Rc_0p5/points/result_n_42_awgn_ebno_p2p1.mat
waterfall,exact-threshold,42,168,8,2097152,14028,0.04682350158691406,771,18,0.5,0.49972222222222223,84.04669260700389,0.0879548878543584,0.00011407897257374631,771,2.2,2500,0,0.0,0,0.001474463690359561,0.006696757457846952,0.0,0.006696757457846952,0.006543353608805823,0.006850537500518823,0,0,0.006696757457846952,0.006543353608805823,0.006850537500518823,6454,0,963750,963750,0.0,0.0,0.0011975752431599648,0.001199128518442922,0.001199128518442922,0.04682350158691406,0.6340810194444445,103263910,results/evidence/noisy/waterfall/exact-threshold/n_42/Rc_0p5/points/result_n_42_awgn_ebno_p2p2.mat
waterfall,exact-threshold,42,168,8,2097152,14028,0.04682350158691406,771,18,0.5,0.49972222222222223,84.04669260700389,0.0879548878543584,0.00011407897257374631,771,2.3,2500,0,0.0,0,0.001474463690359561,0.006696757457846952,0.0,0.006696757457846952,0.0065459638929238435,0.006858532647549242,0,0,0.006696757457846952,0.0065459638929238435,0.006858532647549242,6454,0,963750,963750,0.0,0.0,0.0011975752431599648,0.001199128518442922,0.001199128518442922,0.04682350158691406,0.47644424888888887,103364810,results/evidence/noisy/waterfall/exact-threshold/n_42/Rc_0p5/points/result_n_42_awgn_ebno_p2p3.mat
waterfall,exact-threshold,42,168,8,2097152,14028,0.04682350158691406,771,18,0.5,0.49972222222222223,84.04669260700389,0.0879548878543584,0.00011407897257374631,771,2.4,2500,0,0.0,0,0.001474463690359561,0.006696757457846952,0.0,0.006696757457846952,0.006542200565918507,0.00685352243037008,0,0,0.006696757457846952,0.006542200565918507,0.00685352243037008,6454,0,963750,963750,0.0,0.0,0.0011975752431599648,0.001199128518442922,0.001199128518442922,0.04682350158691406,0.5546328897222222,103465710,results/evidence/noisy/waterfall/exact-threshold/n_42/Rc_0p5/points/result_n_42_awgn_ebno_p2p4.mat
waterfall,exact-threshold,42,168,8,2097152,14028,0.04682350158691406,771,18,0.5,0.49972222222222223,84.04669260700389,0.0879548878543584,0.00011407897257374631,771,2.5,2500,0,0.0,0,0.001474463690359561,0.006696757457846952,0.0,0.006696757457846952,0.006528623427506547,0.00685746658684101,0,0,0.006696757457846952,0.006528623427506547,0.00685746658684101,6454,0,963750,963750,0.0,0.0,0.0011975752431599648,0.001199128518442922,0.001199128518442922,0.04682350158691406,0.44677876694444446,103566610,results/evidence/noisy/waterfall/exact-threshold/n_42/Rc_0p5/points/result_n_42_awgn_ebno_p2p5.mat
waterfall,exact-threshold,42,168,8,2097152,14028,0.04682350158691406,771,18,0.5,0.49972222222222223,84.04669260700389,0.0879548878543584,0.00011407897257374631,771,2.6,2500,0,0.0,0,0.001474463690359561,0.006696757457846952,0.0,0.006696757457846952,0.006535859550095459,0.006859741070974611,0,0,0.006696757457846952,0.006535859550095459,0.006859741070974611,6454,0,963750,963750,0.0,0.0,0.0011975752431599648,0.001199128518442922,0.001199128518442922,0.04682350158691406,0.47837926833333333,103667510,results/evidence/noisy/waterfall/exact-threshold/n_42/Rc_0p5/points/result_n_42_awgn_ebno_p2p6.mat
waterfall,id,40,1310720,65536,1048576,1,0.062499046325683594,810,0,0.5,0.5,80.0,0.25402410118609203,0.0003136100014643111,810,0.5,2500,2500,1.0,0.9985255363096405,1,9.876543209876544e-07,0.9716325925925926,2.962962962962963e-06,0.0,2.962962962962963e-06,0.971122962962963,0.9721185185185185,0.9716325925925926,0.971122962962963,0.9721185185185185,1,983778,1012500,1012500,1.0,1.0,0.0011975752431599648,0.0011975752431599648,0.0011975752431599648,1,9.836019686944445,101546592,results/evidence/noisy/waterfall/id/n_40/Rc_0p5/points/result_n_40_awgn_ebno_p0p5.mat
waterfall,id,40,1310720,65536,1048576,1,0.062499046325683594,810,0,0.5,0.5,80.0,0.25402410118609203,0.0003136100014643111,810,0.6,2500,2499,0.9996,0.9977733793013243,0.9999898729280854,9.876543209876544e-07,0.9281471604938272,2.962962962962963e-06,0.0,2.962962962962963e-06,0.9246143209876543,0.9317412345679013,0.9281471604938272,0.9246143209876543,0.9317412345679013,1,939749,1012500,1012500,0.9996,0.9996,0.0011975752431599648,0.0011975752431599648,0.0011975752431599648,1,7.19956998,101647492,results/evidence/noisy/waterfall/id/n_40/Rc_0p5/points/result_n_40_awgn_ebno_p0p6.mat
waterfall,id,40,1310720,65536,1048576,1,0.062499046325683594,810,0,0.5,0.5,80.0,0.25402410118609203,0.0003136100014643111,810,0.7,2500,2272,0.9088,0.8968305690088496,0.9198014016147972,1.9753086419753087e-06,0.542955061728395,2.962962962962963e-06,0.0,4.938271604938272e-06,0.5284977777777777,0.5571486419753087,0.542955061728395,0.5284977777777777,0.5571486419753087,2,549742,1012500,1012500,0.9088,0.9088,0.0011975752431599648,0.0011975752431599648,0.0011975752431599648,0.9712990463256836,7.469309535833334,101748392,results/evidence/noisy/waterfall/id/n_40/Rc_0p5/points/result_n_40_awgn_ebno_p0p7.mat
waterfall,id,40,1310720,65536,1048576,1,0.062499046325683594,810,0,0.5,0.5,80.0,0.25402410118609203,0.0003136100014643111,810,0.8,2500,507,0.2028,0.18719382026696513,0.21910543331267876,2.962962962962963e-06,0.03643259259259259,2.962962962962963e-06,0.0,6.91358024691358e-06,0.03125925925925926,0.042244938271604936,0.03643259259259259,0.03125925925925926,0.042244938271604936,3,36888,1012500,1012500,0.2028,0.2028,0.0011975752431599648,0.0011975752431599648,0.0011975752431599648,0.2652990463256836,4.910211485833333,101849292,results/evidence/noisy/waterfall/id/n_40/Rc_0p5/points/result_n_40_awgn_ebno_p0p8.mat
waterfall,id,40,1310720,65536,1048576,1,0.062499046325683594,810,0,0.5,0.5,80.0,0.25402410118609203,0.0003136100014643111,810,0.9,2500,5,0.002,0.0006497034712109682,0.004661110898133035,2.962962962962963e-06,0.0005827160493827161,2.962962962962963e-06,0.0,6.91358024691358e-06,1.9753086419753087e-06,0.001577283950617284,0.0005827160493827161,3.9506172839506175e-06,0.001577283950617284,3,590,1012500,1012500,0.002,0.002,0.0011975752431599648,0.0011975752431599648,0.0011975752431599648,0.0644990463256836,4.451498201666666,101950192,results/evidence/noisy/waterfall/id/n_40/Rc_0p5/points/result_n_40_awgn_ebno_p0p9.mat
waterfall,id,40,1310720,65536,1048576,1,0.062499046325683594,810,0,0.5,0.5,80.0,0.25402410118609203,0.0003136100014643111,810,1,2500,2,0.0008,9.689839917819219e-05,0.002886856904276735,2.962962962962963e-06,0.00046617283950617285,2.962962962962963e-06,0.0,6.91358024691358e-06,0.0,0.0012661728395061728,0.00046617283950617285,9.876543209876544e-07,0.0012661728395061728,3,472,1012500,1012500,0.0008,0.0008,0.0011975752431599648,0.0011975752431599648,0.0011975752431599648,0.06329904632568359,4.568499232500001,102051092,results/evidence/noisy/waterfall/id/n_40/Rc_0p5/points/result_n_40_awgn_ebno_p1p0.mat
waterfall,id,40,1310720,65536,1048576,1,0.062499046325683594,810,0,0.5,0.5,80.0,0.25402410118609203,0.0003136100014643111,810,1.1,2500,0,0.0,0,0.001474463690359561,2.962962962962963e-06,0.0,2.962962962962963e-06,0.0,6.91358024691358e-06,0,0,2.962962962962963e-06,0.0,6.91358024691358e-06,3,0,1012500,1012500,0.0,0.0,0.0011975752431599648,0.0011975752431599648,0.0011975752431599648,0.062499046325683594,4.568585284444445,102151992,results/evidence/noisy/waterfall/id/n_40/Rc_0p5/points/result_n_40_awgn_ebno_p1p1.mat
waterfall,id,40,1310720,65536,1048576,1,0.062499046325683594,810,0,0.5,0.5,80.0,0.25402410118609203,0.0003136100014643111,810,1.2000000000000002,2500,2,0.0008,9.689839917819219e-05,0.002886856904276735,2.962962962962963e-06,0.0007960493827160493,2.962962962962963e-06,0.0,6.91358024691358e-06,0.0,0.0019920987654320987,0.0007960493827160493,1.9753086419753087e-06,0.0019920987654320987,3,806,1012500,1012500,0.0008,0.0008,0.0011975752431599648,0.0011975752431599648,0.0011975752431599648,0.06329904632568359,4.510157593333333,102252892,results/evidence/noisy/waterfall/id/n_40/Rc_0p5/points/result_n_40_awgn_ebno_p1p2.mat
waterfall,id,40,1310720,65536,1048576,1,0.062499046325683594,810,0,0.5,0.5,80.0,0.25402410118609203,0.0003136100014643111,810,1.3,2500,0,0.0,0,0.001474463690359561,2.962962962962963e-06,0.0,2.962962962962963e-06,0.0,6.91358024691358e-06,0,0,2.962962962962963e-06,0.0,6.91358024691358e-06,3,0,1012500,1012500,0.0,0.0,0.0011975752431599648,0.0011975752431599648,0.0011975752431599648,0.062499046325683594,4.448042351944444,102353792,results/evidence/noisy/waterfall/id/n_40/Rc_0p5/points/result_n_40_awgn_ebno_p1p3.mat
waterfall,id,40,1310720,65536,1048576,1,0.062499046325683594,810,0,0.5,0.5,80.0,0.25402410118609203,0.0003136100014643111,810,1.4,2500,1,0.0004,1.0127071914576963e-05,0.002226620698675696,2.962962962962963e-06,0.0003535802469135802,2.962962962962963e-06,0.0,6.91358024691358e-06,0.0,0.001414320987654321,0.0003535802469135802,0.0,0.001414320987654321,3,358,1012500,1012500,0.0004,0.0004,0.0011975752431599648,0.0011975752431599648,0.0011975752431599648,0.06289904632568359,4.340912779722222,102454692,results/evidence/noisy/waterfall/id/n_40/Rc_0p5/points/result_n_40_awgn_ebno_p1p4.mat
waterfall,id,40,1310720,65536,1048576,1,0.062499046325683594,810,0,0.5,0.5,80.0,0.25402410118609203,0.0003136100014643111,810,1.5,2500,0,0.0,0,0.001474463690359561,2.962962962962963e-06,0.0,2.962962962962963e-06,0.0,6.91358024691358e-06,0,0,2.962962962962963e-06,0.0,6.91358024691358e-06,3,0,1012500,1012500,0.0,0.0,0.0011975752431599648,0.0011975752431599648,0.0011975752431599648,0.062499046325683594,4.2408675916666665,102555592,results/evidence/noisy/waterfall/id/n_40/Rc_0p5/points/result_n_40_awgn_ebno_p1p5.mat
waterfall,id,40,1310720,65536,1048576,1,0.062499046325683594,810,0,0.5,0.5,80.0,0.25402410118609203,0.0003136100014643111,810,1.6,2500,0,0.0,0,0.001474463690359561,2.962962962962963e-06,0.0,2.962962962962963e-06,0.0,6.91358024691358e-06,0,0,2.962962962962963e-06,0.0,6.91358024691358e-06,3,0,1012500,1012500,0.0,0.0,0.0011975752431599648,0.0011975752431599648,0.0011975752431599648,0.062499046325683594,4.196299026666667,102656492,results/evidence/noisy/waterfall/id/n_40/Rc_0p5/points/result_n_40_awgn_ebno_p1p6.mat
waterfall,id,40,1310720,65536,1048576,1,0.062499046325683594,810,0,0.5,0.5,80.0,0.25402410118609203,0.0003136100014643111,810,1.7000000000000002,2500,0,0.0,0,0.001474463690359561,2.962962962962963e-06,0.0,2.962962962962963e-06,0.0,6.91358024691358e-06,0,0,2.962962962962963e-06,0.0,6.91358024691358e-06,3,0,1012500,1012500,0.0,0.0,0.0011975752431599648,0.0011975752431599648,0.0011975752431599648,0.062499046325683594,4.1089855547222225,102757392,results/evidence/noisy/waterfall/id/n_40/Rc_0p5/points/result_n_40_awgn_ebno_p1p7.mat
waterfall,id,40,1310720,65536,1048576,1,0.062499046325683594,810,0,0.5,0.5,80.0,0.25402410118609203,0.0003136100014643111,810,1.8,2500,1,0.0004,1.0127071914576963e-05,0.002226620698675696,2.962962962962963e-06,9.876543209876544e-07,2.962962962962963e-06,0.0,6.91358024691358e-06,0.0,2.962962962962963e-06,2.962962962962963e-06,9.876543209876544e-07,6.91358024691358e-06,3,1,1012500,1012500,0.0004,0.0004,0.0011975752431599648,0.0011975752431599648,0.0011975752431599648,0.06289904632568359,3.241400621111111,102858292,results/evidence/noisy/waterfall/id/n_40/Rc_0p5/points/result_n_40_awgn_ebno_p1p8.mat
waterfall,id,40,1310720,65536,1048576,1,0.062499046325683594,810,0,0.5,0.5,80.0,0.25402410118609203,0.0003136100014643111,810,1.9,2500,0,0.0,0,0.001474463690359561,2.962962962962963e-06,0.0,2.962962962962963e-06,0.0,6.91358024691358e-06,0,0,2.962962962962963e-06,0.0,6.91358024691358e-06,3,0,1012500,1012500,0.0,0.0,0.0011975752431599648,0.0011975752431599648,0.0011975752431599648,0.062499046325683594,4.042501253611111,102959192,results/evidence/noisy/waterfall/id/n_40/Rc_0p5/points/result_n_40_awgn_ebno_p1p9.mat
waterfall,id,40,1310720,65536,1048576,1,0.062499046325683594,810,0,0.5,0.5,80.0,0.25402410118609203,0.0003136100014643111,810,2,2500,0,0.0,0,0.001474463690359561,2.962962962962963e-06,0.0,2.962962962962963e-06,0.0,6.91358024691358e-06,0,0,2.962962962962963e-06,0.0,6.91358024691358e-06,3,0,1012500,1012500,0.0,0.0,0.0011975752431599648,0.0011975752431599648,0.0011975752431599648,0.062499046325683594,3.9160145875,103060092,results/evidence/noisy/waterfall/id/n_40/Rc_0p5/points/result_n_40_awgn_ebno_p2p0.mat
waterfall,id,40,1310720,65536,1048576,1,0.062499046325683594,810,0,0.5,0.5,80.0,0.25402410118609203,0.0003136100014643111,810,2.1,2500,0,0.0,0,0.001474463690359561,2.962962962962963e-06,0.0,2.962962962962963e-06,0.0,6.91358024691358e-06,0,0,2.962962962962963e-06,0.0,6.91358024691358e-06,3,0,1012500,1012500,0.0,0.0,0.0011975752431599648,0.0011975752431599648,0.0011975752431599648,0.062499046325683594,3.7759948266666665,103160992,results/evidence/noisy/waterfall/id/n_40/Rc_0p5/points/result_n_40_awgn_ebno_p2p1.mat
waterfall,id,40,1310720,65536,1048576,1,0.062499046325683594,810,0,0.5,0.5,80.0,0.25402410118609203,0.0003136100014643111,810,2.2,2500,0,0.0,0,0.001474463690359561,2.962962962962963e-06,0.0,2.962962962962963e-06,0.0,6.91358024691358e-06,0,0,2.962962962962963e-06,0.0,6.91358024691358e-06,3,0,1012500,1012500,0.0,0.0,0.0011975752431599648,0.0011975752431599648,0.0011975752431599648,0.062499046325683594,4.148213166666666,103261892,results/evidence/noisy/waterfall/id/n_40/Rc_0p5/points/result_n_40_awgn_ebno_p2p2.mat
waterfall,id,40,1310720,65536,1048576,1,0.062499046325683594,810,0,0.5,0.5,80.0,0.25402410118609203,0.0003136100014643111,810,2.3,2500,0,0.0,0,0.001474463690359561,2.962962962962963e-06,0.0,2.962962962962963e-06,0.0,6.91358024691358e-06,0,0,2.962962962962963e-06,0.0,6.91358024691358e-06,3,0,1012500,1012500,0.0,0.0,0.0011975752431599648,0.0011975752431599648,0.0011975752431599648,0.062499046325683594,3.7528120005555556,103362792,results/evidence/noisy/waterfall/id/n_40/Rc_0p5/points/result_n_40_awgn_ebno_p2p3.mat
waterfall,id,40,1310720,65536,1048576,1,0.062499046325683594,810,0,0.5,0.5,80.0,0.25402410118609203,0.0003136100014643111,810,2.4,2500,0,0.0,0,0.001474463690359561,2.962962962962963e-06,0.0,2.962962962962963e-06,0.0,6.91358024691358e-06,0,0,2.962962962962963e-06,0.0,6.91358024691358e-06,3,0,1012500,1012500,0.0,0.0,0.0011975752431599648,0.0011975752431599648,0.0011975752431599648,0.062499046325683594,3.832572415555555,103463692,results/evidence/noisy/waterfall/id/n_40/Rc_0p5/points/result_n_40_awgn_ebno_p2p4.mat
waterfall,id,40,1310720,65536,1048576,1,0.062499046325683594,810,0,0.5,0.5,80.0,0.25402410118609203,0.0003136100014643111,810,2.5,2500,0,0.0,0,0.001474463690359561,2.962962962962963e-06,0.0,2.962962962962963e-06,0.0,6.91358024691358e-06,0,0,2.962962962962963e-06,0.0,6.91358024691358e-06,3,0,1012500,1012500,0.0,0.0,0.0011975752431599648,0.0011975752431599648,0.0011975752431599648,0.062499046325683594,3.557558294722222,103564592,results/evidence/noisy/waterfall/id/n_40/Rc_0p5/points/result_n_40_awgn_ebno_p2p5.mat
waterfall,id,40,1310720,65536,1048576,1,0.062499046325683594,810,0,0.5,0.5,80.0,0.25402410118609203,0.0003136100014643111,810,2.6,2500,0,0.0,0,0.001474463690359561,2.962962962962963e-06,0.0,2.962962962962963e-06,0.0,6.91358024691358e-06,0,0,2.962962962962963e-06,0.0,6.91358024691358e-06,3,0,1012500,1012500,0.0,0.0,0.0011975752431599648,0.0011975752431599648,0.0011975752431599648,0.062499046325683594,3.360624277222222,103665492,results/evidence/noisy/waterfall/id/n_40/Rc_0p5/points/result_n_40_awgn_ebno_p2p6.mat
waterfall,rank,40,62400,3120,1048576,21,0.06246471405029297,810,0,0.5,0.5,80.0,0.19911573010796216,0.0002458218890221755,810,0.5,2500,2500,1.0,0.9985255363096405,1,1.6790123456790123e-05,0.9659387654320988,2.4691358024691357e-05,8.888888888888888e-06,2.5679012345679013e-05,0.9653807407407408,0.9664355555555556,0.9659387654320988,0.9653807407407408,0.9664355555555556,17,978013,1012500,1012500,1.0,1.0,0.0011975752431599648,0.0011975752431599648,0.0011975752431599648,1,5.088450458611112,101546592,results/evidence/noisy/waterfall/rank/n_40/Rc_0p5/points/result_n_40_awgn_ebno_p0p5.mat
waterfall,rank,40,62400,3120,1048576,21,0.06246471405029297,810,0,0.5,0.5,80.0,0.19911573010796216,0.0002458218890221755,810,0.6,2500,2500,1.0,0.9985255363096405,1,1.6790123456790123e-05,0.9233501234567901,2.4691358024691357e-05,8.888888888888888e-06,2.4691358024691357e-05,0.9201856790123457,0.9263496296296296,0.9233501234567901,0.9201856790123457,0.9263496296296296,17,934892,1012500,1012500,1.0,1.0,0.0011975752431599648,0.0011975752431599648,0.0011975752431599648,1,5.255412758055555,101647492,results/evidence/noisy/waterfall/rank/n_40/Rc_0p5/points/result_n_40_awgn_ebno_p0p6.mat
waterfall,rank,40,62400,3120,1048576,21,0.06246471405029297,810,0,0.5,0.5,80.0,0.19911573010796216,0.0002458218890221755,810,0.7,2500,2316,0.9264,0.9154564250004309,0.9363315441635736,1.6790123456790123e-05,0.5549343209876543,2.4691358024691357e-05,8.888888888888888e-06,2.5679012345679013e-05,0.5413619753086419,0.5689876543209876,0.5549343209876543,0.5413619753086419,0.5689876543209876,17,561871,1012500,1012500,0.9264,0.9264,0.0011975752431599648,0.0011975752431599648,0.0011975752431599648,0.988864714050293,6.916473872222221,101748392,results/evidence/noisy/waterfall/rank/n_40/Rc_0p5/points/result_n_40_awgn_ebno_p0p7.mat
waterfall,rank,40,62400,3120,1048576,21,0.06246471405029297,810,0,0.5,0.5,80.0,0.19911573010796216,0.0002458218890221755,810,0.8,2500,485,0.194,0.17866487707853249,0.21005527884356842,2.3703703703703703e-05,0.034921481481481484,2.4691358024691357e-05,1.4814814814814815e-05,3.3580246913580247e-05,0.029972345679012347,0.04017283950617284,0.034921481481481484,0.029972345679012347,0.04017283950617284,24,35358,1012500,1012500,0.194,0.194,0.0011975752431599648,0.0011975752431599648,0.0011975752431599648,0.256464714050293,2.6414427975,101849292,results/evidence/noisy/waterfall/rank/n_40/Rc_0p5/points/result_n_40_awgn_ebno_p0p8.mat
waterfall,rank,40,62400,3120,1048576,21,0.06246471405029297,810,0,0.5,0.5,80.0,0.19911573010796216,0.0002458218890221755,810,0.9,2500,3,0.0012,0.00024753724916504405,0.0035028662036597955,2.4691358024691357e-05,0.0004019753086419753,2.4691358024691357e-05,1.580246913580247e-05,3.45679012345679e-05,0.0,0.001202962962962963,0.0004019753086419753,1.7777777777777777e-05,0.001202962962962963,25,407,1012500,1012500,0.0012,0.0012,0.0011975752431599648,0.0011975752431599648,0.0011975752431599648,0.06366471405029298,2.4242827924999997,101950192,results/evidence/noisy/waterfall/rank/n_40/Rc_0p5/points/result_n_40_awgn_ebno_p0p9.mat
waterfall,rank,40,62400,3120,1048576,21,0.06246471405029297,810,0,0.5,0.5,80.0,0.19911573010796216,0.0002458218890221755,810,1,2500,0,0.0,0,0.001474463690359561,2.4691358024691357e-05,0.0,2.4691358024691357e-05,1.580246913580247e-05,3.45679012345679e-05,0,0,2.4691358024691357e-05,1.580246913580247e-05,3.45679012345679e-05,25,0,1012500,1012500,0.0,0.0,0.0011975752431599648,0.0011975752431599648,0.0011975752431599648,0.06246471405029297,4.7229152533333325,102051092,results/evidence/noisy/waterfall/rank/n_40/Rc_0p5/points/result_n_40_awgn_ebno_p1p0.mat
waterfall,rank,40,62400,3120,1048576,21,0.06246471405029297,810,0,0.5,0.5,80.0,0.19911573010796216,0.0002458218890221755,810,1.1,2500,1,0.0004,1.0127071914576963e-05,0.002226620698675696,2.4691358024691357e-05,0.0003723456790123457,2.4691358024691357e-05,1.580246913580247e-05,3.45679012345679e-05,0.0,0.001117037037037037,0.0003723456790123457,1.6790123456790123e-05,0.001117037037037037,25,377,1012500,1012500,0.0004,0.0004,0.0011975752431599648,0.0011975752431599648,0.0011975752431599648,0.06286471405029297,5.502316962222222,102151992,results/evidence/noisy/waterfall/rank/n_40/Rc_0p5/points/result_n_40_awgn_ebno_p1p1.mat
waterfall,rank,40,62400,3120,1048576,21,0.06246471405029297,810,0,0.5,0.5,80.0,0.19911573010796216,0.0002458218890221755,810,1.2000000000000002,2500,0,0.0,0,0.001474463690359561,2.4691358024691357e-05,0.0,2.4691358024691357e-05,1.4814814814814815e-05,3.555555555555555e-05,0,0,2.4691358024691357e-05,1.4814814814814815e-05,3.555555555555555e-05,25,0,1012500,1012500,0.0,0.0,0.0011975752431599648,0.0011975752431599648,0.0011975752431599648,0.06246471405029297,5.034524929444444,102252892,results/evidence/noisy/waterfall/rank/n_40/Rc_0p5/points/result_n_40_awgn_ebno_p1p2.mat
waterfall,rank,40,62400,3120,1048576,21,0.06246471405029297,810,0,0.5,0.5,80.0,0.19911573010796216,0.0002458218890221755,810,1.3,2500,3,0.0012,0.00024753724916504405,0.0035028662036597955,2.4691358024691357e-05,0.0011120987654320987,2.4691358024691357e-05,1.580246913580247e-05,3.45679012345679e-05,0.0,0.002551111111111111,0.0011120987654320987,2.3703703703703703e-05,0.002551111111111111,25,1126,1012500,1012500,0.0012,0.0012,0.0011975752431599648,0.0011975752431599648,0.0011975752431599648,0.06366471405029298,3.11758642,102353792,results/evidence/noisy/waterfall/rank/n_40/Rc_0p5/points/result_n_40_awgn_ebno_p1p3.mat
waterfall,rank,40,62400,3120,1048576,21,0.06246471405029297,810,0,0.5,0.5,80.0,0.19911573010796216,0.0002458218890221755,810,1.4,2500,0,0.0,0,0.001474463690359561,2.4691358024691357e-05,0.0,2.4691358024691357e-05,1.580246913580247e-05,3.45679012345679e-05,0,0,2.4691358024691357e-05,1.580246913580247e-05,3.45679012345679e-05,25,0,1012500,1012500,0.0,0.0,0.0011975752431599648,0.0011975752431599648,0.0011975752431599648,0.06246471405029297,2.3621648577777776,102454692,results/evidence/noisy/waterfall/rank/n_40/Rc_0p5/points/result_n_40_awgn_ebno_p1p4.mat
waterfall,rank,40,62400,3120,1048576,21,0.06246471405029297,810,0,0.5,0.5,80.0,0.19911573010796216,0.0002458218890221755,810,1.5,2500,0,0.0,0,0.001474463690359561,2.4691358024691357e-05,0.0,2.4691358024691357e-05,1.580246913580247e-05,3.45679012345679e-05,0,0,2.4691358024691357e-05,1.580246913580247e-05,3.45679012345679e-05,25,0,1012500,1012500,0.0,0.0,0.0011975752431599648,0.0011975752431599648,0.0011975752431599648,0.06246471405029297,2.356957540833333,102555592,results/evidence/noisy/waterfall/rank/n_40/Rc_0p5/points/result_n_40_awgn_ebno_p1p5.mat
waterfall,rank,40,62400,3120,1048576,21,0.06246471405029297,810,0,0.5,0.5,80.0,0.19911573010796216,0.0002458218890221755,810,1.6,2500,1,0.0004,1.0127071914576963e-05,0.002226620698675696,2.4691358024691357e-05,4.938271604938272e-06,2.4691358024691357e-05,1.580246913580247e-05,3.45679012345679e-05,0.0,1.4814814814814815e-05,2.4691358024691357e-05,1.580246913580247e-05,3.45679012345679e-05,25,5,1012500,1012500,0.0004,0.0004,0.0011975752431599648,0.0011975752431599648,0.0011975752431599648,0.06286471405029297,2.30129801,102656492,results/evidence/noisy/waterfall/rank/n_40/Rc_0p5/points/result_n_40_awgn_ebno_p1p6.mat
waterfall,rank,40,62400,3120,1048576,21,0.06246471405029297,810,0,0.5,0.5,80.0,0.19911573010796216,0.0002458218890221755,810,1.7000000000000002,2500,1,0.0004,1.0127071914576963e-05,0.002226620698675696,2.4691358024691357e-05,4.54320987654321e-05,2.4691358024691357e-05,1.580246913580247e-05,3.45679012345679e-05,0.0,0.0001362962962962963,4.54320987654321e-05,1.6790123456790123e-05,0.0001362962962962963,25,46,1012500,1012500,0.0004,0.0004,0.0011975752431599648,0.0011975752431599648,0.0011975752431599648,0.06286471405029297,2.7222072991666666,102757392,results/evidence/noisy/waterfall/rank/n_40/Rc_0p5/points/result_n_40_awgn_ebno_p1p7.mat
waterfall,rank,40,62400,3120,1048576,21,0.06246471405029297,810,0,0.5,0.5,80.0,0.19911573010796216,0.0002458218890221755,810,1.8,2500,0,0.0,0,0.001474463690359561,2.4691358024691357e-05,0.0,2.4691358024691357e-05,1.4814814814814815e-05,3.45679012345679e-05,0,0,2.4691358024691357e-05,1.4814814814814815e-05,3.45679012345679e-05,25,0,1012500,1012500,0.0,0.0,0.0011975752431599648,0.0011975752431599648,0.0011975752431599648,0.06246471405029297,2.2751662405555555,102858292,results/evidence/noisy/waterfall/rank/n_40/Rc_0p5/points/result_n_40_awgn_ebno_p1p8.mat
waterfall,rank,40,62400,3120,1048576,21,0.06246471405029297,810,0,0.5,0.5,80.0,0.19911573010796216,0.0002458218890221755,810,1.9,2500,1,0.0004,1.0127071914576963e-05,0.002226620698675696,2.4691358024691357e-05,5.925925925925926e-06,2.4691358024691357e-05,1.580246913580247e-05,3.45679012345679e-05,0.0,1.7777777777777777e-05,2.4691358024691357e-05,1.580246913580247e-05,3.45679012345679e-05,25,6,1012500,1012500,0.0004,0.0004,0.0011975752431599648,0.0011975752431599648,0.0011975752431599648,0.06286471405029297,2.159177629722222,102959192,results/evidence/noisy/waterfall/rank/n_40/Rc_0p5/points/result_n_40_awgn_ebno_p1p9.mat
waterfall,rank,40,62400,3120,1048576,21,0.06246471405029297,810,0,0.5,0.5,80.0,0.19911573010796216,0.0002458218890221755,810,2,2500,1,0.0004,1.0127071914576963e-05,0.002226620698675696,2.4691358024691357e-05,9.876543209876544e-07,2.4691358024691357e-05,1.580246913580247e-05,3.45679012345679e-05,0.0,2.962962962962963e-06,2.4691358024691357e-05,1.580246913580247e-05,3.45679012345679e-05,25,1,1012500,1012500,0.0004,0.0004,0.0011975752431599648,0.0011975752431599648,0.0011975752431599648,0.06286471405029297,4.115400492222222,103060092,results/evidence/noisy/waterfall/rank/n_40/Rc_0p5/points/result_n_40_awgn_ebno_p2p0.mat
waterfall,rank,40,62400,3120,1048576,21,0.06246471405029297,810,0,0.5,0.5,80.0,0.19911573010796216,0.0002458218890221755,810,2.1,2500,1,0.0004,1.0127071914576963e-05,0.002226620698675696,2.4691358024691357e-05,3.061728395061729e-05,2.4691358024691357e-05,1.580246913580247e-05,3.45679012345679e-05,0.0,9.185185185185185e-05,3.061728395061729e-05,1.7777777777777777e-05,9.185185185185185e-05,25,31,1012500,1012500,0.0004,0.0004,0.0011975752431599648,0.0011975752431599648,0.0011975752431599648,0.06286471405029297,2.1017024322222224,103160992,results/evidence/noisy/waterfall/rank/n_40/Rc_0p5/points/result_n_40_awgn_ebno_p2p1.mat
waterfall,rank,40,62400,3120,1048576,21,0.06246471405029297,810,0,0.5,0.5,80.0,0.19911573010796216,0.0002458218890221755,810,2.2,2500,1,0.0004,1.0127071914576963e-05,0.002226620698675696,2.4691358024691357e-05,9.876543209876544e-07,2.4691358024691357e-05,1.4814814814814815e-05,3.45679012345679e-05,0.0,2.962962962962963e-06,2.4691358024691357e-05,1.4814814814814815e-05,3.45679012345679e-05,25,1,1012500,1012500,0.0004,0.0004,0.0011975752431599648,0.0011975752431599648,0.0011975752431599648,0.06286471405029297,2.1007907677777777,103261892,results/evidence/noisy/waterfall/rank/n_40/Rc_0p5/points/result_n_40_awgn_ebno_p2p2.mat
waterfall,rank,40,62400,3120,1048576,21,0.06246471405029297,810,0,0.5,0.5,80.0,0.19911573010796216,0.0002458218890221755,810,2.3,2500,0,0.0,0,0.001474463690359561,2.4691358024691357e-05,0.0,2.4691358024691357e-05,1.580246913580247e-05,3.45679012345679e-05,0,0,2.4691358024691357e-05,1.580246913580247e-05,3.45679012345679e-05,25,0,1012500,1012500,0.0,0.0,0.0011975752431599648,0.0011975752431599648,0.0011975752431599648,0.06246471405029297,3.9626284669444445,103362792,results/evidence/noisy/waterfall/rank/n_40/Rc_0p5/points/result_n_40_awgn_ebno_p2p3.mat
waterfall,rank,40,62400,3120,1048576,21,0.06246471405029297,810,0,0.5,0.5,80.0,0.19911573010796216,0.0002458218890221755,810,2.4,2500,0,0.0,0,0.001474463690359561,2.4691358024691357e-05,0.0,2.4691358024691357e-05,1.580246913580247e-05,3.45679012345679e-05,0,0,2.4691358024691357e-05,1.580246913580247e-05,3.45679012345679e-05,25,0,1012500,1012500,0.0,0.0,0.0011975752431599648,0.0011975752431599648,0.0011975752431599648,0.06246471405029297,1.9623861800000002,103463692,results/evidence/noisy/waterfall/rank/n_40/Rc_0p5/points/result_n_40_awgn_ebno_p2p4.mat
waterfall,rank,40,62400,3120,1048576,21,0.06246471405029297,810,0,0.5,0.5,80.0,0.19911573010796216,0.0002458218890221755,810,2.5,2500,0,0.0,0,0.001474463690359561,2.4691358024691357e-05,0.0,2.4691358024691357e-05,1.580246913580247e-05,3.45679012345679e-05,0,0,2.4691358024691357e-05,1.580246913580247e-05,3.45679012345679e-05,25,0,1012500,1012500,0.0,0.0,0.0011975752431599648,0.0011975752431599648,0.0011975752431599648,0.06246471405029297,1.9325706916666667,103564592,results/evidence/noisy/waterfall/rank/n_40/Rc_0p5/points/result_n_40_awgn_ebno_p2p5.mat
waterfall,rank,40,62400,3120,1048576,21,0.06246471405029297,810,0,0.5,0.5,80.0,0.19911573010796216,0.0002458218890221755,810,2.6,2500,0,0.0,0,0.001474463690359561,2.4691358024691357e-05,0.0,2.4691358024691357e-05,1.580246913580247e-05,3.555555555555555e-05,0,0,2.4691358024691357e-05,1.580246913580247e-05,3.555555555555555e-05,25,0,1012500,1012500,0.0,0.0,0.0011975752431599648,0.0011975752431599648,0.0011975752431599648,0.06246471405029297,2.6640528969444444,103665492,results/evidence/noisy/waterfall/rank/n_40/Rc_0p5/points/result_n_40_awgn_ebno_p2p6.mat
