panel,family,sequence,n_t,E_2,rate,asymptotic
fixed,id,E2=0.1,24,0.1,0.5493698059545118,0.5
fixed,id,E2=0.1,26,0.1,0.5423173722102607,0.5
fixed,id,E2=0.1,28,0.1,0.5359652595319274,0.5
fixed,id,E2=0.1,32,0.1,0.5249965215207373,0.5
fixed,id,E2=0.1,34,0.1,0.5202169318658079,0.5
fixed,id,E2=0.1,38,0.1,0.5117870137120918,0.5
fixed,id,E2=0.1,40,0.1,0.5080482023721841,0.5
fixed,id,E2=0.1,44,0.1,0.5013507183073852,0.5
fixed,id,E2=0.1,48,0.1,0.49552001401242923,0.5
fixed,id,E2=0.1,52,0.1,0.490393058510844,0.5
fixed,id,E2=0.1,58,0.1,0.4837582924765397,0.5
fixed,id,E2=0.1,62,0.1,0.4799063915623781,0.5
fixed,id,E2=0.1,68,0.1,0.47481562996815435,0.5
fixed,id,E2=0.1,74,0.1,0.4703980184449591,0.5
fixed,id,E2=0.1,82,0.1,0.46533600005457126,0.5
fixed,id,E2=0.1,90,0.1,0.46102058995921863,0.5
fixed,id,E2=0.1,98,0.1,0.4572929575930077,0.5
fixed,id,E2=0.1,106,0.1,0.4540369854204055,0.5
fixed,id,E2=0.1,116,0.1,0.45049983616489286,0.5
fixed,id,E2=0.1,126,0.1,0.44743872955158664,0.5
fixed,id,E2=0.1,138,0.1,0.4442646699766534,0.5
fixed,id,E2=0.1,150,0.1,0.4415254579366392,0.5
fixed,id,E2=0.1,164,0.1,0.43876556100376884,0.5
fixed,id,E2=0.1,180,0.1,0.4360658505351649,0.5
fixed,id,E2=0.1,196,0.1,0.43374851961283273,0.5
fixed,id,E2=0.1,214,0.1,0.4315021821794447,0.5
fixed,id,E2=0.1,234,0.1,0.4293605329896727,0.5
fixed,id,E2=0.1,254,0.1,0.4275145066408353,0.5
fixed,id,E2=0.1,278,0.1,0.42560770170044426,0.5
fixed,id,E2=0.1,302,0.1,0.42396822761365927,0.5
fixed,id,E2=0.1,330,0.1,0.4223221885280177,0.5
fixed,id,E2=0.1,360,0.1,0.42081070304536017,0.5
fixed,id,E2=0.1,394,0.1,0.41934530918643753,0.5
fixed,id,E2=0.1,430,0.1,0.4180190531385801,0.5
fixed,id,E2=0.1,468,0.1,0.4168170186315885,0.5
fixed,id,E2=0.1,512,0.1,0.415625,0.5
fixed,id,E2=0.1,558,0.1,0.4145593571896581,0.5
fixed,id,E2=0.1,610,0.1,0.41352895972532827,0.5
fixed,id,E2=0.1,666,0.1,0.4125816491998067,0.5
fixed,id,E2=0.1,726,0.1,0.41171325859228064,0.5
fixed,id,E2=0.1,792,0.1,0.4108956522980803,0.5
fixed,id,E2=0.1,864,0.1,0.4101329716460225,0.5
fixed,id,E2=0.1,944,0.1,0.40940957950144263,0.5
fixed,id,E2=0.1,1030,0.1,0.4087460472058938,0.5
fixed,id,E2=0.1,1124,0.1,0.4081267138080258,0.5
fixed,id,E2=0.1,1226,0.1,0.40755280853482123,0.5
fixed,id,E2=0.1,1338,0.1,0.4070148448435288,0.5
fixed,id,E2=0.1,1462,0.1,0.4065073376169306,0.5
fixed,id,E2=0.1,1594,0.1,0.406046697562102,0.5
fixed,id,E2=0.1,1740,0.1,0.40561199516708973,0.5
fixed,id,E2=0.1,1900,0.1,0.40520620194906226,0.5
fixed,id,E2=0.1,2072,0.1,0.4048343669342117,0.5
fixed,id,E2=0.1,2262,0.1,0.40448425429442525,0.5
fixed,id,E2=0.1,2468,0.1,0.40416091032380447,0.5
fixed,id,E2=0.1,2694,0.1,0.40385877287879085,0.5
fixed,id,E2=0.1,2940,0.1,0.40357877565976996,0.5
fixed,id,E2=0.1,3210,0.1,0.40331724535265095,0.5
fixed,id,E2=0.1,3502,0.1,0.40307651723827354,0.5
fixed,id,E2=0.1,3822,0.1,0.40285193931527413,0.5
fixed,id,E2=0.1,4172,0.1,0.402642982608466,0.5
fixed,id,E2=0.1,4552,0.1,0.402449974701737,0.5
fixed,id,E2=0.1,4968,0.1,0.40227021929513296,0.5
fixed,id,E2=0.1,5422,0.1,0.402103395314983,0.5
fixed,id,E2=0.1,5918,0.1,0.40194844440371646,0.5
fixed,id,E2=0.1,6458,0.1,0.401805028139612,0.5
fixed,id,E2=0.1,7050,0.1,0.40167140532513096,0.5
fixed,id,E2=0.1,7694,0.1,0.40154789681755876,0.5
fixed,id,E2=0.1,8396,0.1,0.4014334786149705,0.5
fixed,id,E2=0.1,9162,0.1,0.40132737904906335,0.5
fixed,id,E2=0.1,10000,0.1,0.4012287712379549,0.5
fixed,id,E2=0.01,24,0.01,0.6393687784976246,0.5
fixed,id,E2=0.01,26,0.01,0.6323242781855891,0.5
fixed,id,E2=0.01,28,0.01,0.6259742303849383,0.5
fixed,id,E2=0.01,32,0.01,0.6149992137959452,0.5
fixed,id,E2=0.01,34,0.01,0.6102193745200094,0.5
fixed,id,E2=0.01,38,0.01,0.6017875088932011,0.5
fixed,id,E2=0.01,40,0.01,0.5980482020443754,0.5
fixed,id,E2=0.01,44,0.01,0.5913507118437817,0.5
fixed,id,E2=0.01,48,0.01,0.5855200509361101,0.5
fixed,id,E2=0.01,52,0.01,0.5803930712003809,0.5
fixed,id,E2=0.01,58,0.01,0.5737582930011583,0.5
fixed,id,E2=0.01,62,0.01,0.569906392094525,0.5
fixed,id,E2=0.01,68,0.01,0.5648156300178724,0.5
fixed,id,E2=0.01,74,0.01,0.5603980184542283,0.5
fixed,id,E2=0.01,82,0.01,0.555336000056307,0.5
fixed,id,E2=0.01,90,0.01,0.5510205899592183,0.5
fixed,id,E2=0.01,98,0.01,0.5472929575930123,0.5
fixed,id,E2=0.01,106,0.01,0.5440369854204075,0.5
fixed,id,E2=0.01,116,0.01,0.5404998361648928,0.5
fixed,id,E2=0.01,126,0.01,0.5374387295515867,0.5
fixed,id,E2=0.01,138,0.01,0.5342646699766535,0.5
fixed,id,E2=0.01,150,0.01,0.5315254579366392,0.5
fixed,id,E2=0.01,164,0.01,0.5287655610037688,0.5
fixed,id,E2=0.01,180,0.01,0.5260658505351649,0.5
fixed,id,E2=0.01,196,0.01,0.5237485196128326,0.5
fixed,id,E2=0.01,214,0.01,0.5215021821794447,0.5
fixed,id,E2=0.01,234,0.01,0.5193605329896727,0.5
fixed,id,E2=0.01,254,0.01,0.5175145066408353,0.5
fixed,id,E2=0.01,278,0.01,0.5156077017004443,0.5
fixed,id,E2=0.01,302,0.01,0.5139682276136592,0.5
fixed,id,E2=0.01,330,0.01,0.5123221885280176,0.5
fixed,id,E2=0.01,360,0.01,0.5108107030453601,0.5
fixed,id,E2=0.01,394,0.01,0.5093453091864375,0.5
fixed,id,E2=0.01,430,0.01,0.5080190531385801,0.5
fixed,id,E2=0.01,468,0.01,0.5068170186315885,0.5
fixed,id,E2=0.01,512,0.01,0.505625,0.5
fixed,id,E2=0.01,558,0.01,0.504559357189658,0.5
fixed,id,E2=0.01,610,0.01,0.5035289597253283,0.5
fixed,id,E2=0.01,666,0.01,0.5025816491998066,0.5
fixed,id,E2=0.01,726,0.01,0.5017132585922807,0.5
fixed,id,E2=0.01,792,0.01,0.5008956522980803,0.5
fixed,id,E2=0.01,864,0.01,0.5001329716460226,0.5
fixed,id,E2=0.01,944,0.01,0.4994095795014426,0.5
fixed,id,E2=0.01,1030,0.01,0.4987460472058937,0.5
fixed,id,E2=0.01,1124,0.01,0.4981267138080257,0.5
fixed,id,E2=0.01,1226,0.01,0.4975528085348212,0.5
fixed,id,E2=0.01,1338,0.01,0.49701484484352876,0.5
fixed,id,E2=0.01,1462,0.01,0.49650733761693056,0.5
fixed,id,E2=0.01,1594,0.01,0.4960466975621019,0.5
fixed,id,E2=0.01,1740,0.01,0.4956119951670897,0.5
fixed,id,E2=0.01,1900,0.01,0.49520620194906223,0.5
fixed,id,E2=0.01,2072,0.01,0.49483436693421157,0.5
fixed,id,E2=0.01,2262,0.01,0.49448425429442516,0.5
fixed,id,E2=0.01,2468,0.01,0.49416091032380444,0.5
fixed,id,E2=0.01,2694,0.01,0.49385877287879076,0.5
fixed,id,E2=0.01,2940,0.01,0.49357877565976993,0.5
fixed,id,E2=0.01,3210,0.01,0.4933172453526509,0.5
fixed,id,E2=0.01,3502,0.01,0.49307651723827345,0.5
fixed,id,E2=0.01,3822,0.01,0.4928519393152741,0.5
fixed,id,E2=0.01,4172,0.01,0.49264298260846595,0.5
fixed,id,E2=0.01,4552,0.01,0.4924499747017369,0.5
fixed,id,E2=0.01,4968,0.01,0.492270219295133,0.5
fixed,id,E2=0.01,5422,0.01,0.4921033953149829,0.5
fixed,id,E2=0.01,5918,0.01,0.4919484444037165,0.5
fixed,id,E2=0.01,6458,0.01,0.49180502813961197,0.5
fixed,id,E2=0.01,7050,0.01,0.491671405325131,0.5
fixed,id,E2=0.01,7694,0.01,0.49154789681755867,0.5
fixed,id,E2=0.01,8396,0.01,0.49143347861497044,0.5
fixed,id,E2=0.01,9162,0.01,0.4913273790490633,0.5
fixed,id,E2=0.01,10000,0.01,0.491228771237955,0.5
vanishing,id,E2=n_t^-1/2,24,0.20412414523193154,0.44512477432007014,0.5
vanishing,id,E2=n_t^-1/2,26,0.19611613513818404,0.4462040971585323,0.5
vanishing,id,E2=n_t^-1/2,28,0.1889822365046136,0.4469540733620888,0.5
vanishing,id,E2=n_t^-1/2,32,0.17677669529663687,0.4481898333749731,0.5
vanishing,id,E2=n_t^-1/2,34,0.17149858514250882,0.44870985174654615,0.5
vanishing,id,E2=n_t^-1/2,38,0.16222142113076254,0.4495627850442152,0.5
vanishing,id,E2=n_t^-1/2,40,0.15811388300841897,0.4499333467672531,0.5
vanishing,id,E2=n_t^-1/2,44,0.15075567228888181,0.45059462798230876,0.5
vanishing,id,E2=n_t^-1/2,48,0.14433756729740646,0.45118228230088286,0.5
vanishing,id,E2=n_t^-1/2,52,0.1386750490563073,0.4517180084570848,0.5
vanishing,id,E2=n_t^-1/2,58,0.13130643285972254,0.45245185730452403,0.5
vanishing,id,E2=n_t^-1/2,62,0.1270001270001905,0.45290626274606055,0.5
vanishing,id,E2=n_t^-1/2,68,0.12126781251816648,0.4535478173559228,0.5
vanishing,id,E2=n_t^-1/2,74,0.11624763874381928,0.4541503796822806,0.5
vanishing,id,E2=n_t^-1/2,82,0.11043152607484653,0.4549044739789559,0.5
vanishing,id,E2=n_t^-1/2,90,0.10540925533894598,0.45561133462008496,0.5
vanishing,id,E2=n_t^-1/2,98,0.10101525445522107,0.45627770313778465,0.5
vanishing,id,E2=n_t^-1/2,106,0.09712858623572641,0.4569083991846802,0.5
vanishing,id,E2=n_t^-1/2,116,0.09284766908852593,0.45765216707636686,0.5
vanishing,id,E2=n_t^-1/2,126,0.0890870806374748,0.45835164891411184,0.5
vanishing,id,E2=n_t^-1/2,138,0.08512565307587486,0.4591390169007786,0.5
vanishing,id,E2=n_t^-1/2,150,0.08164965809277261,0.4598757998438667,0.5
vanishing,id,E2=n_t^-1/2,164,0.07808688094430304,0.4606786800594658,0.5
vanishing,id,E2=n_t^-1/2,180,0.07453559924999299,0.46153025128517194,0.5
vanishing,id,E2=n_t^-1/2,196,0.07142857142857142,0.46231994818426125,0.5
vanishing,id,E2=n_t^-1/2,214,0.06835859270246633,0.46314358947697826,0.5
vanishing,id,E2=n_t^-1/2,234,0.06537204504606134,0.46398848794361136,0.5
vanishing,id,E2=n_t^-1/2,254,0.06274558051381586,0.4647689261270194,0.5
vanishing,id,E2=n_t^-1/2,278,0.05997601439040672,0.46563168731003757,0.5
vanishing,id,E2=n_t^-1/2,302,0.0575435337648436,0.4664246938488156,0.5
vanishing,id,E2=n_t^-1/2,330,0.055048188256318034,0.4672740002716996,0.5
vanishing,id,E2=n_t^-1/2,360,0.05270462766947299,0.46810607537588717,0.5
vanishing,id,E2=n_t^-1/2,394,0.05037927218598784,0.4689660370004497,0.5
vanishing,id,E2=n_t^-1/2,430,0.04822428221704121,0.4697947709215389,0.5
vanishing,id,E2=n_t^-1/2,468,0.046225016352102424,0.470592002279486,0.5
vanishing,id,E2=n_t^-1/2,512,0.044194173824159216,0.47143082617584076,0.5
vanishing,id,E2=n_t^-1/2,558,0.04233337566673017,0.47222598152292783,0.5
vanishing,id,E2=n_t^-1/2,610,0.0404888165089458,0.4730401432163825,0.5
vanishing,id,E2=n_t^-1/2,666,0.03874921291460643,0.4738324362852003,0.5
vanishing,id,E2=n_t^-1/2,726,0.037113480951260276,0.47459977764102035,0.5
vanishing,id,E2=n_t^-1/2,792,0.035533452725935076,0.47536219957214526,0.5
vanishing,id,E2=n_t^-1/2,864,0.034020690871988585,0.47611228077403395,0.5
vanishing,id,E2=n_t^-1/2,944,0.03254722774520597,0.47686235175623665,0.5
vanishing,id,E2=n_t^-1/2,1030,0.03115884764248779,0.477587199563406,0.5
vanishing,id,E2=n_t^-1/2,1124,0.02982749931359468,0.478299214494431,0.5
vanishing,id,E2=n_t^-1/2,1226,0.02855977389887699,0.47899303463594417,0.5
vanishing,id,E2=n_t^-1/2,1338,0.027338327590690405,0.4796765172528384,0.5
vanishing,id,E2=n_t^-1/2,1462,0.026153289048297074,0.4803540485686335,0.5
vanishing,id,E2=n_t^-1/2,1594,0.025047007249281213,0.4809996903128207,0.5
vanishing,id,E2=n_t^-1/2,1740,0.023973165074269207,0.4816388300928205,0.5
vanishing,id,E2=n_t^-1/2,1900,0.022941573387056175,0.4822646285620061,0.5
vanishing,id,E2=n_t^-1/2,2072,0.02196873875818734,0.48286562817602435,0.5
vanishing,id,E2=n_t^-1/2,2262,0.021025856676559002,0.48345839761786624,0.5
vanishing,id,E2=n_t^-1/2,2468,0.020129242055711864,0.48403166826809263,0.5
vanishing,id,E2=n_t^-1/2,2694,0.01926642802132291,0.48459234485746794,0.5
vanishing,id,E2=n_t^-1/2,2940,0.01844277783908294,0.485135997820687,0.5
vanishing,id,E2=n_t^-1/2,3210,0.017650112740455196,0.4856671326121958,0.5
vanishing,id,E2=n_t^-1/2,3502,0.01689825771046658,0.48617825952780686,0.5
vanishing,id,E2=n_t^-1/2,3822,0.016175386202065652,0.48667655311320845,0.5
vanishing,id,E2=n_t^-1/2,4172,0.015482028055565812,0.48716095455290015,0.5
vanishing,id,E2=n_t^-1/2,4552,0.014821729168218806,0.4876282455335182,0.5
vanishing,id,E2=n_t^-1/2,4968,0.014187608845979145,0.4880826104491538,0.5
vanishing,id,E2=n_t^-1/2,5422,0.013580640201036588,0.4885227551139464,0.5
vanishing,id,E2=n_t^-1/2,5918,0.01299907709828787,0.4889493673054286,0.5
vanishing,id,E2=n_t^-1/2,6458,0.01244374146972093,0.48936128666989104,0.5
vanishing,id,E2=n_t^-1/2,7050,0.011909826683508273,0.48976157864162273,0.5
vanishing,id,E2=n_t^-1/2,7694,0.011400500264927678,0.490147396552631,0.5
vanishing,id,E2=n_t^-1/2,8396,0.010913493271991717,0.4905199853429788,0.5
vanishing,id,E2=n_t^-1/2,9162,0.01044731901345371,0.49088006003560963,0.5
vanishing,id,E2=n_t^-1/2,10000,0.01,0.491228771237955,0.5
fixed,rank,E2=0.1,24,0.1,0.3647869792568112,0.5
fixed,rank,E2=0.1,26,0.1,0.37309383531311896,0.5
fixed,rank,E2=0.1,28,0.1,0.3790967801469717,0.5
fixed,rank,E2=0.1,32,0.1,0.38766067072301075,0.5
fixed,rank,E2=0.1,34,0.1,0.39101403415964325,0.5
fixed,rank,E2=0.1,38,0.1,0.396191643039505,0.5
fixed,rank,E2=0.1,40,0.1,0.3982314602159243,0.5
fixed,rank,E2=0.1,44,0.1,0.40152400197418303,0.5
fixed,rank,E2=0.1,48,0.1,0.404012901967784,0.5
fixed,rank,E2=0.1,52,0.1,0.4059251118306944,0.5
fixed,rank,E2=0.1,58,0.1,0.40802867141348326,0.5
fixed,rank,E2=0.1,62,0.1,0.40906254782396034,0.5
fixed,rank,E2=0.1,68,0.1,0.4102227261415563,0.5
fixed,rank,E2=0.1,74,0.1,0.4110423772372238,0.5
fixed,rank,E2=0.1,82,0.1,0.4117711534023795,0.5
fixed,rank,E2=0.1,90,0.1,0.41221706303922134,0.5
fixed,rank,E2=0.1,98,0.1,0.4124733920542624,0.5
fixed,rank,E2=0.1,106,0.1,0.4126000286017356,0.5
fixed,rank,E2=0.1,116,0.1,0.41263503079610925,0.5
fixed,rank,E2=0.1,126,0.1,0.4125790674660408,0.5
fixed,rank,E2=0.1,138,0.1,0.4124362828550682,0.5
fixed,rank,E2=0.1,150,0.1,0.4122433417847808,0.5
fixed,rank,E2=0.1,164,0.1,0.4119831376941423,0.5
fixed,rank,E2=0.1,180,0.1,0.4116640870752829,0.5
fixed,rank,E2=0.1,196,0.1,0.4113387368435534,0.5
fixed,rank,E2=0.1,214,0.1,0.41097733440945045,0.5
fixed,rank,E2=0.1,234,0.1,0.4105899457128404,0.5
fixed,rank,E2=0.1,254,0.1,0.41022191836217875,0.5
fixed,rank,E2=0.1,278,0.1,0.4098079987408084,0.5
fixed,rank,E2=0.1,302,0.1,0.4094241301872395,0.5
fixed,rank,E2=0.1,330,0.1,0.40901213573171835,0.5
fixed,rank,E2=0.1,360,0.1,0.4086098213154191,0.5
fixed,rank,E2=0.1,394,0.1,0.4081972954230397,0.5
fixed,rank,E2=0.1,430,0.1,0.40780436145769927,0.5
fixed,rank,E2=0.1,468,0.1,0.4074317249931723,0.5
fixed,rank,E2=0.1,512,0.1,0.40704625503363523,0.5
fixed,rank,E2=0.1,558,0.1,0.4066878205896961,0.5
fixed,rank,E2=0.1,610,0.1,0.40632843936011714,0.5
fixed,rank,E2=0.1,666,0.1,0.40598657799443316,0.5
fixed,rank,E2=0.1,726,0.1,0.4056632345939628,0.5
fixed,rank,E2=0.1,792,0.1,0.4053497969662889,0.5
fixed,rank,E2=0.1,864,0.1,0.40504927092521376,0.5
fixed,rank,E2=0.1,944,0.1,0.40475670087561766,0.5
fixed,rank,E2=0.1,1030,0.1,0.40448166135853575,0.5
fixed,rank,E2=0.1,1124,0.1,0.40421895809380975,0.5
fixed,rank,E2=0.1,1226,0.1,0.4039701678963393,0.5
fixed,rank,E2=0.1,1338,0.1,0.40373209639601104,0.5
fixed,rank,E2=0.1,1462,0.1,0.4035030165343186,0.5
fixed,rank,E2=0.1,1594,0.1,0.403291165929242,0.5
fixed,rank,E2=0.1,1740,0.1,0.4030876748091709,0.5
fixed,rank,E2=0.1,1900,0.1,0.4028944559370734,0.5
fixed,rank,E2=0.1,2072,0.1,0.4027145226181988,0.5
fixed,rank,E2=0.1,2262,0.1,0.40254246940371846,0.5
fixed,rank,E2=0.1,2468,0.1,0.40238120310225717,0.5
fixed,rank,E2=0.1,2694,0.1,0.4022283655206696,0.5
fixed,rank,E2=0.1,2940,0.1,0.402084790141818,0.5
fixed,rank,E2=0.1,3210,0.1,0.4019489221679847,0.5
fixed,rank,E2=0.1,3502,0.1,0.4018222861066977,0.5
fixed,rank,E2=0.1,3822,0.1,0.40170271968608035,0.5
fixed,rank,E2=0.1,4172,0.1,0.40159017402198977,0.5
fixed,rank,E2=0.1,4552,0.1,0.40148505435402637,0.5
fixed,rank,E2=0.1,4968,0.1,0.40138609743064446,0.5
fixed,rank,E2=0.1,5422,0.1,0.4012933035734155,0.5
fixed,rank,E2=0.1,5918,0.1,0.4012062481511347,0.5
fixed,rank,E2=0.1,6458,0.1,0.40112489227358866,0.5
fixed,rank,E2=0.1,7050,0.1,0.40104838157721906,0.5
fixed,rank,E2=0.1,7694,0.1,0.4009770211452454,0.5
fixed,rank,E2=0.1,8396,0.1,0.40091033456747416,0.5
fixed,rank,E2=0.1,9162,0.1,0.4008479730871796,0.5
fixed,rank,E2=0.1,10000,0.1,0.400789539495677,0.5
fixed,rank,E2=0.01,24,0.01,0.4563035297902905,0.5
fixed,rank,E2=0.01,26,0.01,0.46325906254065036,0.5
fixed,rank,E2=0.01,28,0.01,0.4690637288992824,0.5
fixed,rank,E2=0.01,32,0.01,0.4777229745652095,0.5
fixed,rank,E2=0.01,34,0.01,0.4810331581985723,0.5
fixed,rank,E2=0.01,38,0.01,0.48619851202257386,0.5
fixed,rank,E2=0.01,40,0.01,0.48823976722001616,0.5
fixed,rank,E2=0.01,44,0.01,0.49152510376861797,0.5
fixed,rank,E2=0.01,48,0.01,0.4940134279668958,0.5
fixed,rank,E2=0.01,52,0.01,0.4959254237120308,0.5
fixed,rank,E2=0.01,58,0.01,0.49802868184804155,0.5
fixed,rank,E2=0.01,62,0.01,0.4990625624284202,0.5
fixed,rank,E2=0.01,68,0.01,0.5002227267140145,0.5
fixed,rank,E2=0.01,74,0.01,0.5010423776016022,0.5
fixed,rank,E2=0.01,82,0.01,0.5017711534367996,0.5
fixed,rank,E2=0.01,90,0.01,0.5022170630394432,0.5
fixed,rank,E2=0.01,98,0.01,0.5024733920544535,0.5
fixed,rank,E2=0.01,106,0.01,0.5026000286017399,0.5
fixed,rank,E2=0.01,116,0.01,0.5026350307961104,0.5
fixed,rank,E2=0.01,126,0.01,0.502579067466041,0.5
fixed,rank,E2=0.01,138,0.01,0.5024362828550683,0.5
fixed,rank,E2=0.01,150,0.01,0.5022433417847808,0.5
fixed,rank,E2=0.01,164,0.01,0.5019831376941423,0.5
fixed,rank,E2=0.01,180,0.01,0.5016640870752829,0.5
fixed,rank,E2=0.01,196,0.01,0.5013387368435532,0.5
fixed,rank,E2=0.01,214,0.01,0.5009773344094505,0.5
fixed,rank,E2=0.01,234,0.01,0.5005899457128403,0.5
fixed,rank,E2=0.01,254,0.01,0.5002219183621787,0.5
fixed,rank,E2=0.01,278,0.01,0.49980799874080845,0.5
fixed,rank,E2=0.01,302,0.01,0.4994241301872394,0.5
fixed,rank,E2=0.01,330,0.01,0.4990121357317183,0.5
fixed,rank,E2=0.01,360,0.01,0.49860982131541914,0.5
fixed,rank,E2=0.01,394,0.01,0.4981972954230396,0.5
fixed,rank,E2=0.01,430,0.01,0.49780436145769924,0.5
fixed,rank,E2=0.01,468,0.01,0.49743172499317223,0.5
fixed,rank,E2=0.01,512,0.01,0.4970462550336352,0.5
fixed,rank,E2=0.01,558,0.01,0.4966878205896961,0.5
fixed,rank,E2=0.01,610,0.01,0.49632843936011717,0.5
fixed,rank,E2=0.01,666,0.01,0.4959865779944331,0.5
fixed,rank,E2=0.01,726,0.01,0.4956632345939628,0.5
fixed,rank,E2=0.01,792,0.01,0.4953497969662889,0.5
fixed,rank,E2=0.01,864,0.01,0.4950492709252138,0.5
fixed,rank,E2=0.01,944,0.01,0.4947567008756176,0.5
fixed,rank,E2=0.01,1030,0.01,0.4944816613585357,0.5
fixed,rank,E2=0.01,1124,0.01,0.4942189580938097,0.5
fixed,rank,E2=0.01,1226,0.01,0.49397016789633935,0.5
fixed,rank,E2=0.01,1338,0.01,0.493732096396011,0.5
fixed,rank,E2=0.01,1462,0.01,0.4935030165343185,0.5
fixed,rank,E2=0.01,1594,0.01,0.49329116592924194,0.5
fixed,rank,E2=0.01,1740,0.01,0.4930876748091709,0.5
fixed,rank,E2=0.01,1900,0.01,0.49289445593707343,0.5
fixed,rank,E2=0.01,2072,0.01,0.4927145226181987,0.5
fixed,rank,E2=0.01,2262,0.01,0.49254246940371843,0.5
fixed,rank,E2=0.01,2468,0.01,0.49238120310225714,0.5
fixed,rank,E2=0.01,2694,0.01,0.4922283655206695,0.5
fixed,rank,E2=0.01,2940,0.01,0.492084790141818,0.5
fixed,rank,E2=0.01,3210,0.01,0.49194892216798464,0.5
fixed,rank,E2=0.01,3502,0.01,0.4918222861066976,0.5
fixed,rank,E2=0.01,3822,0.01,0.49170271968608026,0.5
fixed,rank,E2=0.01,4172,0.01,0.4915901740219897,0.5
fixed,rank,E2=0.01,4552,0.01,0.4914850543540263,0.5
fixed,rank,E2=0.01,4968,0.01,0.4913860974306445,0.5
fixed,rank,E2=0.01,5422,0.01,0.49129330357341544,0.5
fixed,rank,E2=0.01,5918,0.01,0.49120624815113473,0.5
fixed,rank,E2=0.01,6458,0.01,0.49112489227358863,0.5
fixed,rank,E2=0.01,7050,0.01,0.4910483815772191,0.5
fixed,rank,E2=0.01,7694,0.01,0.49097702114524533,0.5
fixed,rank,E2=0.01,8396,0.01,0.49091033456747424,0.5
fixed,rank,E2=0.01,9162,0.01,0.49084797308717965,0.5
fixed,rank,E2=0.01,10000,0.01,0.4907895394956771,0.5
vanishing,rank,E2=n_t^-1/2,24,0.20412414523193154,0.25708020839342965,0.5
vanishing,rank,E2=n_t^-1/2,26,0.19611613513818404,0.2753796667991688,0.5
vanishing,rank,E2=n_t^-1/2,28,0.1889822365046136,0.28768865841075675,0.5
vanishing,rank,E2=n_t^-1/2,32,0.17677669529663687,0.3103355417988402,0.5
vanishing,rank,E2=n_t^-1/2,34,0.17149858514250882,0.31928374017727246,0.5
vanishing,rank,E2=n_t^-1/2,38,0.16222142113076254,0.3339702897182188,0.5
vanishing,rank,E2=n_t^-1/2,40,0.15811388300841897,0.3401254111977841,0.5
vanishing,rank,E2=n_t^-1/2,44,0.15075567228888181,0.35076923201006416,0.5
vanishing,rank,E2=n_t^-1/2,48,0.14433756729740646,0.3596713054257905,0.5
vanishing,rank,E2=n_t^-1/2,52,0.1386750490563073,0.3672495693699624,0.5
vanishing,rank,E2=n_t^-1/2,58,0.13130643285972254,0.3767222465669592,0.5
vanishing,rank,E2=n_t^-1/2,62,0.1270001270001905,0.3820624257205768,0.5
vanishing,rank,E2=n_t^-1/2,68,0.12126781251816648,0.38895490995503534,0.5
vanishing,rank,E2=n_t^-1/2,74,0.11624763874381928,0.39479473839287593,0.5
vanishing,rank,E2=n_t^-1/2,82,0.11043152607484653,0.40133962735970274,0.5
vanishing,rank,E2=n_t^-1/2,90,0.10540925533894598,0.4068078077003209,0.5
vanishing,rank,E2=n_t^-1/2,98,0.10101525445522107,0.4114581375989012,0.5
vanishing,rank,E2=n_t^-1/2,106,0.09712858623572641,0.4154714423659974,0.5
vanishing,rank,E2=n_t^-1/2,116,0.09284766908852593,0.41978736170758435,0.5
vanishing,rank,E2=n_t^-1/2,126,0.0890870806374748,0.4234919868285661,0.5
vanishing,rank,E2=n_t^-1/2,138,0.08512565307587486,0.4273106297791934,0.5
vanishing,rank,E2=n_t^-1/2,150,0.08164965809277261,0.43059368369200823,0.5
vanishing,rank,E2=n_t^-1/2,164,0.07808688094430304,0.4338962567498392,0.5
vanishing,rank,E2=n_t^-1/2,180,0.07453559924999299,0.4371284878252899,0.5
vanishing,rank,E2=n_t^-1/2,196,0.07142857142857142,0.4399101654149819,0.5
vanishing,rank,E2=n_t^-1/2,214,0.06835859270246633,0.44261874170698406,0.5
vanishing,rank,E2=n_t^-1/2,234,0.06537204504606134,0.445217900666779,0.5
vanishing,rank,E2=n_t^-1/2,254,0.06274558051381586,0.4474763378483629,0.5
vanishing,rank,E2=n_t^-1/2,278,0.05997601439040672,0.4498319843504017,0.5
vanishing,rank,E2=n_t^-1/2,302,0.0575435337648436,0.4518805964223958,0.5
vanishing,rank,E2=n_t^-1/2,330,0.055048188256318034,0.45396394747540025,0.5
vanishing,rank,E2=n_t^-1/2,360,0.05270462766947299,0.4559051936459461,0.5
vanishing,rank,E2=n_t^-1/2,394,0.05037927218598784,0.4578180232370518,0.5
vanishing,rank,E2=n_t^-1/2,430,0.04822428221704121,0.459580079240658,0.5
vanishing,rank,E2=n_t^-1/2,468,0.046225016352102424,0.46120670864106983,0.5
vanishing,rank,E2=n_t^-1/2,512,0.044194173824159216,0.46285208120947596,0.5
vanishing,rank,E2=n_t^-1/2,558,0.04233337566673017,0.4643544449229659,0.5
vanishing,rank,E2=n_t^-1/2,610,0.0404888165089458,0.4658396228511714,0.5
vanishing,rank,E2=n_t^-1/2,666,0.03874921291460643,0.4672373650798267,0.5
vanishing,rank,E2=n_t^-1/2,726,0.037113480951260276,0.46854975364270246,0.5
vanishing,rank,E2=n_t^-1/2,792,0.035533452725935076,0.4698163442403539,0.5
vanishing,rank,E2=n_t^-1/2,864,0.034020690871988585,0.4710285800532252,0.5
vanishing,rank,E2=n_t^-1/2,944,0.03254722774520597,0.47220947313041167,0.5
vanishing,rank,E2=n_t^-1/2,1030,0.03115884764248779,0.47332281371604795,0.5
vanishing,rank,E2=n_t^-1/2,1124,0.02982749931359468,0.474391458780215,0.5
vanishing,rank,E2=n_t^-1/2,1226,0.02855977389887699,0.47541039399746227,0.5
vanishing,rank,E2=n_t^-1/2,1338,0.027338327590690405,0.47639376880532064,0.5
vanishing,rank,E2=n_t^-1/2,1462,0.026153289048297074,0.4773497274860215,0.5
vanishing,rank,E2=n_t^-1/2,1594,0.025047007249281213,0.47824415867996073,0.5
vanishing,rank,E2=n_t^-1/2,1740,0.023973165074269207,0.47911450973490166,0.5
vanishing,rank,E2=n_t^-1/2,1900,0.022941573387056175,0.4799528825500173,0.5
vanishing,rank,E2=n_t^-1/2,2072,0.02196873875818734,0.48074578386001143,0.5
vanishing,rank,E2=n_t^-1/2,2262,0.021025856676559002,0.4815166127271595,0.5
vanishing,rank,E2=n_t^-1/2,2468,0.020129242055711864,0.48225196104654533,0.5
vanishing,rank,E2=n_t^-1/2,2694,0.01926642802132291,0.4829619374993467,0.5
vanishing,rank,E2=n_t^-1/2,2940,0.01844277783908294,0.48364201230273507,0.5
vanishing,rank,E2=n_t^-1/2,3210,0.017650112740455196,0.48429880942752956,0.5
vanishing,rank,E2=n_t^-1/2,3502,0.01689825771046658,0.484924028396231,0.5
vanishing,rank,E2=n_t^-1/2,3822,0.016175386202065652,0.48552733348401467,0.5
vanishing,rank,E2=n_t^-1/2,4172,0.015482028055565812,0.48610814596642393,0.5
vanishing,rank,E2=n_t^-1/2,4552,0.014821729168218806,0.4866633251858075,0.5
vanishing,rank,E2=n_t^-1/2,4968,0.014187608845979145,0.4871984885846653,0.5
vanishing,rank,E2=n_t^-1/2,5422,0.013580640201036588,0.4877126633723789,0.5
vanishing,rank,E2=n_t^-1/2,5918,0.01299907709828787,0.48820717105284683,0.5
vanishing,rank,E2=n_t^-1/2,6458,0.01244374146972093,0.48868115080386765,0.5
vanishing,rank,E2=n_t^-1/2,7050,0.011909826683508273,0.48913855489371083,0.5
vanishing,rank,E2=n_t^-1/2,7694,0.011400500264927678,0.48957652088031767,0.5
vanishing,rank,E2=n_t^-1/2,8396,0.010913493271991717,0.48999684129548254,0.5
vanishing,rank,E2=n_t^-1/2,9162,0.01044731901345371,0.4904006540737259,0.5
vanishing,rank,E2=n_t^-1/2,10000,0.01,0.4907895394956771,0.5
fixed,exact-threshold,E2=0.1,24,0.1,0.19104010419671483,0.16666666666666666
fixed,exact-threshold,E2=0.1,26,0.1,0.18078614300542664,0.16666666666666666
fixed,exact-threshold,E2=0.1,28,0.1,0.171691247216343,0.16666666666666666
fixed,exact-threshold,E2=0.1,32,0.1,0.17453007814753613,0.16666666666666666
fixed,exact-threshold,E2=0.1,34,0.1,0.17904302474265704,0.16666666666666666
fixed,exact-threshold,E2=0.1,38,0.1,0.1728909370613407,0.16666666666666666
fixed,exact-threshold,E2=0.1,40,0.1,0.17267226489021298,0.16666666666666666
fixed,exact-threshold,E2=0.1,44,0.1,0.17339446863817295,0.16666666666666666
fixed,exact-threshold,E2=0.1,48,0.1,0.1702067708633815,0.16666666666666666
fixed,exact-threshold,E2=0.1,52,0.1,0.16899812614214288,0.16666666666666666
fixed,exact-threshold,E2=0.1,58,0.1,0.16664372271008923,0.16666666666666666
fixed,exact-threshold,E2=0.1,62,0.1,0.1651548149878891,0.16666666666666666
fixed,exact-threshold,E2=0.1,68,0.1,0.1630509241360344,0.16666666666666666
fixed,exact-threshold,E2=0.1,74,0.1,0.16113106599047394,0.16666666666666666
fixed,exact-threshold,E2=0.1,82,0.1,0.15915901173313915,0.16666666666666666
fixed,exact-threshold,E2=0.1,90,0.1,0.1573415342288436,0.16666666666666666
fixed,exact-threshold,E2=0.1,98,0.1,0.15582790517747946,0.16666666666666666
fixed,exact-threshold,E2=0.1,106,0.1,0.15448470642469922,0.16666666666666666
fixed,exact-threshold,E2=0.1,116,0.1,0.15303810215249855,0.16666666666666666
fixed,exact-threshold,E2=0.1,126,0.1,0.1517917182990333,0.16666666666666666
fixed,exact-threshold,E2=0.1,138,0.1,0.15050338710083774,0.16666666666666666
fixed,exact-threshold,E2=0.1,150,0.1,0.1493973466266295,0.16666666666666666
fixed,exact-threshold,E2=0.1,164,0.1,0.14828769858046892,0.16666666666666666
fixed,exact-threshold,E2=0.1,180,0.1,0.14720712789060209,0.16666666666666666
fixed,exact-threshold,E2=0.1,196,0.1,0.14628351932789185,0.16666666666666666
fixed,exact-threshold,E2=0.1,214,0.1,0.14539169292527598,0.16666666666666666
fixed,exact-threshold,E2=0.1,234,0.1,0.14454467906768192,0.16666666666666666
fixed,exact-threshold,E2=0.1,254,0.1,0.1438171715010887,0.16666666666666666
fixed,exact-threshold,E2=0.1,278,0.1,0.14306827466707697,0.16666666666666666
fixed,exact-threshold,E2=0.1,302,0.1,0.14242649529721466,0.16666666666666666
fixed,exact-threshold,E2=0.1,330,0.1,0.14178416385276904,0.16666666666666666
fixed,exact-threshold,E2=0.1,360,0.1,0.14119616027437912,0.16666666666666666
fixed,exact-threshold,E2=0.1,394,0.1,0.14062779341747578,0.16666666666666666
fixed,exact-threshold,E2=0.1,430,0.1,0.14011487817797633,0.16666666666666666
fixed,exact-threshold,E2=0.1,468,0.1,0.1396512569227802,0.16666666666666666
fixed,exact-threshold,E2=0.1,512,0.1,0.13919270833333336,0.16666666666666666
fixed,exact-threshold,E2=0.1,558,0.1,0.1387838239616662,0.16666666666666666
fixed,exact-threshold,E2=0.1,610,0.1,0.1383894346625411,0.16666666666666666
fixed,exact-threshold,E2=0.1,666,0.1,0.13802771690043608,0.16666666666666666
fixed,exact-threshold,E2=0.1,726,0.1,0.13769688968686675,0.16666666666666666
fixed,exact-threshold,E2=0.1,792,0.1,0.13738609285356884,0.16666666666666666
fixed,exact-threshold,E2=0.1,864,0.1,0.13709679301781,0.16666666666666666
fixed,exact-threshold,E2=0.1,944,0.1,0.136822967178447,0.16666666666666666
fixed,exact-threshold,E2=0.1,1030,0.1,0.13657230699743386,0.16666666666666666
fixed,exact-threshold,E2=0.1,1124,0.1,0.13633879784110942,0.16666666666666666
fixed,exact-threshold,E2=0.1,1226,0.1,0.13612282307332538,0.16666666666666666
fixed,exact-threshold,E2=0.1,1338,0.1,0.13592074299966156,0.16666666666666666
fixed,exact-threshold,E2=0.1,1462,0.1,0.13573044404832477,0.16666666666666666
fixed,exact-threshold,E2=0.1,1594,0.1,0.13555801671141582,0.16666666666666666
fixed,exact-threshold,E2=0.1,1740,0.1,0.13539556927025595,0.16666666666666666
fixed,exact-threshold,E2=0.1,1900,0.1,0.13524417257951196,0.16666666666666666
fixed,exact-threshold,E2=0.1,2072,0.1,0.13510566413894573,0.16666666666666666
fixed,exact-threshold,E2=0.1,2262,0.1,0.13497544698113614,0.16666666666666666
fixed,exact-threshold,E2=0.1,2468,0.1,0.1348553655698473,0.16666666666666666
fixed,exact-threshold,E2=0.1,2694,0.1,0.13474332270916387,0.16666666666666666
fixed,exact-threshold,E2=0.1,2940,0.1,0.13463963723806394,0.16666666666666666
fixed,exact-threshold,E2=0.1,3210,0.1,0.13454292394413392,0.16666666666666666
fixed,exact-threshold,E2=0.1,3502,0.1,0.13445402278397428,0.16666666666666666
fixed,exact-threshold,E2=0.1,3822,0.1,0.1343711941446867,0.16666666666666666
fixed,exact-threshold,E2=0.1,4172,0.1,0.13429422526705978,0.16666666666666666
fixed,exact-threshold,E2=0.1,4552,0.1,0.13422321945242432,0.16666666666666666
fixed,exact-threshold,E2=0.1,4968,0.1,0.13415716917996648,0.16666666666666666
fixed,exact-threshold,E2=0.1,5422,0.1,0.1340959430344177,0.16666666666666666
fixed,exact-threshold,E2=0.1,5918,0.1,0.13403914013637458,0.16666666666666666
fixed,exact-threshold,E2=0.1,6458,0.1,0.13398662494712577,0.16666666666666666
fixed,exact-threshold,E2=0.1,7050,0.1,0.1339377497655874,0.16666666666666666
fixed,exact-threshold,E2=0.1,7694,0.1,0.1338926227412831,0.16666666666666666
fixed,exact-threshold,E2=0.1,8396,0.1,0.1338508609834561,0.16666666666666666
fixed,exact-threshold,E2=0.1,9162,0.1,0.13381217517454405,0.16666666666666666
fixed,exact-threshold,E2=0.1,10000,0.1,0.1337762570793183,0.16666666666666666
fixed,exact-threshold,E2=0.01,24,0.01,0.215413541726763,0.16666666666666666
fixed,exact-threshold,E2=0.01,26,0.01,0.2192476814669651,0.16666666666666666
fixed,exact-threshold,E2=0.01,28,0.01,0.21890296489089164,0.16666666666666666
fixed,exact-threshold,E2=0.01,32,0.01,0.21272984131430012,0.16666666666666666
fixed,exact-threshold,E2=0.01,34,0.01,0.20845478944853937,0.16666666666666666
fixed,exact-threshold,E2=0.01,38,0.01,0.20916755872591258,0.16666666666666666
fixed,exact-threshold,E2=0.01,40,0.01,0.20572046726239704,0.16666666666666666
fixed,exact-threshold,E2=0.01,44,0.01,0.20415894487941613,0.16666666666666666
fixed,exact-threshold,E2=0.01,48,0.01,0.20150886129107282,0.16666666666666666
fixed,exact-threshold,E2=0.01,52,0.01,0.19947817423293437,0.16666666666666666
fixed,exact-threshold,E2=0.01,58,0.01,0.19676844563457258,0.16666666666666666
fixed,exact-threshold,E2=0.01,62,0.01,0.195224894030509,0.16666666666666666
fixed,exact-threshold,E2=0.01,68,0.01,0.1931155435383646,0.16666666666666666
fixed,exact-threshold,E2=0.01,74,0.01,0.19128239462171434,0.16666666666666666
fixed,exact-threshold,E2=0.01,82,0.01,0.18917524528866084,0.16666666666666666
fixed,exact-threshold,E2=0.01,90,0.01,0.18737366378519554,0.16666666666666666
fixed,exact-threshold,E2=0.01,98,0.01,0.18583026032438643,0.16666666666666666
fixed,exact-threshold,E2=0.01,106,0.01,0.1844901673598433,0.16666666666666666
fixed,exact-threshold,E2=0.01,116,0.01,0.1830400598238341,0.16666666666666666
fixed,exact-threshold,E2=0.01,126,0.01,0.18179168281004152,0.16666666666666666
fixed,exact-threshold,E2=0.01,138,0.01,0.18050367019194188,0.16666666666666666
fixed,exact-threshold,E2=0.01,150,0.01,0.17939737139312473,0.16666666666666666
fixed,exact-threshold,E2=0.01,164,0.01,0.17828770689916412,0.16666666666666666
fixed,exact-threshold,E2=0.01,180,0.01,0.177207135255476,0.16666666666666666
fixed,exact-threshold,E2=0.01,196,0.01,0.17628352014255483,0.16666666666666666
fixed,exact-threshold,E2=0.01,214,0.01,0.1753916931225093,0.16666666666666666
fixed,exact-threshold,E2=0.01,234,0.01,0.17454467908761112,0.16666666666666666
fixed,exact-threshold,E2=0.01,254,0.01,0.1738171715049218,0.16666666666666666
fixed,exact-threshold,E2=0.01,278,0.01,0.17306827466753286,0.16666666666666666
fixed,exact-threshold,E2=0.01,302,0.01,0.1724264952972682,0.16666666666666666
fixed,exact-threshold,E2=0.01,330,0.01,0.17178416385277354,0.16666666666666666
fixed,exact-threshold,E2=0.01,360,0.01,0.17119616027437934,0.16666666666666666
fixed,exact-threshold,E2=0.01,394,0.01,0.17062779341747578,0.16666666666666666
fixed,exact-threshold,E2=0.01,430,0.01,0.1701148781779763,0.16666666666666666
fixed,exact-threshold,E2=0.01,468,0.01,0.1696512569227802,0.16666666666666666
fixed,exact-threshold,E2=0.01,512,0.01,0.16919270833333333,0.16666666666666666
fixed,exact-threshold,E2=0.01,558,0.01,0.1687838239616662,0.16666666666666666
fixed,exact-threshold,E2=0.01,610,0.01,0.1683894346625411,0.16666666666666666
fixed,exact-threshold,E2=0.01,666,0.01,0.16802771690043602,0.16666666666666666
fixed,exact-threshold,E2=0.01,726,0.01,0.16769688968686675,0.16666666666666666
fixed,exact-threshold,E2=0.01,792,0.01,0.16738609285356884,0.16666666666666666
fixed,exact-threshold,E2=0.01,864,0.01,0.16709679301780997,0.16666666666666666
fixed,exact-threshold,E2=0.01,944,0.01,0.16682296717844697,0.16666666666666666
fixed,exact-threshold,E2=0.01,1030,0.01,0.16657230699743383,0.16666666666666666
fixed,exact-threshold,E2=0.01,1124,0.01,0.16633879784110941,0.16666666666666666
fixed,exact-threshold,E2=0.01,1226,0.01,0.1661228230733254,0.16666666666666666
fixed,exact-threshold,E2=0.01,1338,0.01,0.16592074299966153,0.16666666666666666
fixed,exact-threshold,E2=0.01,1462,0.01,0.16573044404832477,0.16666666666666666
fixed,exact-threshold,E2=0.01,1594,0.01,0.16555801671141582,0.16666666666666666
fixed,exact-threshold,E2=0.01,1740,0.01,0.16539556927025598,0.16666666666666666
fixed,exact-threshold,E2=0.01,1900,0.01,0.165244172579512,0.16666666666666666
fixed,exact-threshold,E2=0.01,2072,0.01,0.1651056641389457,0.16666666666666666
fixed,exact-threshold,E2=0.01,2262,0.01,0.1649754469811361,0.16666666666666666
fixed,exact-threshold,E2=0.01,2468,0.01,0.16485536556984728,0.16666666666666666
fixed,exact-threshold,E2=0.01,2694,0.01,0.16474332270916386,0.16666666666666666
fixed,exact-threshold,E2=0.01,2940,0.01,0.16463963723806394,0.16666666666666666
fixed,exact-threshold,E2=0.01,3210,0.01,0.1645429239441339,0.16666666666666666
fixed,exact-threshold,E2=0.01,3502,0.01,0.16445402278397425,0.16666666666666666
fixed,exact-threshold,E2=0.01,3822,0.01,0.16437119414468668,0.16666666666666666
fixed,exact-threshold,E2=0.01,4172,0.01,0.16429422526705972,0.16666666666666666
fixed,exact-threshold,E2=0.01,4552,0.01,0.16422321945242435,0.16666666666666666
fixed,exact-threshold,E2=0.01,4968,0.01,0.16415716917996653,0.16666666666666666
fixed,exact-threshold,E2=0.01,5422,0.01,0.16409594303441766,0.16666666666666666
fixed,exact-threshold,E2=0.01,5918,0.01,0.16403914013637455,0.16666666666666666
fixed,exact-threshold,E2=0.01,6458,0.01,0.1639866249471257,0.16666666666666666
fixed,exact-threshold,E2=0.01,7050,0.01,0.1639377497655874,0.16666666666666666
fixed,exact-threshold,E2=0.01,7694,0.01,0.1638926227412831,0.16666666666666666
fixed,exact-threshold,E2=0.01,8396,0.01,0.16385086098345608,0.16666666666666666
fixed,exact-threshold,E2=0.01,9162,0.01,0.16381217517454405,0.16666666666666666
fixed,exact-threshold,E2=0.01,10000,0.01,0.16377625707931834,0.16666666666666666
vanishing,exact-threshold,E2=n_t^-1/2,24,0.20412414523193154,0.14937343753004817,0.16666666666666666
vanishing,exact-threshold,E2=n_t^-1/2,26,0.19611613513818404,0.14232460454388815,0.16666666666666666
vanishing,exact-threshold,E2=n_t^-1/2,28,0.1889822365046136,0.1359769615020573,0.16666666666666666
vanishing,exact-threshold,E2=n_t^-1/2,32,0.17677669529663687,0.15625,0.16666666666666666
vanishing,exact-threshold,E2=n_t^-1/2,34,0.17149858514250882,0.14963126003677468,0.16666666666666666
vanishing,exact-threshold,E2=n_t^-1/2,38,0.16222142113076254,0.15349710563591423,0.16666666666666666
vanishing,exact-threshold,E2=n_t^-1/2,40,0.15811388300841897,0.15804820237218406,0.16666666666666666
vanishing,exact-threshold,E2=n_t^-1/2,44,0.15075567228888181,0.154121811671015,0.16666666666666666
vanishing,exact-threshold,E2=n_t^-1/2,48,0.14433756729740646,0.1540066129745575,0.16666666666666666
vanishing,exact-threshold,E2=n_t^-1/2,52,0.1386750490563073,0.15692060263035362,0.16666666666666666
vanishing,exact-threshold,E2=n_t^-1/2,58,0.13130643285972254,0.155653551664998,0.16666666666666666
vanishing,exact-threshold,E2=n_t^-1/2,62,0.1270001270001905,0.15571993594399947,0.16666666666666666
vanishing,exact-threshold,E2=n_t^-1/2,68,0.12126781251816648,0.1560444823133434,0.16666666666666666
vanishing,exact-threshold,E2=n_t^-1/2,74,0.11624763874381928,0.15582947919616638,0.16666666666666666
vanishing,exact-threshold,E2=n_t^-1/2,82,0.11043152607484653,0.1556944261067779,0.16666666666666666
vanishing,exact-threshold,E2=n_t^-1/2,90,0.10540925533894598,0.1555516415169819,0.16666666666666666
vanishing,exact-threshold,E2=n_t^-1/2,98,0.10101525445522107,0.1554771598323631,0.16666666666666666
vanishing,exact-threshold,E2=n_t^-1/2,106,0.09712858623572641,0.1554429418547491,0.16666666666666666
vanishing,exact-threshold,E2=n_t^-1/2,116,0.09284766908852593,0.155423774075684,0.16666666666666666
vanishing,exact-threshold,E2=n_t^-1/2,126,0.0890870806374748,0.1554288263381897,0.16666666666666666
vanishing,exact-threshold,E2=n_t^-1/2,138,0.08512565307587486,0.15546175193793854,0.16666666666666666
vanishing,exact-threshold,E2=n_t^-1/2,150,0.08164965809277261,0.1555141208514968,0.16666666666666666
vanishing,exact-threshold,E2=n_t^-1/2,164,0.07808688094430304,0.15559207708415965,0.16666666666666666
vanishing,exact-threshold,E2=n_t^-1/2,180,0.07453559924999299,0.15569526738353173,0.16666666666666666
vanishing,exact-threshold,E2=n_t^-1/2,196,0.07142857142857142,0.15580732934022146,0.16666666666666666
vanishing,exact-threshold,E2=n_t^-1/2,214,0.06835859270246633,0.15593882887777458,0.16666666666666666
vanishing,exact-threshold,E2=n_t^-1/2,234,0.06537204504606134,0.15608733073614406,0.16666666666666666
vanishing,exact-threshold,E2=n_t^-1/2,254,0.06274558051381586,0.15623531133332202,0.16666666666666666
vanishing,exact-threshold,E2=n_t^-1/2,278,0.05997601439040672,0.1564096032040099,0.16666666666666666
vanishing,exact-threshold,E2=n_t^-1/2,302,0.0575435337648436,0.15657865070898316,0.16666666666666666
vanishing,exact-threshold,E2=n_t^-1/2,330,0.055048188256318034,0.15676810110066752,0.16666666666666666
vanishing,exact-threshold,E2=n_t^-1/2,360,0.05270462766947299,0.156961284384555,0.16666666666666666
vanishing,exact-threshold,E2=n_t^-1/2,394,0.05037927218598784,0.15716803602214652,0.16666666666666666
vanishing,exact-threshold,E2=n_t^-1/2,430,0.04822428221704121,0.15737345077229592,0.16666666666666666
vanishing,exact-threshold,E2=n_t^-1/2,468,0.046225016352102424,0.15757625147207938,0.16666666666666666
vanishing,exact-threshold,E2=n_t^-1/2,512,0.044194173824159216,0.15779465039194693,0.16666666666666666
vanishing,exact-threshold,E2=n_t^-1/2,558,0.04233337566673017,0.15800603207275613,0.16666666666666666
vanishing,exact-threshold,E2=n_t^-1/2,610,0.0404888165089458,0.15822649582622583,0.16666666666666666
vanishing,exact-threshold,E2=n_t^-1/2,666,0.03874921291460643,0.1584446459289006,0.16666666666666666
vanishing,exact-threshold,E2=n_t^-1/2,726,0.037113480951260276,0.1586590627031133,0.16666666666666666
vanishing,exact-threshold,E2=n_t^-1/2,792,0.035533452725935076,0.15887494194492385,0.16666666666666666
vanishing,exact-threshold,E2=n_t^-1/2,864,0.034020690871988585,0.15908989606048043,0.16666666666666666
vanishing,exact-threshold,E2=n_t^-1/2,944,0.03254722774520597,0.15930722459671165,0.16666666666666666
vanishing,exact-threshold,E2=n_t^-1/2,1030,0.03115884764248779,0.15951935778327123,0.16666666666666666
vanishing,exact-threshold,E2=n_t^-1/2,1124,0.02982749931359468,0.1597296314032445,0.16666666666666666
vanishing,exact-threshold,E2=n_t^-1/2,1226,0.02855977389887699,0.15993623177369973,0.16666666666666666
vanishing,exact-threshold,E2=n_t^-1/2,1338,0.027338327590690405,0.16014130046943142,0.16666666666666666
vanishing,exact-threshold,E2=n_t^-1/2,1462,0.026153289048297074,0.1603460143655591,0.16666666666666666
vanishing,exact-threshold,E2=n_t^-1/2,1594,0.025047007249281213,0.16054234762832206,0.16666666666666666
vanishing,exact-threshold,E2=n_t^-1/2,1740,0.023973165074269207,0.16073784757883286,0.16666666666666666
vanishing,exact-threshold,E2=n_t^-1/2,1900,0.022941573387056175,0.1609303147838266,0.16666666666666666
vanishing,exact-threshold,E2=n_t^-1/2,2072,0.02196873875818734,0.1611160845528833,0.16666666666666666
vanishing,exact-threshold,E2=n_t^-1/2,2262,0.021025856676559002,0.16130016142228312,0.16666666666666666
vanishing,exact-threshold,E2=n_t^-1/2,2468,0.020129242055711864,0.16147895155127667,0.16666666666666666
vanishing,exact-threshold,E2=n_t^-1/2,2694,0.01926642802132291,0.16165451336872289,0.16666666666666666
vanishing,exact-threshold,E2=n_t^-1/2,2940,0.01844277783908294,0.16182537795836963,0.16666666666666666
vanishing,exact-threshold,E2=n_t^-1/2,3210,0.017650112740455196,0.1619928863639822,0.16666666666666666
vanishing,exact-threshold,E2=n_t^-1/2,3502,0.01689825771046658,0.16215460354715205,0.16666666666666666
vanishing,exact-threshold,E2=n_t^-1/2,3822,0.016175386202065652,0.16231273207733146,0.16666666666666666
vanishing,exact-threshold,E2=n_t^-1/2,4172,0.015482028055565812,0.16246688258187114,0.16666666666666666
vanishing,exact-threshold,E2=n_t^-1/2,4552,0.014821729168218806,0.16261597639635145,0.16666666666666666
vanishing,exact-threshold,E2=n_t^-1/2,4968,0.014187608845979145,0.1627612995646401,0.16666666666666666
vanishing,exact-threshold,E2=n_t^-1/2,5422,0.013580640201036588,0.1629023963007388,0.16666666666666666
vanishing,exact-threshold,E2=n_t^-1/2,5918,0.01299907709828787,0.16303944777027862,0.16666666666666666
vanishing,exact-threshold,E2=n_t^-1/2,6458,0.01244374146972093,0.16317204445721872,0.16666666666666666
vanishing,exact-threshold,E2=n_t^-1/2,7050,0.011909826683508273,0.16330114087108466,0.16666666666666666
vanishing,exact-threshold,E2=n_t^-1/2,7694,0.011400500264927678,0.16342578931964055,0.16666666666666666
vanishing,exact-threshold,E2=n_t^-1/2,8396,0.010913493271991717,0.16354636322612556,0.16666666666666666
vanishing,exact-threshold,E2=n_t^-1/2,9162,0.01044731901345371,0.16366306883672613,0.16666666666666666
vanishing,exact-threshold,E2=n_t^-1/2,10000,0.01,0.16377625707931834,0.16666666666666666
