panel,family,label,a,n_t,E_2,R_exp,target_bound,rs_rate,known_bfc_rate
finite-tradeoff,id,"ID, $S(m)=1$",,60,0.01,0.5717815099116073,0.6597539553864471,,
finite-tradeoff,id,"ID, $S(m)=1$",,60,0.0125,0.569281509912181,0.5946035575013605,,
finite-tradeoff,id,"ID, $S(m)=1$",,60,0.015,0.5667815099147212,0.5358867312681466,,
finite-tradeoff,id,"ID, $S(m)=1$",,60,0.0175,0.5642815098876839,0.48296816446242274,,
finite-tradeoff,id,"ID, $S(m)=1$",,60,0.02,0.5617815098826207,0.43527528164806206,,
finite-tradeoff,id,"ID, $S(m)=1$",,60,0.0225,0.5592815099166176,0.3922920489483754,,
finite-tradeoff,id,"ID, $S(m)=1$",,60,0.025,0.5567815098953289,0.3535533905932738,,
finite-tradeoff,id,"ID, $S(m)=1$",,60,0.027500000000000004,0.554281509913168,0.3186401568298155,,
finite-tradeoff,id,"ID, $S(m)=1$",,60,0.03,0.5517815098698778,0.2871745887492588,,
finite-tradeoff,id,"ID, $S(m)=1$",,60,0.0325,0.5492815098478853,0.25881623096034434,,
finite-tradeoff,id,"ID, $S(m)=1$",,60,0.035,0.546781509874369,0.23325824788420185,,
finite-tradeoff,id,"ID, $S(m)=1$",,60,0.0375,0.5442815098546507,0.21022410381342863,,
finite-tradeoff,id,"ID, $S(m)=1$",,60,0.04,0.5417815098264636,0.18946457081379978,,
finite-tradeoff,id,"ID, $S(m)=1$",,60,0.0425,0.5392815098457467,0.1707550320942994,,
finite-tradeoff,id,"ID, $S(m)=1$",,60,0.045000000000000005,0.5367815097814334,0.1538930516681145,,
finite-tradeoff,id,"ID, $S(m)=1$",,60,0.0475,0.5342815098300784,0.1386961840084806,,
finite-tradeoff,id,"ID, $S(m)=1$",,60,0.05,0.5317815099268086,0.125,,
finite-tradeoff,id,"ID, $S(m)=1$",,60,0.052500000000000005,0.5292815098372444,0.11265630782635375,,
finite-tradeoff,id,"ID, $S(m)=1$",,60,0.055,0.5267815098823686,0.10153154954452945,,
finite-tradeoff,id,"ID, $S(m)=1$",,60,0.0575,0.5242815097179218,0.09150535599660158,,
finite-tradeoff,id,"ID, $S(m)=1$",,60,0.060000000000000005,0.5217815096740112,0.08246924442330589,,
finite-tradeoff,id,"ID, $S(m)=1$",,60,0.0625,0.5192815097615356,0.07432544468767006,,
finite-tradeoff,id,"ID, $S(m)=1$",,60,0.065,0.5167815097475696,0.0669858414085183,,
finite-tradeoff,id,"ID, $S(m)=1$",,60,0.0675,0.5142815096558511,0.060371020557802815,,
finite-tradeoff,id,"ID, $S(m)=1$",,60,0.06999999999999999,0.5117815097797268,0.054409410206007786,,
finite-tradeoff,id,"ID, $S(m)=1$",,60,0.0725,0.5092815096882819,0.04903650611854693,,
finite-tradeoff,id,"ID, $S(m)=1$",,60,0.075,0.5067815095152974,0.04419417382415922,,
finite-tradeoff,id,"ID, $S(m)=1$",,60,0.0775,0.5042815094212182,0.03983001960372693,,
finite-tradeoff,id,"ID, $S(m)=1$",,60,0.08,0.5017815094020042,0.03589682359365735,,
finite-tradeoff,id,"ID, $S(m)=1$",,60,0.08249999999999999,0.49928150958831613,0.03235202887004306,,
finite-tradeoff,id,"ID, $S(m)=1$",,60,0.08499999999999999,0.49678150987436903,0.02915728098552524,,
finite-tradeoff,id,"ID, $S(m)=1$",,60,0.0875,0.49428150942856125,0.026278012976678578,,
finite-tradeoff,id,"ID, $S(m)=1$",,60,0.09,0.49178150970826956,0.02368307135172498,,
finite-tradeoff,id,"ID, $S(m)=1$",,60,0.0925,0.4892815094523134,0.021344379011787432,,
finite-tradeoff,id,"ID, $S(m)=1$",,60,0.095,0.48678150905386397,0.019236631458514314,,
finite-tradeoff,id,"ID, $S(m)=1$",,60,0.0975,0.4842815090227896,0.017337023001060072,,
finite-tradeoff,id,"ID, $S(m)=1$",,60,0.09999999999999999,0.4817815099268087,0.01562500000000001,,
finite-tradeoff,id,"ID, $S(m)=1$",,60,0.1025,0.47928150884335535,0.014082038478294227,,
finite-tradeoff,id,"ID, $S(m)=1$",,60,0.105,0.476781508338464,0.012691443693066181,,
finite-tradeoff,id,"ID, $S(m)=1$",,60,0.1075,0.4742815080048524,0.011438169499575197,,
finite-tradeoff,id,"ID, $S(m)=1$",,60,0.11,0.4717815085878571,0.01030865555291324,,
finite-tradeoff,id,"ID, $S(m)=1$",,60,0.1125,0.46928150915895395,0.009290680585958758,,
finite-tradeoff,id,"ID, $S(m)=1$",,60,0.11499999999999999,0.46678150874466035,0.008373230176064794,,
finite-tradeoff,id,"ID, $S(m)=1$",,60,0.1175,0.46428150928491857,0.007546377569725357,,
finite-tradeoff,id,"ID, $S(m)=1$",,60,0.12,0.46178150854500066,0.006801176275750973,,
finite-tradeoff,id,"ID, $S(m)=1$",,60,0.1225,0.4592815083182674,0.006129563264818366,,
finite-tradeoff,id,"ID, $S(m)=1$",,60,0.125,0.4567815074884623,0.005524271728019903,,
finite-tradeoff,id,"ID, $S(m)=1$",,60,0.1275,0.4542815066100751,0.004978752450465866,,
finite-tradeoff,id,"ID, $S(m)=1$",,60,0.13,0.4517815094020042,0.004487102949207166,,
finite-tradeoff,id,"ID, $S(m)=1$",,60,0.1325,0.4492815054352084,0.00404400360875538,,
finite-tradeoff,id,"ID, $S(m)=1$",,60,0.135,0.44678150987436904,0.0036446601231906505,,
finite-tradeoff,id,"ID, $S(m)=1$",,60,0.1375,0.44428150857638204,0.0032847516220848223,,
finite-tradeoff,id,"ID, $S(m)=1$",,60,0.14,0.4417815097082695,0.0029603839189656206,,
finite-tradeoff,id,"ID, $S(m)=1$",,60,0.14250000000000002,0.4392815094523134,0.0026680473764734273,,
finite-tradeoff,id,"ID, $S(m)=1$",,60,0.14500000000000002,0.4367815009050853,0.002404578932314288,,
finite-tradeoff,id,"ID, $S(m)=1$",,60,0.14750000000000002,0.4342815012728159,0.0021671278751325077,,
finite-tradeoff,id,"ID, $S(m)=1$",,60,0.15000000000000002,0.43178150992680864,0.0019531249999999976,,
finite-tradeoff,id,"ID, $S(m)=1$",,60,0.15250000000000002,0.4292815072531327,0.0017602548097867751,,
finite-tradeoff,id,"ID, $S(m)=1$",,60,0.155,0.42678149951615013,0.0015864304616332718,,
finite-tradeoff,id,"ID, $S(m)=1$",,60,0.1575,0.42428150800485237,0.0014297711874469005,,
finite-tradeoff,id,"ID, $S(m)=1$",,60,0.16,0.42178150424324057,0.001288581944114155,,
finite-tradeoff,id,"ID, $S(m)=1$",,60,0.1625,0.41928150915895396,0.0011613350732448448,,
finite-tradeoff,id,"ID, $S(m)=1$",,60,0.165,0.41678149002367865,0.0010466537720080985,,
finite-tradeoff,id,"ID, $S(m)=1$",,60,0.1675,0.41428149444761314,0.000943297196215669,,
finite-tradeoff,id,"ID, $S(m)=1$",,60,0.17,0.41178149866718866,0.0008501470344688706,,
finite-tradeoff,id,"ID, $S(m)=1$",,60,0.17250000000000001,0.40928150831826743,0.0007661954081022949,,
finite-tradeoff,id,"ID, $S(m)=1$",,60,0.17500000000000002,0.4067815034347916,0.000690533966002487,,
finite-tradeoff,id,"ID, $S(m)=1$",,60,0.17750000000000002,0.4042814796230857,0.0006223440563082333,,
finite-tradeoff,id,"ID, $S(m)=1$",,60,0.18000000000000002,0.4017814794580661,0.0005608878686508957,,
finite-tradeoff,id,"ID, $S(m)=1$",,60,0.18250000000000002,0.39928146667283554,0.0005055004510944222,,
finite-tradeoff,id,"ID, $S(m)=1$",,60,0.18500000000000003,0.39678150987436905,0.0004555825153988313,,
finite-tradeoff,id,"ID, $S(m)=1$",,60,0.1875,0.39428146085430055,0.0004105939527606028,,
finite-tradeoff,id,"ID, $S(m)=1$",,60,0.19,0.3917815097082695,0.0003700479898707026,,
finite-tradeoff,id,"ID, $S(m)=1$",,60,0.1925,0.38928149266581796,0.0003335059220591784,,
finite-tradeoff,id,"ID, $S(m)=1$",,60,0.195,0.3867815009050853,0.000300572366539286,,
finite-tradeoff,id,"ID, $S(m)=1$",,60,0.1975,0.3842814289396074,0.00027089098439156347,,
finite-tradeoff,id,"ID, $S(m)=1$",,60,0.2,0.38178150992680865,0.000244140625,,
finite-tradeoff,id,"ID, $S(m)=1$",,60,0.2025,0.3792814690877584,0.00022003185122334716,,
finite-tradeoff,id,"ID, $S(m)=1$",,60,0.20500000000000002,0.37678149951615014,0.00019830380770415897,,
finite-tradeoff,id,"ID, $S(m)=1$",,60,0.20750000000000002,0.37428142969297706,0.00017872139843086234,,
finite-tradeoff,id,"ID, $S(m)=1$",,60,0.21000000000000002,0.37178143472926956,0.00016107274301426915,,
finite-tradeoff,id,"ID, $S(m)=1$",,60,0.21250000000000002,0.3692813934629962,0.00014516688415560543,,
finite-tradeoff,id,"ID, $S(m)=1$",,60,0.21500000000000002,0.3667814258373449,0.00013083172150101216,,
finite-tradeoff,id,"ID, $S(m)=1$",,60,0.21750000000000003,0.36428147070790534,0.00011791214952695862,,
finite-tradeoff,id,"ID, $S(m)=1$",,60,0.22,0.3617813406216447,0.00010626837930860896,,
finite-tradeoff,id,"ID, $S(m)=1$",,60,0.2225,0.35928150831826744,9.577442601278697e-05,,
finite-tradeoff,id,"ID, $S(m)=1$",,60,0.225,0.3567812764281412,8.631674575031098e-05,,
finite-tradeoff,id,"ID, $S(m)=1$",,60,0.2275,0.35428133569196363,7.779300703852916e-05,,
finite-tradeoff,id,"ID, $S(m)=1$",,60,0.23,0.3517814794580661,7.011098358136196e-05,,
finite-tradeoff,id,"ID, $S(m)=1$",,60,0.2325,0.34928146667283555,6.318755638680278e-05,,
finite-tradeoff,id,"ID, $S(m)=1$",,60,0.23500000000000001,0.34678141156673253,5.6947814424853914e-05,,
finite-tradeoff,id,"ID, $S(m)=1$",,60,0.23750000000000002,0.3442810790742386,5.132424409507529e-05,,
finite-tradeoff,id,"ID, $S(m)=1$",,60,0.24000000000000002,0.34178150970826954,4.625599873383782e-05,,
finite-tradeoff,id,"ID, $S(m)=1$",,60,0.24250000000000002,0.3392812912269583,4.16882402573973e-05,,
finite-tradeoff,id,"ID, $S(m)=1$",,60,0.24500000000000002,0.3367814264018377,3.757154581741075e-05,,
finite-tradeoff,id,"ID, $S(m)=1$",,60,0.24750000000000003,0.3342812636057422,3.386137304894543e-05,,
finite-tradeoff,id,"ID, $S(m)=1$",,60,0.25,0.33178150992680866,3.0517578125e-05,,
finite-tradeoff,rank,"Rank,
$S(m)=2001$",,60,0.01,0.49857621939619207,0.6597539553864471,,
finite-tradeoff,rank,"Rank,
$S(m)=2001$",,60,0.0125,0.49607621900527604,0.5946035575013605,,
finite-tradeoff,rank,"Rank,
$S(m)=2001$",,60,0.015,0.49357621928434786,0.5358867312681466,,
finite-tradeoff,rank,"Rank,
$S(m)=2001$",,60,0.0175,0.49107621936893825,0.48296816446242274,,
finite-tradeoff,rank,"Rank,
$S(m)=2001$",,60,0.02,0.488576219297187,0.43527528164806206,,
finite-tradeoff,rank,"Rank,
$S(m)=2001$",,60,0.0225,0.48607621913738414,0.3922920489483754,,
finite-tradeoff,rank,"Rank,
$S(m)=2001$",,60,0.025,0.4835762183122497,0.3535533905932738,,
finite-tradeoff,rank,"Rank,
$S(m)=2001$",,60,0.027500000000000004,0.4810762186199007,0.3186401568298155,,
finite-tradeoff,rank,"Rank,
$S(m)=2001$",,60,0.03,0.47857621886640017,0.2871745887492588,,
finite-tradeoff,rank,"Rank,
$S(m)=2001$",,60,0.0325,0.47607621842996245,0.25881623096034434,,
finite-tradeoff,rank,"Rank,
$S(m)=2001$",,60,0.035,0.4735762184386861,0.23325824788420185,,
finite-tradeoff,rank,"Rank,
$S(m)=2001$",,60,0.0375,0.4710762177706465,0.21022410381342863,,
finite-tradeoff,rank,"Rank,
$S(m)=2001$",,60,0.04,0.46857621909223557,0.18946457081379978,,
finite-tradeoff,rank,"Rank,
$S(m)=2001$",,60,0.0425,0.4660762169743561,0.1707550320942994,,
finite-tradeoff,rank,"Rank,
$S(m)=2001$",,60,0.045000000000000005,0.46357621838319024,0.1538930516681145,,
finite-tradeoff,rank,"Rank,
$S(m)=2001$",,60,0.0475,0.4610762162212771,0.1386961840084806,,
finite-tradeoff,rank,"Rank,
$S(m)=2001$",,60,0.05,0.45857621811397387,0.125,,
finite-tradeoff,rank,"Rank,
$S(m)=2001$",,60,0.052500000000000005,0.45607621766859807,0.11265630782635375,,
finite-tradeoff,rank,"Rank,
$S(m)=2001$",,60,0.055,0.4535762181793758,0.10153154954452945,,
finite-tradeoff,rank,"Rank,
$S(m)=2001$",,60,0.0575,0.4510762176252064,0.09150535599660158,,
finite-tradeoff,rank,"Rank,
$S(m)=2001$",,60,0.060000000000000005,0.4485762144066717,0.08246924442330589,,
finite-tradeoff,rank,"Rank,
$S(m)=2001$",,60,0.0625,0.446076214259945,0.07432544468767006,,
finite-tradeoff,rank,"Rank,
$S(m)=2001$",,60,0.065,0.44357621401907343,0.0669858414085183,,
finite-tradeoff,rank,"Rank,
$S(m)=2001$",,60,0.0675,0.44107621742154246,0.060371020557802815,,
finite-tradeoff,rank,"Rank,
$S(m)=2001$",,60,0.06999999999999999,0.43857621281487363,0.054409410206007786,,
finite-tradeoff,rank,"Rank,
$S(m)=2001$",,60,0.0725,0.43607621793862145,0.04903650611854693,,
finite-tradeoff,rank,"Rank,
$S(m)=2001$",,60,0.075,0.4335762090014742,0.04419417382415922,,
finite-tradeoff,rank,"Rank,
$S(m)=2001$",,60,0.0775,0.43107621566820054,0.03983001960372693,,
finite-tradeoff,rank,"Rank,
$S(m)=2001$",,60,0.08,0.4285762090410496,0.03589682359365735,,
finite-tradeoff,rank,"Rank,
$S(m)=2001$",,60,0.08249999999999999,0.4260762129790083,0.03235202887004306,,
finite-tradeoff,rank,"Rank,
$S(m)=2001$",,60,0.08499999999999999,0.42357621642261545,0.02915728098552524,,
finite-tradeoff,rank,"Rank,
$S(m)=2001$",,60,0.0875,0.4210762088227632,0.026278012976678578,,
finite-tradeoff,rank,"Rank,
$S(m)=2001$",,60,0.09,0.4185762041997874,0.02368307135172498,,
finite-tradeoff,rank,"Rank,
$S(m)=2001$",,60,0.0925,0.4160762169743561,0.021344379011787432,,
finite-tradeoff,rank,"Rank,
$S(m)=2001$",,60,0.095,0.41357620004843404,0.019236631458514314,,
finite-tradeoff,rank,"Rank,
$S(m)=2001$",,60,0.0975,0.41107619926820466,0.017337023001060072,,
finite-tradeoff,rank,"Rank,
$S(m)=2001$",,60,0.09999999999999999,0.4085762181139739,0.01562500000000001,,
finite-tradeoff,rank,"Rank,
$S(m)=2001$",,60,0.1025,0.40607620097125474,0.014082038478294227,,
finite-tradeoff,rank,"Rank,
$S(m)=2001$",,60,0.105,0.4035761950207952,0.012691443693066181,,
finite-tradeoff,rank,"Rank,
$S(m)=2001$",,60,0.1075,0.4010762176252064,0.011438169499575197,,
finite-tradeoff,rank,"Rank,
$S(m)=2001$",,60,0.11,0.3985762030020499,0.01030865555291324,,
finite-tradeoff,rank,"Rank,
$S(m)=2001$",,60,0.1125,0.396076182624381,0.009290680585958758,,
finite-tradeoff,rank,"Rank,
$S(m)=2001$",,60,0.11499999999999999,0.39357616487645647,0.008373230176064794,,
finite-tradeoff,rank,"Rank,
$S(m)=2001$",,60,0.1175,0.39107618626318846,0.007546377569725357,,
finite-tradeoff,rank,"Rank,
$S(m)=2001$",,60,0.12,0.388576152313198,0.006801176275750973,,
finite-tradeoff,rank,"Rank,
$S(m)=2001$",,60,0.1225,0.3860762179386214,0.006129563264818366,,
finite-tradeoff,rank,"Rank,
$S(m)=2001$",,60,0.125,0.3835762090014742,0.005524271728019903,,
finite-tradeoff,rank,"Rank,
$S(m)=2001$",,60,0.1275,0.3810761802477698,0.004978752450465866,,
finite-tradeoff,rank,"Rank,
$S(m)=2001$",,60,0.13,0.37857620904104955,0.004487102949207166,,
finite-tradeoff,rank,"Rank,
$S(m)=2001$",,60,0.1325,0.3760761984431245,0.00404400360875538,,
finite-tradeoff,rank,"Rank,
$S(m)=2001$",,60,0.135,0.37357615190826615,0.0036446601231906505,,
finite-tradeoff,rank,"Rank,
$S(m)=2001$",,60,0.1375,0.3710761909269868,0.0032847516220848223,,
finite-tradeoff,rank,"Rank,
$S(m)=2001$",,60,0.14,0.3685762041997874,0.0029603839189656206,,
finite-tradeoff,rank,"Rank,
$S(m)=2001$",,60,0.14250000000000002,0.36607608478037557,0.0026680473764734273,,
finite-tradeoff,rank,"Rank,
$S(m)=2001$",,60,0.14500000000000002,0.3635761267092696,0.002404578932314288,,
finite-tradeoff,rank,"Rank,
$S(m)=2001$",,60,0.14750000000000002,0.36107611789329036,0.0021671278751325077,,
finite-tradeoff,rank,"Rank,
$S(m)=2001$",,60,0.15000000000000002,0.35857612782290726,0.0019531249999999976,,
finite-tradeoff,rank,"Rank,
$S(m)=2001$",,60,0.15250000000000002,0.35607600060223105,0.0017602548097867751,,
finite-tradeoff,rank,"Rank,
$S(m)=2001$",,60,0.155,0.35357619502079524,0.0015864304616332718,,
finite-tradeoff,rank,"Rank,
$S(m)=2001$",,60,0.1575,0.3510762176252064,0.0014297711874469005,,
finite-tradeoff,rank,"Rank,
$S(m)=2001$",,60,0.16,0.3485758836704422,0.001288581944114155,,
finite-tradeoff,rank,"Rank,
$S(m)=2001$",,60,0.1625,0.3460759295383698,0.0011613350732448448,,
finite-tradeoff,rank,"Rank,
$S(m)=2001$",,60,0.165,0.3435757717319048,0.0010466537720080985,,
finite-tradeoff,rank,"Rank,
$S(m)=2001$",,60,0.1675,0.3410760616293687,0.000943297196215669,,
finite-tradeoff,rank,"Rank,
$S(m)=2001$",,60,0.17,0.33857594487772563,0.0008501470344688706,,
finite-tradeoff,rank,"Rank,
$S(m)=2001$",,60,0.17250000000000001,0.3360762179386214,0.0007661954081022949,,
finite-tradeoff,rank,"Rank,
$S(m)=2001$",,60,0.17500000000000002,0.33357595361879877,0.000690533966002487,,
finite-tradeoff,rank,"Rank,
$S(m)=2001$",,60,0.17750000000000002,0.3310756135137822,0.0006223440563082333,,
finite-tradeoff,rank,"Rank,
$S(m)=2001$",,60,0.18000000000000002,0.32857578982234986,0.0005608878686508957,,
finite-tradeoff,rank,"Rank,
$S(m)=2001$",,60,0.18250000000000002,0.3260757332902039,0.0005055004510944222,,
finite-tradeoff,rank,"Rank,
$S(m)=2001$",,60,0.18500000000000003,0.3235760228790481,0.0004555825153988313,,
finite-tradeoff,rank,"Rank,
$S(m)=2001$",,60,0.1875,0.3210751887422477,0.0004105939527606028,,
finite-tradeoff,rank,"Rank,
$S(m)=2001$",,60,0.19,0.3185752510639213,0.0003700479898707026,,
finite-tradeoff,rank,"Rank,
$S(m)=2001$",,60,0.1925,0.3160757322595409,0.0003335059220591784,,
finite-tradeoff,rank,"Rank,
$S(m)=2001$",,60,0.195,0.3135755399879008,0.000300572366539286,,
finite-tradeoff,rank,"Rank,
$S(m)=2001$",,60,0.1975,0.3110748158572072,0.00027089098439156347,,
finite-tradeoff,rank,"Rank,
$S(m)=2001$",,60,0.2,0.3085761278229072,0.000244140625,,
finite-tradeoff,rank,"Rank,
$S(m)=2001$",,60,0.2025,0.3060754662766713,0.00022003185122334716,,
finite-tradeoff,rank,"Rank,
$S(m)=2001$",,60,0.20500000000000002,0.30357530571442753,0.00019830380770415897,,
finite-tradeoff,rank,"Rank,
$S(m)=2001$",,60,0.20750000000000002,0.3010758887136161,0.00017872139843086234,,
finite-tradeoff,rank,"Rank,
$S(m)=2001$",,60,0.21000000000000002,0.29857405883703725,0.00016107274301426915,,
finite-tradeoff,rank,"Rank,
$S(m)=2001$",,60,0.21250000000000002,0.29607471468843405,0.00014516688415560543,,
finite-tradeoff,rank,"Rank,
$S(m)=2001$",,60,0.21500000000000002,0.2935744237589249,0.00013083172150101216,,
finite-tradeoff,rank,"Rank,
$S(m)=2001$",,60,0.21750000000000003,0.2910725716201057,0.00011791214952695862,,
finite-tradeoff,rank,"Rank,
$S(m)=2001$",,60,0.22,0.28857373212133075,0.00010626837930860896,,
finite-tradeoff,rank,"Rank,
$S(m)=2001$",,60,0.2225,0.2860762179386214,9.577442601278697e-05,,
finite-tradeoff,rank,"Rank,
$S(m)=2001$",,60,0.225,0.2835739104597418,8.631674575031098e-05,,
finite-tradeoff,rank,"Rank,
$S(m)=2001$",,60,0.2275,0.2810725907068955,7.779300703852916e-05,,
finite-tradeoff,rank,"Rank,
$S(m)=2001$",,60,0.23,0.2785707586277687,7.011098358136196e-05,,
finite-tradeoff,rank,"Rank,
$S(m)=2001$",,60,0.2325,0.27607015075316343,6.318755638680278e-05,,
finite-tradeoff,rank,"Rank,
$S(m)=2001$",,60,0.23500000000000001,0.27356982866218804,5.6947814424853914e-05,,
finite-tradeoff,rank,"Rank,
$S(m)=2001$",,60,0.23750000000000002,0.27107404333711005,5.132424409507529e-05,,
finite-tradeoff,rank,"Rank,
$S(m)=2001$",,60,0.24000000000000002,0.26857525106392127,4.625599873383782e-05,,
finite-tradeoff,rank,"Rank,
$S(m)=2001$",,60,0.24250000000000002,0.26607009122318703,4.16882402573973e-05,,
finite-tradeoff,rank,"Rank,
$S(m)=2001$",,60,0.24500000000000002,0.2635755399879008,3.757154581741075e-05,,
finite-tradeoff,rank,"Rank,
$S(m)=2001$",,60,0.24750000000000003,0.26107134341625265,3.386137304894543e-05,,
finite-tradeoff,rank,"Rank,
$S(m)=2001$",,60,0.25,0.25857034848930216,3.0517578125e-05,,
finite-tradeoff,exact-threshold,"Exact weight,
$S(m)=\binom{m}{2}$",,60,0.01,0.19608119317893485,0.6597539553864471,,
finite-tradeoff,exact-threshold,"Exact weight,
$S(m)=\binom{m}{2}$",,60,0.0125,0.19523742529443536,0.5946035575013605,,
finite-tradeoff,exact-threshold,"Exact weight,
$S(m)=\binom{m}{2}$",,60,0.015,0.19436296829619976,0.5358867312681466,,
finite-tradeoff,exact-threshold,"Exact weight,
$S(m)=\binom{m}{2}$",,60,0.0175,0.19345550522916016,0.48296816446242274,,
finite-tradeoff,exact-threshold,"Exact weight,
$S(m)=\binom{m}{2}$",,60,0.02,0.19275170130600522,0.43527528164806206,,
finite-tradeoff,exact-threshold,"Exact weight,
$S(m)=\binom{m}{2}$",,60,0.0225,0.19178005729659411,0.3922920489483754,,
finite-tradeoff,exact-threshold,"Exact weight,
$S(m)=\binom{m}{2}$",,60,0.025,0.19102465745476926,0.3535533905932738,,
finite-tradeoff,exact-threshold,"Exact weight,
$S(m)=\binom{m}{2}$",,60,0.027500000000000004,0.19024475393012028,0.3186401568298155,,
finite-tradeoff,exact-threshold,"Exact weight,
$S(m)=\binom{m}{2}$",,60,0.03,0.1894387035707636,0.2871745887492588,,
finite-tradeoff,exact-threshold,"Exact weight,
$S(m)=\binom{m}{2}$",,60,0.0325,0.18860469219577033,0.25881623096034434,,
finite-tradeoff,exact-threshold,"Exact weight,
$S(m)=\binom{m}{2}$",,60,0.035,0.1877407100037767,0.23325824788420185,,
finite-tradeoff,exact-threshold,"Exact weight,
$S(m)=\binom{m}{2}$",,60,0.0375,0.18684452239642704,0.21022410381342863,,
finite-tradeoff,exact-threshold,"Exact weight,
$S(m)=\binom{m}{2}$",,60,0.04,0.18591363515086842,0.18946457081379978,,
finite-tradeoff,exact-threshold,"Exact weight,
$S(m)=\binom{m}{2}$",,60,0.0425,0.1852723993539578,0.1707550320942994,,
finite-tradeoff,exact-threshold,"Exact weight,
$S(m)=\binom{m}{2}$",,60,0.045000000000000005,0.18427729525188669,0.1538930516681145,,
finite-tradeoff,exact-threshold,"Exact weight,
$S(m)=\binom{m}{2}$",,60,0.0475,0.18359025087311145,0.1386961840084806,,
finite-tradeoff,exact-threshold,"Exact weight,
$S(m)=\binom{m}{2}$",,60,0.05,0.1825214119161162,0.125,,
finite-tradeoff,exact-threshold,"Exact weight,
$S(m)=\binom{m}{2}$",,60,0.052500000000000005,0.18178150992680867,0.11265630782635375,,
finite-tradeoff,exact-threshold,"Exact weight,
$S(m)=\binom{m}{2}$",,60,0.055,0.18101811509992322,0.10153154954452945,,
finite-tradeoff,exact-threshold,"Exact weight,
$S(m)=\binom{m}{2}$",,60,0.0575,0.18022968652028395,0.09150535599660158,,
finite-tradeoff,exact-threshold,"Exact weight,
$S(m)=\binom{m}{2}$",,60,0.060000000000000005,0.17941452651226816,0.08246924442330589,,
finite-tradeoff,exact-threshold,"Exact weight,
$S(m)=\binom{m}{2}$",,60,0.0625,0.1785707586277687,0.07432544468767006,,
finite-tradeoff,exact-threshold,"Exact weight,
$S(m)=\binom{m}{2}$",,60,0.065,0.1776963016295331,0.0669858414085183,,
finite-tradeoff,exact-threshold,"Exact weight,
$S(m)=\binom{m}{2}$",,60,0.0675,0.1767888385624935,0.060371020557802815,,
finite-tradeoff,exact-threshold,"Exact weight,
$S(m)=\binom{m}{2}$",,60,0.06999999999999999,0.17584577975638738,0.054409410206007786,,
finite-tradeoff,exact-threshold,"Exact weight,
$S(m)=\binom{m}{2}$",,60,0.0725,0.17486421827216123,0.04903650611854693,,
finite-tradeoff,exact-threshold,"Exact weight,
$S(m)=\binom{m}{2}$",,60,0.075,0.1743579907881026,0.04419417382415922,,
finite-tradeoff,exact-threshold,"Exact weight,
$S(m)=\binom{m}{2}$",,60,0.0775,0.17331239486563657,0.03983001960372693,,
finite-tradeoff,exact-threshold,"Exact weight,
$S(m)=\binom{m}{2}$",,60,0.08,0.17277203690409693,0.03589682359365735,,
finite-tradeoff,exact-threshold,"Exact weight,
$S(m)=\binom{m}{2}$",,60,0.08249999999999999,0.1716534669731213,0.03235202887004306,,
finite-tradeoff,exact-threshold,"Exact weight,
$S(m)=\binom{m}{2}$",,60,0.08499999999999999,0.17107404333711002,0.02915728098552524,,
finite-tradeoff,exact-threshold,"Exact weight,
$S(m)=\binom{m}{2}$",,60,0.0875,0.16987154690784614,0.026278012976678578,,
finite-tradeoff,exact-threshold,"Exact weight,
$S(m)=\binom{m}{2}$",,60,0.09,0.16924696848420176,0.02368307135172498,,
finite-tradeoff,exact-threshold,"Exact weight,
$S(m)=\binom{m}{2}$",,60,0.0925,0.16860573268729115,0.021344379011787432,,
finite-tradeoff,exact-threshold,"Exact weight,
$S(m)=\binom{m}{2}$",,60,0.095,0.16726956020922476,0.019236631458514314,,
finite-tradeoff,exact-threshold,"Exact weight,
$S(m)=\binom{m}{2}$",,60,0.0975,0.16657255728098097,0.017337023001060072,,
finite-tradeoff,exact-threshold,"Exact weight,
$S(m)=\binom{m}{2}$",,60,0.09999999999999999,0.16585474524944954,0.01562500000000001,,
finite-tradeoff,exact-threshold,"Exact weight,
$S(m)=\binom{m}{2}$",,60,0.1025,0.165114843260142,0.014082038478294227,,
finite-tradeoff,exact-threshold,"Exact weight,
$S(m)=\binom{m}{2}$",,60,0.105,0.16435144843325655,0.012691443693066181,,
finite-tradeoff,exact-threshold,"Exact weight,
$S(m)=\binom{m}{2}$",,60,0.1075,0.1635630198536173,0.011438169499575197,,
finite-tradeoff,exact-threshold,"Exact weight,
$S(m)=\binom{m}{2}$",,60,0.11,0.1627478598456015,0.01030865555291324,,
finite-tradeoff,exact-threshold,"Exact weight,
$S(m)=\binom{m}{2}$",,60,0.1125,0.16190409196110203,0.009290680585958758,,
finite-tradeoff,exact-threshold,"Exact weight,
$S(m)=\binom{m}{2}$",,60,0.11499999999999999,0.16102963496286643,0.008373230176064794,,
finite-tradeoff,exact-threshold,"Exact weight,
$S(m)=\binom{m}{2}$",,60,0.1175,0.16012217189582684,0.007546377569725357,,
finite-tradeoff,exact-threshold,"Exact weight,
$S(m)=\binom{m}{2}$",,60,0.12,0.15917911308972071,0.006801176275750973,,
finite-tradeoff,exact-threshold,"Exact weight,
$S(m)=\binom{m}{2}$",,60,0.1225,0.15819755160549456,0.006129563264818366,,
finite-tradeoff,exact-threshold,"Exact weight,
$S(m)=\binom{m}{2}$",,60,0.125,0.15717420919442554,0.005524271728019903,,
finite-tradeoff,exact-threshold,"Exact weight,
$S(m)=\binom{m}{2}$",,60,0.1275,0.15610537023743026,0.004978752450465866,,
finite-tradeoff,exact-threshold,"Exact weight,
$S(m)=\binom{m}{2}$",,60,0.13,0.15610537023743026,0.004487102949207166,,
finite-tradeoff,exact-threshold,"Exact weight,
$S(m)=\binom{m}{2}$",,60,0.1325,0.15498680030645465,0.00404400360875538,,
finite-tradeoff,exact-threshold,"Exact weight,
$S(m)=\binom{m}{2}$",,60,0.135,0.153813644841598,0.0036446601231906505,,
finite-tradeoff,exact-threshold,"Exact weight,
$S(m)=\binom{m}{2}$",,60,0.1375,0.15258030181753507,0.0032847516220848223,,
finite-tradeoff,exact-threshold,"Exact weight,
$S(m)=\binom{m}{2}$",,60,0.14,0.15258030181753507,0.0029603839189656206,,
finite-tradeoff,exact-threshold,"Exact weight,
$S(m)=\binom{m}{2}$",,60,0.14250000000000002,0.1512802599508472,0.0026680473764734273,,
finite-tradeoff,exact-threshold,"Exact weight,
$S(m)=\binom{m}{2}$",,60,0.14500000000000002,0.1499058906143143,0.002404578932314288,,
finite-tradeoff,exact-threshold,"Exact weight,
$S(m)=\binom{m}{2}$",,60,0.14750000000000002,0.1499058906143143,0.0021671278751325077,,
finite-tradeoff,exact-threshold,"Exact weight,
$S(m)=\binom{m}{2}$",,60,0.15000000000000002,0.14844817659347534,0.0019531249999999976,,
finite-tradeoff,exact-threshold,"Exact weight,
$S(m)=\binom{m}{2}$",,60,0.15250000000000002,0.14844817659347534,0.0017602548097867751,,
finite-tradeoff,exact-threshold,"Exact weight,
$S(m)=\binom{m}{2}$",,60,0.155,0.14689635318695063,0.0015864304616332718,,
finite-tradeoff,exact-threshold,"Exact weight,
$S(m)=\binom{m}{2}$",,60,0.1575,0.14689635318695063,0.0014297711874469005,,
finite-tradeoff,exact-threshold,"Exact weight,
$S(m)=\binom{m}{2}$",,60,0.16,0.1452374252944354,0.001288581944114155,,
finite-tradeoff,exact-threshold,"Exact weight,
$S(m)=\binom{m}{2}$",,60,0.1625,0.1452374252944354,0.0011613350732448448,,
finite-tradeoff,exact-threshold,"Exact weight,
$S(m)=\binom{m}{2}$",,60,0.165,0.14345550522916017,0.0010466537720080985,,
finite-tradeoff,exact-threshold,"Exact weight,
$S(m)=\binom{m}{2}$",,60,0.1675,0.14345550522916017,0.000943297196215669,,
finite-tradeoff,exact-threshold,"Exact weight,
$S(m)=\binom{m}{2}$",,60,0.17,0.1415308849388279,0.0008501470344688706,,
finite-tradeoff,exact-threshold,"Exact weight,
$S(m)=\binom{m}{2}$",,60,0.17250000000000001,0.1415308849388279,0.0007661954081022949,,
finite-tradeoff,exact-threshold,"Exact weight,
$S(m)=\binom{m}{2}$",,60,0.17500000000000002,0.1394387035707636,0.000690533966002487,,
finite-tradeoff,exact-threshold,"Exact weight,
$S(m)=\binom{m}{2}$",,60,0.17750000000000002,0.1394387035707636,0.0006223440563082333,,
finite-tradeoff,exact-threshold,"Exact weight,
$S(m)=\binom{m}{2}$",,60,0.18000000000000002,0.1394387035707636,0.0005608878686508957,,
finite-tradeoff,exact-threshold,"Exact weight,
$S(m)=\binom{m}{2}$",,60,0.18250000000000002,0.13714697817493135,0.0005055004510944222,,
finite-tradeoff,exact-threshold,"Exact weight,
$S(m)=\binom{m}{2}$",,60,0.18500000000000003,0.13714697817493135,0.0004555825153988313,,
finite-tradeoff,exact-threshold,"Exact weight,
$S(m)=\binom{m}{2}$",,60,0.1875,0.13461359328418052,0.0004105939527606028,,
finite-tradeoff,exact-threshold,"Exact weight,
$S(m)=\binom{m}{2}$",,60,0.19,0.13461359328418052,0.0003700479898707026,,
finite-tradeoff,exact-threshold,"Exact weight,
$S(m)=\binom{m}{2}$",,60,0.1925,0.13461359328418052,0.0003335059220591784,,
finite-tradeoff,exact-threshold,"Exact weight,
$S(m)=\binom{m}{2}$",,60,0.195,0.13178150992680865,0.000300572366539286,,
finite-tradeoff,exact-threshold,"Exact weight,
$S(m)=\binom{m}{2}$",,60,0.1975,0.13178150992680865,0.00027089098439156347,,
finite-tradeoff,exact-threshold,"Exact weight,
$S(m)=\binom{m}{2}$",,60,0.2,0.13178150992680865,0.000244140625,,
finite-tradeoff,exact-threshold,"Exact weight,
$S(m)=\binom{m}{2}$",,60,0.2025,0.13178150992680865,0.00022003185122334716,,
finite-tradeoff,exact-threshold,"Exact weight,
$S(m)=\binom{m}{2}$",,60,0.20500000000000002,0.12857075862776873,0.00019830380770415897,,
finite-tradeoff,exact-threshold,"Exact weight,
$S(m)=\binom{m}{2}$",,60,0.20750000000000002,0.12857075862776873,0.00017872139843086234,,
finite-tradeoff,exact-threshold,"Exact weight,
$S(m)=\binom{m}{2}$",,60,0.21000000000000002,0.12857075862776873,0.00016107274301426915,,
finite-tradeoff,exact-threshold,"Exact weight,
$S(m)=\binom{m}{2}$",,60,0.21250000000000002,0.12857075862776873,0.00014516688415560543,,
finite-tradeoff,exact-threshold,"Exact weight,
$S(m)=\binom{m}{2}$",,60,0.21500000000000002,0.12486421827216125,0.00013083172150101216,,
finite-tradeoff,exact-threshold,"Exact weight,
$S(m)=\binom{m}{2}$",,60,0.21750000000000003,0.12486421827216125,0.00011791214952695862,,
finite-tradeoff,exact-threshold,"Exact weight,
$S(m)=\binom{m}{2}$",,60,0.22,0.12486421827216125,0.00010626837930860896,,
finite-tradeoff,exact-threshold,"Exact weight,
$S(m)=\binom{m}{2}$",,60,0.2225,0.12486421827216125,9.577442601278697e-05,,
finite-tradeoff,exact-threshold,"Exact weight,
$S(m)=\binom{m}{2}$",,60,0.225,0.12048031150826469,8.631674575031098e-05,,
finite-tradeoff,exact-threshold,"Exact weight,
$S(m)=\binom{m}{2}$",,60,0.2275,0.12048031150826469,7.779300703852916e-05,,
finite-tradeoff,exact-threshold,"Exact weight,
$S(m)=\binom{m}{2}$",,60,0.23,0.12048031150826469,7.011098358136196e-05,,
finite-tradeoff,exact-threshold,"Exact weight,
$S(m)=\binom{m}{2}$",,60,0.2325,0.12048031150826469,6.318755638680278e-05,,
finite-tradeoff,exact-threshold,"Exact weight,
$S(m)=\binom{m}{2}$",,60,0.23500000000000001,0.12048031150826469,5.6947814424853914e-05,,
finite-tradeoff,exact-threshold,"Exact weight,
$S(m)=\binom{m}{2}$",,60,0.23750000000000002,0.11511484326014197,5.132424409507529e-05,,
finite-tradeoff,exact-threshold,"Exact weight,
$S(m)=\binom{m}{2}$",,60,0.24000000000000002,0.11511484326014197,4.625599873383782e-05,,
finite-tradeoff,exact-threshold,"Exact weight,
$S(m)=\binom{m}{2}$",,60,0.24250000000000002,0.11511484326014197,4.16882402573973e-05,,
finite-tradeoff,exact-threshold,"Exact weight,
$S(m)=\binom{m}{2}$",,60,0.24500000000000002,0.11511484326014197,3.757154581741075e-05,,
finite-tradeoff,exact-threshold,"Exact weight,
$S(m)=\binom{m}{2}$",,60,0.24750000000000003,0.11511484326014197,3.386137304894543e-05,,
finite-tradeoff,exact-threshold,"Exact weight,
$S(m)=\binom{m}{2}$",,60,0.25,0.11511484326014197,3.0517578125e-05,,
rate-comparison,,,0.0,,,,,0.5,1.0
rate-comparison,,,0.01,,,,,0.49504950495049505,0.9803921568627451
rate-comparison,,,0.02,,,,,0.49019607843137253,0.9615384615384615
rate-comparison,,,0.03,,,,,0.4854368932038835,0.9433962264150942
rate-comparison,,,0.04,,,,,0.4807692307692307,0.9259259259259258
rate-comparison,,,0.05,,,,,0.47619047619047616,0.9090909090909091
rate-comparison,,,0.06,,,,,0.4716981132075471,0.8928571428571428
rate-comparison,,,0.07,,,,,0.4672897196261682,0.8771929824561403
rate-comparison,,,0.08,,,,,0.4629629629629629,0.8620689655172414
rate-comparison,,,0.09,,,,,0.4587155963302752,0.8474576271186441
rate-comparison,,,0.1,,,,,0.45454545454545453,0.8333333333333334
rate-comparison,,,0.11,,,,,0.4504504504504504,0.819672131147541
rate-comparison,,,0.12,,,,,0.4464285714285714,0.8064516129032259
rate-comparison,,,0.13,,,,,0.4424778761061947,0.7936507936507936
rate-comparison,,,0.14,,,,,0.43859649122807015,0.78125
rate-comparison,,,0.15,,,,,0.4347826086956522,0.7692307692307692
rate-comparison,,,0.16,,,,,0.4310344827586207,0.7575757575757576
rate-comparison,,,0.17,,,,,0.4273504273504274,0.7462686567164178
rate-comparison,,,0.18,,,,,0.42372881355932207,0.7352941176470589
rate-comparison,,,0.19,,,,,0.42016806722689076,0.7246376811594204
rate-comparison,,,0.2,,,,,0.4166666666666667,0.7142857142857143
rate-comparison,,,0.21,,,,,0.4132231404958678,0.7042253521126761
rate-comparison,,,0.22,,,,,0.4098360655737705,0.6944444444444444
rate-comparison,,,0.23,,,,,0.4065040650406504,0.684931506849315
rate-comparison,,,0.24,,,,,0.40322580645161293,0.6756756756756757
rate-comparison,,,0.25,,,,,0.4,0.6666666666666666
rate-comparison,,,0.26,,,,,0.3968253968253968,0.6578947368421053
rate-comparison,,,0.27,,,,,0.39370078740157477,0.6493506493506493
rate-comparison,,,0.28,,,,,0.390625,0.641025641025641
rate-comparison,,,0.29,,,,,0.38759689922480617,0.6329113924050632
rate-comparison,,,0.3,,,,,0.3846153846153846,0.625
rate-comparison,,,0.31,,,,,0.38167938931297707,0.6172839506172839
rate-comparison,,,0.32,,,,,0.3787878787878788,0.6097560975609756
rate-comparison,,,0.33,,,,,0.37593984962406013,0.6024096385542168
rate-comparison,,,0.34,,,,,0.3731343283582089,0.5952380952380952
rate-comparison,,,0.35000000000000003,,,,,0.37037037037037035,0.588235294117647
rate-comparison,,,0.36,,,,,0.36764705882352944,0.5813953488372093
rate-comparison,,,0.37,,,,,0.36496350364963503,0.5747126436781609
rate-comparison,,,0.38,,,,,0.3623188405797102,0.5681818181818182
rate-comparison,,,0.39,,,,,0.3597122302158273,0.5617977528089888
rate-comparison,,,0.4,,,,,0.35714285714285715,0.5555555555555556
rate-comparison,,,0.41000000000000003,,,,,0.35460992907801414,0.5494505494505494
rate-comparison,,,0.42,,,,,0.35211267605633806,0.5434782608695653
rate-comparison,,,0.43,,,,,0.3496503496503497,0.5376344086021506
rate-comparison,,,0.44,,,,,0.3472222222222222,0.5319148936170213
rate-comparison,,,0.45,,,,,0.3448275862068966,0.5263157894736842
rate-comparison,,,0.46,,,,,0.3424657534246575,0.5208333333333334
rate-comparison,,,0.47000000000000003,,,,,0.3401360544217687,0.5154639175257733
rate-comparison,,,0.48,,,,,0.33783783783783783,0.5102040816326531
rate-comparison,,,0.49,,,,,0.33557046979865773,0.5050505050505051
rate-comparison,,,0.5,,,,,0.3333333333333333,0.5
rate-comparison,,,0.51,,,,,0.33112582781456956,0.49504950495049505
rate-comparison,,,0.52,,,,,0.32894736842105265,0.49019607843137253
rate-comparison,,,0.53,,,,,0.32679738562091504,0.4854368932038835
rate-comparison,,,0.54,,,,,0.3246753246753247,0.4807692307692307
rate-comparison,,,0.55,,,,,0.3225806451612903,0.47619047619047616
rate-comparison,,,0.56,,,,,0.3205128205128205,0.4716981132075471
rate-comparison,,,0.5700000000000001,,,,,0.3184713375796178,0.4672897196261682
rate-comparison,,,0.58,,,,,0.3164556962025316,0.4629629629629629
rate-comparison,,,0.59,,,,,0.3144654088050315,0.4587155963302753
rate-comparison,,,0.6,,,,,0.3125,0.45454545454545453
rate-comparison,,,0.61,,,,,0.31055900621118016,0.4504504504504505
rate-comparison,,,0.62,,,,,0.30864197530864196,0.4464285714285714
rate-comparison,,,0.63,,,,,0.3067484662576687,0.4424778761061947
rate-comparison,,,0.64,,,,,0.3048780487804878,0.43859649122807015
rate-comparison,,,0.65,,,,,0.30303030303030304,0.4347826086956522
rate-comparison,,,0.66,,,,,0.3012048192771084,0.43103448275862066
rate-comparison,,,0.67,,,,,0.29940119760479045,0.4273504273504274
rate-comparison,,,0.68,,,,,0.2976190476190476,0.42372881355932196
rate-comparison,,,0.6900000000000001,,,,,0.2958579881656805,0.42016806722689076
rate-comparison,,,0.7000000000000001,,,,,0.2941176470588235,0.41666666666666663
rate-comparison,,,0.71,,,,,0.29239766081871343,0.4132231404958678
rate-comparison,,,0.72,,,,,0.29069767441860467,0.4098360655737705
rate-comparison,,,0.73,,,,,0.28901734104046245,0.4065040650406504
rate-comparison,,,0.74,,,,,0.28735632183908044,0.40322580645161293
rate-comparison,,,0.75,,,,,0.2857142857142857,0.4
rate-comparison,,,0.76,,,,,0.2840909090909091,0.3968253968253968
rate-comparison,,,0.77,,,,,0.2824858757062147,0.39370078740157477
rate-comparison,,,0.78,,,,,0.2808988764044944,0.390625
rate-comparison,,,0.79,,,,,0.27932960893854747,0.38759689922480617
rate-comparison,,,0.8,,,,,0.2777777777777778,0.3846153846153846
rate-comparison,,,0.81,,,,,0.27624309392265195,0.38167938931297707
rate-comparison,,,0.8200000000000001,,,,,0.2747252747252747,0.3787878787878788
rate-comparison,,,0.8300000000000001,,,,,0.27322404371584696,0.37593984962406013
rate-comparison,,,0.84,,,,,0.27173913043478265,0.373134328358209
rate-comparison,,,0.85,,,,,0.27027027027027023,0.37037037037037035
rate-comparison,,,0.86,,,,,0.2688172043010753,0.36764705882352944
rate-comparison,,,0.87,,,,,0.267379679144385,0.36496350364963503
rate-comparison,,,0.88,,,,,0.26595744680851063,0.3623188405797102
rate-comparison,,,0.89,,,,,0.26455026455026454,0.3597122302158273
rate-comparison,,,0.9,,,,,0.2631578947368421,0.35714285714285715
rate-comparison,,,0.91,,,,,0.2617801047120419,0.35460992907801414
rate-comparison,,,0.92,,,,,0.2604166666666667,0.35211267605633806
rate-comparison,,,0.93,,,,,0.25906735751295334,0.34965034965034963
rate-comparison,,,0.9400000000000001,,,,,0.2577319587628866,0.3472222222222222
rate-comparison,,,0.9500000000000001,,,,,0.2564102564102564,0.3448275862068965
rate-comparison,,,0.96,,,,,0.25510204081632654,0.3424657534246575
rate-comparison,,,0.97,,,,,0.25380710659898476,0.3401360544217687
rate-comparison,,,0.98,,,,,0.25252525252525254,0.33783783783783783
rate-comparison,,,0.99,,,,,0.25125628140703515,0.33557046979865773
rate-comparison,,,1.0,,,,,0.25,0.3333333333333333
rate-comparison,,,1.01,,,,,0.24875621890547267,0.33112582781456956
rate-comparison,,,1.02,,,,,0.24752475247524752,0.32894736842105265
rate-comparison,,,1.03,,,,,0.2463054187192118,0.32679738562091504
rate-comparison,,,1.04,,,,,0.24509803921568626,0.3246753246753247
rate-comparison,,,1.05,,,,,0.24390243902439027,0.3225806451612903
rate-comparison,,,1.06,,,,,0.24271844660194175,0.3205128205128205
rate-comparison,,,1.07,,,,,0.24154589371980673,0.3184713375796178
rate-comparison,,,1.08,,,,,0.24038461538461536,0.3164556962025316
rate-comparison,,,1.09,,,,,0.23923444976076558,0.31446540880503143
rate-comparison,,,1.1,,,,,0.23809523809523808,0.3125
rate-comparison,,,1.11,,,,,0.23696682464454974,0.3105590062111801
rate-comparison,,,1.12,,,,,0.23584905660377356,0.30864197530864196
rate-comparison,,,1.1300000000000001,,,,,0.2347417840375587,0.3067484662576687
rate-comparison,,,1.1400000000000001,,,,,0.2336448598130841,0.3048780487804878
rate-comparison,,,1.1500000000000001,,,,,0.2325581395348837,0.303030303030303
rate-comparison,,,1.16,,,,,0.23148148148148145,0.30120481927710846
rate-comparison,,,1.17,,,,,0.2304147465437788,0.29940119760479045
rate-comparison,,,1.18,,,,,0.22935779816513766,0.2976190476190476
rate-comparison,,,1.19,,,,,0.22831050228310504,0.2958579881656805
rate-comparison,,,1.2,,,,,0.22727272727272727,0.29411764705882354
rate-comparison,,,1.21,,,,,0.22624434389140272,0.29239766081871343
rate-comparison,,,1.22,,,,,0.22522522522522526,0.29069767441860467
rate-comparison,,,1.23,,,,,0.2242152466367713,0.28901734104046245
rate-comparison,,,1.24,,,,,0.2232142857142857,0.28735632183908044
rate-comparison,,,1.25,,,,,0.2222222222222222,0.2857142857142857
rate-comparison,,,1.26,,,,,0.22123893805309736,0.2840909090909091
rate-comparison,,,1.27,,,,,0.22026431718061673,0.2824858757062147
rate-comparison,,,1.28,,,,,0.21929824561403508,0.2808988764044944
rate-comparison,,,1.29,,,,,0.2183406113537118,0.27932960893854747
rate-comparison,,,1.3,,,,,0.2173913043478261,0.2777777777777778
rate-comparison,,,1.31,,,,,0.21645021645021645,0.27624309392265195
rate-comparison,,,1.32,,,,,0.21551724137931033,0.2747252747252747
rate-comparison,,,1.33,,,,,0.2145922746781116,0.27322404371584696
rate-comparison,,,1.34,,,,,0.2136752136752137,0.2717391304347826
rate-comparison,,,1.35,,,,,0.2127659574468085,0.27027027027027023
rate-comparison,,,1.36,,,,,0.21186440677966098,0.26881720430107525
rate-comparison,,,1.37,,,,,0.21097046413502107,0.267379679144385
rate-comparison,,,1.3800000000000001,,,,,0.21008403361344538,0.26595744680851063
rate-comparison,,,1.3900000000000001,,,,,0.20920502092050208,0.26455026455026454
rate-comparison,,,1.4000000000000001,,,,,0.20833333333333331,0.2631578947368421
rate-comparison,,,1.41,,,,,0.20746887966804978,0.2617801047120419
rate-comparison,,,1.42,,,,,0.2066115702479339,0.2604166666666667
rate-comparison,,,1.43,,,,,0.20576131687242802,0.2590673575129534
rate-comparison,,,1.44,,,,,0.20491803278688525,0.2577319587628866
rate-comparison,,,1.45,,,,,0.2040816326530612,0.25641025641025644
rate-comparison,,,1.46,,,,,0.2032520325203252,0.25510204081632654
rate-comparison,,,1.47,,,,,0.20242914979757087,0.25380710659898476
rate-comparison,,,1.48,,,,,0.20161290322580647,0.25252525252525254
rate-comparison,,,1.49,,,,,0.2008032128514056,0.25125628140703515
rate-comparison,,,1.5,,,,,0.2,0.25
rate-comparison,,,1.51,,,,,0.19920318725099603,0.24875621890547267
rate-comparison,,,1.52,,,,,0.1984126984126984,0.24752475247524752
rate-comparison,,,1.53,,,,,0.19762845849802368,0.2463054187192118
rate-comparison,,,1.54,,,,,0.19685039370078738,0.24509803921568626
rate-comparison,,,1.55,,,,,0.19607843137254904,0.24390243902439027
rate-comparison,,,1.56,,,,,0.1953125,0.24271844660194175
rate-comparison,,,1.57,,,,,0.19455252918287935,0.24154589371980673
rate-comparison,,,1.58,,,,,0.19379844961240308,0.24038461538461536
rate-comparison,,,1.59,,,,,0.19305019305019305,0.23923444976076558
rate-comparison,,,1.6,,,,,0.1923076923076923,0.23809523809523808
rate-comparison,,,1.61,,,,,0.19157088122605362,0.23696682464454974
rate-comparison,,,1.62,,,,,0.19083969465648853,0.23584905660377356
rate-comparison,,,1.6300000000000001,,,,,0.19011406844106465,0.2347417840375587
rate-comparison,,,1.6400000000000001,,,,,0.1893939393939394,0.2336448598130841
rate-comparison,,,1.6500000000000001,,,,,0.18867924528301885,0.2325581395348837
rate-comparison,,,1.6600000000000001,,,,,0.18796992481203006,0.23148148148148145
rate-comparison,,,1.67,,,,,0.18726591760299627,0.2304147465437788
rate-comparison,,,1.68,,,,,0.1865671641791045,0.22935779816513766
rate-comparison,,,1.69,,,,,0.1858736059479554,0.22831050228310504
rate-comparison,,,1.7,,,,,0.18518518518518517,0.22727272727272727
rate-comparison,,,1.71,,,,,0.18450184501845018,0.22624434389140272
rate-comparison,,,1.72,,,,,0.18382352941176472,0.22522522522522526
rate-comparison,,,1.73,,,,,0.18315018315018314,0.2242152466367713
rate-comparison,,,1.74,,,,,0.18248175182481752,0.2232142857142857
rate-comparison,,,1.75,,,,,0.18181818181818182,0.2222222222222222
rate-comparison,,,1.76,,,,,0.1811594202898551,0.22123893805309736
rate-comparison,,,1.77,,,,,0.18050541516245489,0.22026431718061673
rate-comparison,,,1.78,,,,,0.17985611510791366,0.21929824561403508
rate-comparison,,,1.79,,,,,0.17921146953405018,0.2183406113537118
rate-comparison,,,1.8,,,,,0.17857142857142858,0.2173913043478261
rate-comparison,,,1.81,,,,,0.17793594306049823,0.21645021645021645
rate-comparison,,,1.82,,,,,0.17730496453900707,0.21551724137931033
rate-comparison,,,1.83,,,,,0.17667844522968199,0.2145922746781116
rate-comparison,,,1.84,,,,,0.17605633802816903,0.2136752136752137
rate-comparison,,,1.85,,,,,0.17543859649122806,0.2127659574468085
rate-comparison,,,1.86,,,,,0.17482517482517482,0.21186440677966098
rate-comparison,,,1.87,,,,,0.17421602787456444,0.21097046413502107
rate-comparison,,,1.8800000000000001,,,,,0.1736111111111111,0.21008403361344538
rate-comparison,,,1.8900000000000001,,,,,0.17301038062283736,0.20920502092050208
rate-comparison,,,1.9000000000000001,,,,,0.17241379310344826,0.20833333333333331
rate-comparison,,,1.9100000000000001,,,,,0.1718213058419244,0.20746887966804978
rate-comparison,,,1.92,,,,,0.17123287671232876,0.2066115702479339
rate-comparison,,,1.93,,,,,0.17064846416382254,0.20576131687242802
rate-comparison,,,1.94,,,,,0.17006802721088435,0.20491803278688525
rate-comparison,,,1.95,,,,,0.1694915254237288,0.2040816326530612
rate-comparison,,,1.96,,,,,0.16891891891891891,0.2032520325203252
rate-comparison,,,1.97,,,,,0.16835016835016836,0.20242914979757087
rate-comparison,,,1.98,,,,,0.16778523489932887,0.20161290322580647
rate-comparison,,,1.99,,,,,0.16722408026755853,0.2008032128514056
rate-comparison,,,2.0,,,,,0.16666666666666666,0.2
rate-comparison,,,2.0100000000000002,,,,,0.1661129568106312,0.199203187250996
rate-comparison,,,2.02,,,,,0.16556291390728478,0.1984126984126984
rate-comparison,,,2.0300000000000002,,,,,0.16501650165016502,0.19762845849802368
rate-comparison,,,2.04,,,,,0.16447368421052633,0.19685039370078738
rate-comparison,,,2.05,,,,,0.1639344262295082,0.19607843137254904
rate-comparison,,,2.06,,,,,0.16339869281045752,0.1953125
rate-comparison,,,2.07,,,,,0.16286644951140067,0.19455252918287938
rate-comparison,,,2.08,,,,,0.16233766233766234,0.19379844961240308
rate-comparison,,,2.09,,,,,0.16181229773462785,0.19305019305019305
rate-comparison,,,2.1,,,,,0.16129032258064516,0.1923076923076923
rate-comparison,,,2.11,,,,,0.1607717041800643,0.19157088122605365
rate-comparison,,,2.12,,,,,0.16025641025641024,0.19083969465648853
rate-comparison,,,2.13,,,,,0.1597444089456869,0.19011406844106465
rate-comparison,,,2.14,,,,,0.1592356687898089,0.1893939393939394
rate-comparison,,,2.15,,,,,0.15873015873015872,0.18867924528301888
rate-comparison,,,2.16,,,,,0.1582278481012658,0.18796992481203006
rate-comparison,,,2.17,,,,,0.15772870662460567,0.18726591760299627
rate-comparison,,,2.18,,,,,0.15723270440251572,0.18656716417910446
rate-comparison,,,2.19,,,,,0.15673981191222572,0.1858736059479554
rate-comparison,,,2.2,,,,,0.15625,0.18518518518518517
rate-comparison,,,2.21,,,,,0.1557632398753894,0.18450184501845018
rate-comparison,,,2.22,,,,,0.15527950310559005,0.1838235294117647
rate-comparison,,,2.23,,,,,0.15479876160990713,0.18315018315018314
rate-comparison,,,2.24,,,,,0.15432098765432098,0.18248175182481752
rate-comparison,,,2.25,,,,,0.15384615384615385,0.18181818181818182
rate-comparison,,,2.2600000000000002,,,,,0.15337423312883436,0.18115942028985504
rate-comparison,,,2.27,,,,,0.1529051987767584,0.18050541516245489
rate-comparison,,,2.2800000000000002,,,,,0.1524390243902439,0.17985611510791366
rate-comparison,,,2.29,,,,,0.1519756838905775,0.17921146953405018
rate-comparison,,,2.3000000000000003,,,,,0.1515151515151515,0.17857142857142855
rate-comparison,,,2.31,,,,,0.1510574018126888,0.17793594306049823
rate-comparison,,,2.32,,,,,0.15060240963855423,0.1773049645390071
rate-comparison,,,2.33,,,,,0.15015015015015015,0.17667844522968199
rate-comparison,,,2.34,,,,,0.14970059880239522,0.17605633802816903
rate-comparison,,,2.35,,,,,0.14925373134328357,0.17543859649122806
rate-comparison,,,2.36,,,,,0.1488095238095238,0.17482517482517484
rate-comparison,,,2.37,,,,,0.14836795252225518,0.17421602787456444
rate-comparison,,,2.38,,,,,0.14792899408284024,0.1736111111111111
rate-comparison,,,2.39,,,,,0.14749262536873156,0.17301038062283736
rate-comparison,,,2.4,,,,,0.14705882352941177,0.1724137931034483
rate-comparison,,,2.41,,,,,0.14662756598240467,0.1718213058419244
rate-comparison,,,2.42,,,,,0.14619883040935672,0.17123287671232876
rate-comparison,,,2.43,,,,,0.14577259475218657,0.1706484641638225
rate-comparison,,,2.44,,,,,0.14534883720930233,0.17006802721088435
rate-comparison,,,2.45,,,,,0.14492753623188406,0.1694915254237288
rate-comparison,,,2.46,,,,,0.14450867052023122,0.16891891891891891
rate-comparison,,,2.47,,,,,0.1440922190201729,0.16835016835016833
rate-comparison,,,2.48,,,,,0.14367816091954022,0.16778523489932887
rate-comparison,,,2.49,,,,,0.14326647564469913,0.16722408026755853
rate-comparison,,,2.5,,,,,0.14285714285714285,0.16666666666666666
rate-comparison,,,2.5100000000000002,,,,,0.14245014245014245,0.1661129568106312
rate-comparison,,,2.52,,,,,0.14204545454545456,0.16556291390728478
rate-comparison,,,2.5300000000000002,,,,,0.141643059490085,0.16501650165016502
rate-comparison,,,2.54,,,,,0.14124293785310735,0.16447368421052633
rate-comparison,,,2.5500000000000003,,,,,0.1408450704225352,0.16393442622950818
rate-comparison,,,2.56,,,,,0.1404494382022472,0.16339869281045752
rate-comparison,,,2.57,,,,,0.1400560224089636,0.16286644951140067
rate-comparison,,,2.58,,,,,0.13966480446927373,0.16233766233766234
rate-comparison,,,2.59,,,,,0.1392757660167131,0.16181229773462785
rate-comparison,,,2.6,,,,,0.1388888888888889,0.16129032258064516
rate-comparison,,,2.61,,,,,0.13850415512465375,0.1607717041800643
rate-comparison,,,2.62,,,,,0.13812154696132597,0.16025641025641024
rate-comparison,,,2.63,,,,,0.13774104683195593,0.1597444089456869
rate-comparison,,,2.64,,,,,0.13736263736263735,0.1592356687898089
rate-comparison,,,2.65,,,,,0.136986301369863,0.15873015873015872
rate-comparison,,,2.66,,,,,0.13661202185792348,0.1582278481012658
rate-comparison,,,2.67,,,,,0.1362397820163488,0.15772870662460567
rate-comparison,,,2.68,,,,,0.1358695652173913,0.15723270440251572
rate-comparison,,,2.69,,,,,0.13550135501355015,0.15673981191222572
rate-comparison,,,2.7,,,,,0.13513513513513511,0.15625
rate-comparison,,,2.71,,,,,0.1347708894878706,0.1557632398753894
rate-comparison,,,2.72,,,,,0.13440860215053763,0.15527950310559005
rate-comparison,,,2.73,,,,,0.13404825737265416,0.15479876160990713
rate-comparison,,,2.74,,,,,0.1336898395721925,0.15432098765432098
rate-comparison,,,2.75,,,,,0.13333333333333333,0.15384615384615385
rate-comparison,,,2.7600000000000002,,,,,0.13297872340425532,0.15337423312883436
rate-comparison,,,2.77,,,,,0.13262599469496023,0.1529051987767584
rate-comparison,,,2.7800000000000002,,,,,0.13227513227513227,0.1524390243902439
rate-comparison,,,2.79,,,,,0.13192612137203166,0.1519756838905775
rate-comparison,,,2.8000000000000003,,,,,0.13157894736842105,0.1515151515151515
rate-comparison,,,2.81,,,,,0.13123359580052493,0.1510574018126888
rate-comparison,,,2.82,,,,,0.13089005235602094,0.15060240963855423
rate-comparison,,,2.83,,,,,0.13054830287206265,0.15015015015015015
rate-comparison,,,2.84,,,,,0.13020833333333334,0.14970059880239522
rate-comparison,,,2.85,,,,,0.12987012987012986,0.14925373134328357
rate-comparison,,,2.86,,,,,0.1295336787564767,0.1488095238095238
rate-comparison,,,2.87,,,,,0.12919896640826872,0.14836795252225518
rate-comparison,,,2.88,,,,,0.1288659793814433,0.14792899408284024
rate-comparison,,,2.89,,,,,0.12853470437017994,0.14749262536873156
rate-comparison,,,2.9,,,,,0.12820512820512822,0.14705882352941177
rate-comparison,,,2.91,,,,,0.1278772378516624,0.14662756598240467
rate-comparison,,,2.92,,,,,0.12755102040816327,0.14619883040935672
rate-comparison,,,2.93,,,,,0.1272264631043257,0.14577259475218657
rate-comparison,,,2.94,,,,,0.12690355329949238,0.14534883720930233
rate-comparison,,,2.95,,,,,0.12658227848101264,0.14492753623188406
rate-comparison,,,2.96,,,,,0.12626262626262627,0.14450867052023122
rate-comparison,,,2.97,,,,,0.12594458438287154,0.1440922190201729
rate-comparison,,,2.98,,,,,0.12562814070351758,0.14367816091954022
rate-comparison,,,2.99,,,,,0.12531328320802004,0.14326647564469913
rate-comparison,,,3.0,,,,,0.125,0.14285714285714285
rate-comparison,,,3.0100000000000002,,,,,0.12468827930174564,0.14245014245014245
rate-comparison,,,3.02,,,,,0.12437810945273634,0.14204545454545456
rate-comparison,,,3.0300000000000002,,,,,0.12406947890818858,0.141643059490085
rate-comparison,,,3.04,,,,,0.12376237623762376,0.14124293785310735
rate-comparison,,,3.0500000000000003,,,,,0.12345679012345677,0.1408450704225352
rate-comparison,,,3.06,,,,,0.1231527093596059,0.1404494382022472
rate-comparison,,,3.0700000000000003,,,,,0.12285012285012284,0.1400560224089636
rate-comparison,,,3.08,,,,,0.12254901960784313,0.13966480446927373
rate-comparison,,,3.09,,,,,0.12224938875305624,0.1392757660167131
rate-comparison,,,3.1,,,,,0.12195121951219513,0.1388888888888889
rate-comparison,,,3.11,,,,,0.12165450121654503,0.13850415512465375
rate-comparison,,,3.12,,,,,0.12135922330097088,0.13812154696132597
rate-comparison,,,3.13,,,,,0.12106537530266344,0.13774104683195593
rate-comparison,,,3.14,,,,,0.12077294685990336,0.13736263736263735
rate-comparison,,,3.15,,,,,0.12048192771084336,0.136986301369863
rate-comparison,,,3.16,,,,,0.12019230769230768,0.13661202185792348
rate-comparison,,,3.17,,,,,0.11990407673860912,0.1362397820163488
rate-comparison,,,3.18,,,,,0.11961722488038279,0.1358695652173913
rate-comparison,,,3.19,,,,,0.11933174224343678,0.13550135501355015
rate-comparison,,,3.2,,,,,0.11904761904761904,0.13513513513513511
rate-comparison,,,3.21,,,,,0.11876484560570072,0.1347708894878706
rate-comparison,,,3.22,,,,,0.11848341232227487,0.13440860215053763
rate-comparison,,,3.23,,,,,0.11820330969267138,0.13404825737265416
rate-comparison,,,3.24,,,,,0.11792452830188678,0.1336898395721925
rate-comparison,,,3.25,,,,,0.11764705882352941,0.13333333333333333
rate-comparison,,,3.2600000000000002,,,,,0.11737089201877934,0.13297872340425532
rate-comparison,,,3.27,,,,,0.117096018735363,0.13262599469496023
rate-comparison,,,3.2800000000000002,,,,,0.11682242990654206,0.13227513227513227
rate-comparison,,,3.29,,,,,0.11655011655011654,0.13192612137203166
rate-comparison,,,3.3000000000000003,,,,,0.11627906976744184,0.13157894736842105
rate-comparison,,,3.31,,,,,0.11600928074245938,0.13123359580052493
rate-comparison,,,3.3200000000000003,,,,,0.11574074074074073,0.13089005235602094
rate-comparison,,,3.33,,,,,0.11547344110854503,0.13054830287206265
rate-comparison,,,3.34,,,,,0.1152073732718894,0.13020833333333334
rate-comparison,,,3.35,,,,,0.1149425287356322,0.12987012987012986
rate-comparison,,,3.36,,,,,0.11467889908256883,0.1295336787564767
rate-comparison,,,3.37,,,,,0.11441647597254004,0.12919896640826872
rate-comparison,,,3.38,,,,,0.11415525114155252,0.1288659793814433
rate-comparison,,,3.39,,,,,0.11389521640091115,0.12853470437017994
rate-comparison,,,3.4,,,,,0.11363636363636363,0.12820512820512822
rate-comparison,,,3.41,,,,,0.11337868480725623,0.1278772378516624
rate-comparison,,,3.42,,,,,0.11312217194570136,0.12755102040816327
rate-comparison,,,3.43,,,,,0.11286681715575622,0.1272264631043257
rate-comparison,,,3.44,,,,,0.11261261261261263,0.12690355329949238
rate-comparison,,,3.45,,,,,0.11235955056179775,0.12658227848101264
rate-comparison,,,3.46,,,,,0.11210762331838565,0.12626262626262627
rate-comparison,,,3.47,,,,,0.11185682326621922,0.12594458438287154
rate-comparison,,,3.48,,,,,0.11160714285714285,0.12562814070351758
rate-comparison,,,3.49,,,,,0.11135857461024498,0.12531328320802004
rate-comparison,,,3.5,,,,,0.1111111111111111,0.125
rate-comparison,,,3.5100000000000002,,,,,0.11086474501108648,0.12468827930174564
rate-comparison,,,3.52,,,,,0.11061946902654868,0.12437810945273634
rate-comparison,,,3.5300000000000002,,,,,0.11037527593818984,0.12406947890818858
rate-comparison,,,3.54,,,,,0.11013215859030837,0.12376237623762376
rate-comparison,,,3.5500000000000003,,,,,0.10989010989010987,0.12345679012345677
rate-comparison,,,3.56,,,,,0.10964912280701754,0.1231527093596059
rate-comparison,,,3.5700000000000003,,,,,0.10940919037199125,0.12285012285012284
rate-comparison,,,3.58,,,,,0.1091703056768559,0.12254901960784313
rate-comparison,,,3.59,,,,,0.10893246187363835,0.12224938875305624
rate-comparison,,,3.6,,,,,0.10869565217391305,0.12195121951219513
rate-comparison,,,3.61,,,,,0.1084598698481562,0.12165450121654503
rate-comparison,,,3.62,,,,,0.10822510822510822,0.12135922330097088
rate-comparison,,,3.63,,,,,0.1079913606911447,0.12106537530266344
rate-comparison,,,3.64,,,,,0.10775862068965517,0.12077294685990336
rate-comparison,,,3.65,,,,,0.1075268817204301,0.12048192771084336
rate-comparison,,,3.66,,,,,0.1072961373390558,0.12019230769230768
rate-comparison,,,3.67,,,,,0.10706638115631692,0.11990407673860912
rate-comparison,,,3.68,,,,,0.10683760683760685,0.11961722488038279
rate-comparison,,,3.69,,,,,0.10660980810234542,0.11933174224343678
rate-comparison,,,3.7,,,,,0.10638297872340426,0.11904761904761904
rate-comparison,,,3.71,,,,,0.10615711252653928,0.11876484560570072
rate-comparison,,,3.72,,,,,0.10593220338983049,0.11848341232227487
rate-comparison,,,3.73,,,,,0.10570824524312895,0.11820330969267138
rate-comparison,,,3.74,,,,,0.10548523206751054,0.11792452830188678
rate-comparison,,,3.75,,,,,0.10526315789473684,0.11764705882352941
rate-comparison,,,3.7600000000000002,,,,,0.10504201680672269,0.11737089201877934
rate-comparison,,,3.77,,,,,0.10482180293501049,0.117096018735363
rate-comparison,,,3.7800000000000002,,,,,0.10460251046025104,0.11682242990654206
rate-comparison,,,3.79,,,,,0.10438413361169102,0.11655011655011654
rate-comparison,,,3.8000000000000003,,,,,0.10416666666666666,0.11627906976744184
rate-comparison,,,3.81,,,,,0.10395010395010394,0.11600928074245938
rate-comparison,,,3.8200000000000003,,,,,0.10373443983402489,0.11574074074074073
rate-comparison,,,3.83,,,,,0.10351966873706003,0.11547344110854503
rate-comparison,,,3.84,,,,,0.10330578512396695,0.1152073732718894
rate-comparison,,,3.85,,,,,0.10309278350515465,0.1149425287356322
rate-comparison,,,3.86,,,,,0.10288065843621401,0.11467889908256883
rate-comparison,,,3.87,,,,,0.1026694045174538,0.11441647597254004
rate-comparison,,,3.88,,,,,0.10245901639344263,0.11415525114155252
rate-comparison,,,3.89,,,,,0.10224948875255623,0.11389521640091115
rate-comparison,,,3.9,,,,,0.1020408163265306,0.11363636363636363
rate-comparison,,,3.91,,,,,0.10183299389002036,0.11337868480725623
rate-comparison,,,3.92,,,,,0.1016260162601626,0.11312217194570136
rate-comparison,,,3.93,,,,,0.10141987829614606,0.11286681715575622
rate-comparison,,,3.94,,,,,0.10121457489878544,0.11261261261261263
rate-comparison,,,3.95,,,,,0.10101010101010101,0.11235955056179775
rate-comparison,,,3.96,,,,,0.10080645161290323,0.11210762331838565
rate-comparison,,,3.97,,,,,0.10060362173038229,0.11185682326621922
rate-comparison,,,3.98,,,,,0.1004016064257028,0.11160714285714285
rate-comparison,,,3.99,,,,,0.1002004008016032,0.11135857461024498
rate-comparison,,,4.0,,,,,0.1,0.1111111111111111
