local,remote,bytes,sha256,reuse
results/source/noiseless/adversarial/adversarial_exact-threshold_n024.mat,/home/yangshuo/Git/ID_RS_code/conference_results/raw/adversarial/adversarial_exact-threshold_n024.mat,21176,ca0c6bf7fcb8bf793db14e2b0c6b31280e577f77e831b37855813ae7b0046478,completed_evidence
results/source/noiseless/adversarial/adversarial_exact-threshold_n026.mat,/home/yangshuo/Git/ID_RS_code/conference_results/raw/adversarial/adversarial_exact-threshold_n026.mat,21568,66f071866da773f26c2a7f021013d263c1d03219b92658fece3936a8421439af,completed_evidence
results/source/noiseless/adversarial/adversarial_exact-threshold_n028.mat,/home/yangshuo/Git/ID_RS_code/conference_results/raw/adversarial/adversarial_exact-threshold_n028.mat,21992,b794ee59b190f6f9f7280b74012edc875488471f8b4ff5088da7e83f73659e33,completed_evidence
results/source/noiseless/adversarial/adversarial_exact-threshold_n030.mat,/home/yangshuo/Git/ID_RS_code/conference_results/raw/adversarial/adversarial_exact-threshold_n030.mat,24411,7fe0862eb93723a66265dc16fcded40ef64bd56fd1617602cb51b40564f1a74a,completed_evidence
results/source/noiseless/adversarial/adversarial_exact-threshold_n032.mat,/home/yangshuo/Git/ID_RS_code/conference_results/raw/adversarial/adversarial_exact-threshold_n032.mat,24844,8b619215398d2d9d0f4d9420cef4b838526a7b513021ac74ecf0f307f450a451,completed_evidence
results/source/noiseless/adversarial/adversarial_exact-threshold_n034.mat,/home/yangshuo/Git/ID_RS_code/conference_results/raw/adversarial/adversarial_exact-threshold_n034.mat,32215,ab34d5756ed3be0e18de31a5a122bd1d21c675a040129f80bc67393f8fcfb049,completed_evidence
results/source/noiseless/adversarial/adversarial_exact-threshold_n036.mat,/home/yangshuo/Git/ID_RS_code/conference_results/raw/adversarial/adversarial_exact-threshold_n036.mat,49891,03010651d85227300cc8feb54313e4a2a3272be6ae43f56b8d2e601a55a6ca48,completed_evidence
results/source/noiseless/adversarial/adversarial_exact-threshold_n038.mat,/home/yangshuo/Git/ID_RS_code/conference_results/raw/adversarial/adversarial_exact-threshold_n038.mat,54073,bfccc1c6f75106d67263ed233bfaf9568d45f313e30e290e31226240fa612792,completed_evidence
results/source/noiseless/adversarial/adversarial_exact-threshold_n040.mat,/home/yangshuo/Git/ID_RS_code/conference_results/raw/adversarial/adversarial_exact-threshold_n040.mat,94097,f4995789fcc45c86180362558c607df07bf27c87629f88700d539b26c4ce22de,completed_evidence
results/source/noiseless/adversarial/adversarial_id_n024.mat,/home/yangshuo/Git/ID_RS_code/conference_results/raw/adversarial/adversarial_id_n024.mat,25144,97dfe0d2df174a5d0c800f30a70bc7121d079093bf5fd021f7ba12a5877f44b7,completed_evidence
results/source/noiseless/adversarial/adversarial_id_n026.mat,/home/yangshuo/Git/ID_RS_code/conference_results/raw/adversarial/adversarial_id_n026.mat,23608,8ac91d7a529f9cf8f8440ed44ec13f6a289a26cc75fd00361b2f368ba38ecc4d,completed_evidence
results/source/noiseless/adversarial/adversarial_id_n028.mat,/home/yangshuo/Git/ID_RS_code/conference_results/raw/adversarial/adversarial_id_n028.mat,24834,d41b3923574d2f454097cc7e615e941bb1458c78f5825f2b90c1fbb2d9f8b7c7,completed_evidence
results/source/noiseless/adversarial/adversarial_id_n030.mat,/home/yangshuo/Git/ID_RS_code/conference_results/raw/adversarial/adversarial_id_n030.mat,27368,8f6326c767b1ebd370dbd2021987775c93e392bd5f0511bddd4860d438d1b5fd,completed_evidence
results/source/noiseless/adversarial/adversarial_id_n032.mat,/home/yangshuo/Git/ID_RS_code/conference_results/raw/adversarial/adversarial_id_n032.mat,381,e5fecd2ba0c006db8647466ecc7f7e57a5e83d91fe7f71f2e8bcb3603702caa5,completed_evidence
results/source/noiseless/adversarial/adversarial_id_n034.mat,/home/yangshuo/Git/ID_RS_code/conference_results/raw/adversarial/adversarial_id_n034.mat,380,17230a569e571e193f1f4b1e8e362083a2375ee3e3f4a7acbc3a2cab52df1fba,completed_evidence
results/source/noiseless/adversarial/adversarial_id_n036.mat,/home/yangshuo/Git/ID_RS_code/conference_results/raw/adversarial/adversarial_id_n036.mat,384,533c7149cca5bedd7e038fd4b18c0a3780aa920c5a8840dee0751b851aeea99a,completed_evidence
results/source/noiseless/adversarial/adversarial_id_n038.mat,/home/yangshuo/Git/ID_RS_code/conference_results/raw/adversarial/adversarial_id_n038.mat,388,cd38761b36f5c30942aeacc8909d9ddc3b9b0801f71b8eb2291f31197829e5d9,completed_evidence
results/source/noiseless/adversarial/adversarial_id_n040.mat,/home/yangshuo/Git/ID_RS_code/conference_results/raw/adversarial/adversarial_id_n040.mat,375,e9c60671da8e0433b1d3c586eef758ce82ac57289cf0dea7dc141044f93a04e5,completed_evidence
results/source/noiseless/adversarial/adversarial_rank_n024.mat,/home/yangshuo/Git/ID_RS_code/conference_results/raw/adversarial/adversarial_rank_n024.mat,24824,1032cbd856d4a1c417f9a278d839efc38d7c05ba5ab6e2ee827c1ac5a299a543,completed_evidence
results/source/noiseless/adversarial/adversarial_rank_n026.mat,/home/yangshuo/Git/ID_RS_code/conference_results/raw/adversarial/adversarial_rank_n026.mat,24237,c6cc5f897456f3c3040fe76aaaa1978207fccd1a50439c805625aec8baafdbd6,completed_evidence
results/source/noiseless/adversarial/adversarial_rank_n028.mat,/home/yangshuo/Git/ID_RS_code/conference_results/raw/adversarial/adversarial_rank_n028.mat,26370,d2dffbdf10b77b4acd18cc8b39fb837b52dc57dbb3ea6c376cbc05b1c43762f3,completed_evidence
results/source/noiseless/adversarial/adversarial_rank_n030.mat,/home/yangshuo/Git/ID_RS_code/conference_results/raw/adversarial/adversarial_rank_n030.mat,30085,a5acaba210d42d6896d539f38a9a2c351890bd03d302a0283dd7eab162ccf10a,completed_evidence
results/source/noiseless/adversarial/adversarial_rank_n032.mat,/home/yangshuo/Git/ID_RS_code/conference_results/raw/adversarial/adversarial_rank_n032.mat,36897,a5d41071e5d71249aa6243b34c0c4bab1b8194ffdf54c0e703268a88d4bbc0fa,completed_evidence
results/source/noiseless/adversarial/adversarial_rank_n034.mat,/home/yangshuo/Git/ID_RS_code/conference_results/raw/adversarial/adversarial_rank_n034.mat,48021,e26a56dd71230d10992e9393e4a1f87dcbdc0e66b9f235b9c0ed0e3bd3bb44f8,completed_evidence
results/source/noiseless/adversarial/adversarial_rank_n036.mat,/home/yangshuo/Git/ID_RS_code/conference_results/raw/adversarial/adversarial_rank_n036.mat,67970,83390b995d772f0b94ed7dd4f8c45a96621a387bc42c1eab8ba803c2700624c9,completed_evidence
results/source/noiseless/adversarial/adversarial_rank_n038.mat,/home/yangshuo/Git/ID_RS_code/conference_results/raw/adversarial/adversarial_rank_n038.mat,98324,f254a7f3fe08c79599e11d743788494a4f5f9805a1870babbb63054eebb2a226,completed_evidence
results/source/noiseless/adversarial/adversarial_rank_n040.mat,/home/yangshuo/Git/ID_RS_code/conference_results/raw/adversarial/adversarial_rank_n040.mat,149337,44140142667fbc2c882915560b7f3fa03c103c052baf1cceb683112445c1ee3b,completed_evidence
results/source/noiseless/finite_length/exact-threshold_n024_M002000_seed0020563225_shard000.mat,/home/yangshuo/Git/ID_RS_code/conference_results/raw/finite_length/exact-threshold_n024_M002000_seed0020563225_shard000.mat,36516,ba4948f9de5181f810841612dffe4acf3256196a2892021218481110455d37c7,completed_evidence
results/source/noiseless/finite_length/exact-threshold_n026_M002000_seed0020563425_shard000.mat,/home/yangshuo/Git/ID_RS_code/conference_results/raw/finite_length/exact-threshold_n026_M002000_seed0020563425_shard000.mat,36496,33fba8ce18b91c343271577ce92312263d8375c229f602aa56cffe3f5afdd1a7,completed_evidence
results/source/noiseless/finite_length/exact-threshold_n028_M002000_seed0020563625_shard000.mat,/home/yangshuo/Git/ID_RS_code/conference_results/raw/finite_length/exact-threshold_n028_M002000_seed0020563625_shard000.mat,36496,fef2cfa8944ebaeb316ca89557b2ac6fab532087e0901262638ba9b2a8634daf,completed_evidence
results/source/noiseless/finite_length/exact-threshold_n030_M002000_seed0020563825_shard000.mat,/home/yangshuo/Git/ID_RS_code/conference_results/raw/finite_length/exact-threshold_n030_M002000_seed0020563825_shard000.mat,39157,ead2ee756edd91eb5f9211035ca3e33bb58016fc90d21f8f201bd5803c8a6d44,completed_evidence
results/source/noiseless/finite_length/exact-threshold_n032_M002000_seed0020564025_shard000.mat,/home/yangshuo/Git/ID_RS_code/conference_results/raw/finite_length/exact-threshold_n032_M002000_seed0020564025_shard000.mat,39172,1fff76fe2281729fecd0935e1b4aa38b1d11b9d2fb27b1f7ad7648c8d6e7110c,completed_evidence
results/source/noiseless/finite_length/exact-threshold_n034_M002000_seed0020564225_shard000.mat,/home/yangshuo/Git/ID_RS_code/conference_results/raw/finite_length/exact-threshold_n034_M002000_seed0020564225_shard000.mat,39471,f0f075d23a45adb13599aa539d4dc30defef550328f4e81bb63aea886f37c393,completed_evidence
results/source/noiseless/finite_length/exact-threshold_n036_M002000_seed0020564425_shard000.mat,/home/yangshuo/Git/ID_RS_code/conference_results/raw/finite_length/exact-threshold_n036_M002000_seed0020564425_shard000.mat,39773,a6566d8d7b95734a156cd9e6c7836c3930874f4fcecab9b2edfb44a9c38b901f,completed_evidence
results/source/noiseless/finite_length/exact-threshold_n038_M002000_seed0020564625_shard000.mat,/home/yangshuo/Git/ID_RS_code/conference_results/raw/finite_length/exact-threshold_n038_M002000_seed0020564625_shard000.mat,39812,966879acda19b5d164897ab1aee0b1ae61354e403b6c17b3bb05b57cbe8682dc,completed_evidence
results/source/noiseless/finite_length/exact-threshold_n040_M002000_seed0020564825_shard000.mat,/home/yangshuo/Git/ID_RS_code/conference_results/raw/finite_length/exact-threshold_n040_M002000_seed0020564825_shard000.mat,39967,1fef89ae1630492cfcbd429e59780238d105e6bf83ec80c1b40c4d5638ca92a9,completed_evidence
results/source/noiseless/finite_length/id_n024_M002000_seed0020363225_shard000.mat,/home/yangshuo/Git/ID_RS_code/conference_results/raw/finite_length/id_n024_M002000_seed0020363225_shard000.mat,39856,68e86f2d6602ea2fe3f24854265333f8c19b36adec42083531c78563f0c480a4,completed_evidence
results/source/noiseless/finite_length/id_n026_M002000_seed0020363425_shard000.mat,/home/yangshuo/Git/ID_RS_code/conference_results/raw/finite_length/id_n026_M002000_seed0020363425_shard000.mat,42160,f7227c6af892744911c6048ead5db9061885ac1b28f3bfc32760814ad40e9465,completed_evidence
results/source/noiseless/finite_length/id_n028_M002000_seed0020363625_shard000.mat,/home/yangshuo/Git/ID_RS_code/conference_results/raw/finite_length/id_n028_M002000_seed0020363625_shard000.mat,46160,f85ff450fe292cb61ecc1f44ef1ef36edf8d326aab72057c0102e078ac6f3333,completed_evidence
results/source/noiseless/finite_length/id_n030_M002000_seed0020363825_shard000.mat,/home/yangshuo/Git/ID_RS_code/conference_results/raw/finite_length/id_n030_M002000_seed0020363825_shard000.mat,39448,3073fc203d3a7facde3a945979724ef8e287076a68284f63f7ab8aa280c327a0,completed_evidence
results/source/noiseless/finite_length/id_n032_M002000_seed0020364025_shard000.mat,/home/yangshuo/Git/ID_RS_code/conference_results/raw/finite_length/id_n032_M002000_seed0020364025_shard000.mat,39448,0097c00c5dd033ac9070529dab28c14a953ca716e64ca81cc62556eac4c5f35b,completed_evidence
results/source/noiseless/finite_length/id_n034_M002000_seed0020364225_shard000.mat,/home/yangshuo/Git/ID_RS_code/conference_results/raw/finite_length/id_n034_M002000_seed0020364225_shard000.mat,39448,52193390daf7a25155ce823b2952a55a898570e5f0eb944d4fb3c371ac7371bd,completed_evidence
results/source/noiseless/finite_length/id_n036_M002000_seed0020364425_shard000.mat,/home/yangshuo/Git/ID_RS_code/conference_results/raw/finite_length/id_n036_M002000_seed0020364425_shard000.mat,39448,9c4aeb5188496aa6c33e669461db0220e86c433e247304763b4cd1930c90ec0e,completed_evidence
results/source/noiseless/finite_length/id_n038_M000050_seed0020364625_shard000.mat,/home/yangshuo/Git/ID_RS_code/conference_results/raw/finite_length/id_n038_M000050_seed0020364625_shard000.mat,32856,8fa8d1d612210e86bf7a0f1017454632da868ce3548526aed094fa956c4e6e0a,completed_evidence
results/source/noiseless/finite_length/id_n038_M000050_seed0020364626_shard001.mat,/home/yangshuo/Git/ID_RS_code/conference_results/raw/finite_length/id_n038_M000050_seed0020364626_shard001.mat,32856,d4080656b1e68c951b4baded8256e37bfecb9ed06eeac0529da56068ded47dda,completed_evidence
results/source/noiseless/finite_length/id_n038_M000050_seed0020364627_shard002.mat,/home/yangshuo/Git/ID_RS_code/conference_results/raw/finite_length/id_n038_M000050_seed0020364627_shard002.mat,32856,dcd8324176e2ed28b9bc7554ef8fc02727705e8eaddd04603ccb1730cc5ad9f9,completed_evidence
results/source/noiseless/finite_length/id_n038_M000050_seed0020364628_shard003.mat,/home/yangshuo/Git/ID_RS_code/conference_results/raw/finite_length/id_n038_M000050_seed0020364628_shard003.mat,32856,3de0cbd03167e7b5d3a62ce7c3621bda124f1f31a679db8ae4529ef5024b3570,completed_evidence
results/source/noiseless/finite_length/id_n040_M000050_seed0020364825_shard000.mat,/home/yangshuo/Git/ID_RS_code/conference_results/raw/finite_length/id_n040_M000050_seed0020364825_shard000.mat,32856,a9b4d27030d456276d91eefffc551539bd2b700d302977922858172fa7b67294,completed_evidence
results/source/noiseless/finite_length/id_n040_M000050_seed0020364826_shard001.mat,/home/yangshuo/Git/ID_RS_code/conference_results/raw/finite_length/id_n040_M000050_seed0020364826_shard001.mat,32856,f9ffb9d2a339191f3841d1fffe3934ce98cca518857b17611f8d121c24e54e94,completed_evidence
results/source/noiseless/finite_length/id_n040_M000050_seed0020364827_shard002.mat,/home/yangshuo/Git/ID_RS_code/conference_results/raw/finite_length/id_n040_M000050_seed0020364827_shard002.mat,32856,b24257e79609d7ea627579f737d876e8125667c6d31da78d26939347d6278338,completed_evidence
results/source/noiseless/finite_length/id_n040_M000050_seed0020364828_shard003.mat,/home/yangshuo/Git/ID_RS_code/conference_results/raw/finite_length/id_n040_M000050_seed0020364828_shard003.mat,32856,7ee68b46f7d7da29495154c4445f14c2fe970eb61e3507456c5a184e8d349685,completed_evidence
results/source/noiseless/finite_length/rank_n024_M002000_seed0020463225_shard000.mat,/home/yangshuo/Git/ID_RS_code/conference_results/raw/finite_length/rank_n024_M002000_seed0020463225_shard000.mat,36801,a5960ba0fb9beb12db807b3f238f047b7d021d6445786934a9e2234dfe784467,completed_evidence
results/source/noiseless/finite_length/rank_n026_M002000_seed0020463425_shard000.mat,/home/yangshuo/Git/ID_RS_code/conference_results/raw/finite_length/rank_n026_M002000_seed0020463425_shard000.mat,36730,db26ece4640becf3ca354cd9e9ba066aac2c077da6840e5616608833a26e9c5e,completed_evidence
results/source/noiseless/finite_length/rank_n028_M002000_seed0020463625_shard000.mat,/home/yangshuo/Git/ID_RS_code/conference_results/raw/finite_length/rank_n028_M002000_seed0020463625_shard000.mat,36763,fa866709af293bdcc15f3414387ad4c504a9987f8e5c279d6a355cfeb8cfe0ae,completed_evidence
results/source/noiseless/finite_length/rank_n030_M002000_seed0020463825_shard000.mat,/home/yangshuo/Git/ID_RS_code/conference_results/raw/finite_length/rank_n030_M002000_seed0020463825_shard000.mat,36726,ef250e70e6bd22e7615c87e219b41a826139ad97410ee4d68f3531567ebd9112,completed_evidence
results/source/noiseless/finite_length/rank_n032_M002000_seed0020464025_shard000.mat,/home/yangshuo/Git/ID_RS_code/conference_results/raw/finite_length/rank_n032_M002000_seed0020464025_shard000.mat,36750,2bf2399fd1dcdc469971361d79261109d5dc1e2311135ebfab6c4be6d52afa27,completed_evidence
results/source/noiseless/finite_length/rank_n034_M002000_seed0020464225_shard000.mat,/home/yangshuo/Git/ID_RS_code/conference_results/raw/finite_length/rank_n034_M002000_seed0020464225_shard000.mat,36738,772c30f72a469a4f3482f2cc180ab6693fdd641cd8737380a8a254a333abd918,completed_evidence
results/source/noiseless/finite_length/rank_n036_M002000_seed0020464425_shard000.mat,/home/yangshuo/Git/ID_RS_code/conference_results/raw/finite_length/rank_n036_M002000_seed0020464425_shard000.mat,36720,59e8fe5116a16c241dddc1218fee653b2979b564fa34dfd007843e8fa1e7129e,completed_evidence
results/source/noiseless/finite_length/rank_n038_M002000_seed0020464625_shard000.mat,/home/yangshuo/Git/ID_RS_code/conference_results/raw/finite_length/rank_n038_M002000_seed0020464625_shard000.mat,36724,62f14719fe5fc5a09525737eb2f0b61f31e17a4b19f195816adeacde2438fd57,completed_evidence
results/source/noiseless/finite_length/rank_n040_M002000_seed0020464825_shard000.mat,/home/yangshuo/Git/ID_RS_code/conference_results/raw/finite_length/rank_n040_M002000_seed0020464825_shard000.mat,36765,43bba0051219e994fc0748ebfe9ff401242205300393374ea62a95d2569e9f82,completed_evidence
results/source/noiseless/rate_exponent/rate_exponent_points.csv,/home/yangshuo/Git/ID_RS_code/conference_results/raw/rate_exponent/rate_exponent_points.csv,27239,e52b9eac492aba3709ad293c5a3c345e7a6ab48f89fec6e4cb1694ec48d64699,completed_evidence
results/source/noiseless/rate_exponent/rate_exponent_points.mat,/home/yangshuo/Git/ID_RS_code/conference_results/raw/rate_exponent/rate_exponent_points.mat,9447,6a0c2182a3fb3bba77063187d368eb390c7912eb4a6de1398391f4be506180f3,completed_evidence
results/source/noisy/rate_pareto/confirmatory_results.csv,/home/yangshuo/Downloads/ID_RS_code/results/noisy_channel_confirmatory_bp/rate_pareto/confirmatory_results.csv,36147,783cd74c9a4de361876d89ab5f2aeeadcb819b583d08231bd469b221ae721573,completed_evidence
results/source/noisy/rate_pareto/confirmatory_results.mat,/home/yangshuo/Downloads/ID_RS_code/results/noisy_channel_confirmatory_bp/rate_pareto/confirmatory_results.mat,27447,3ecc02bb50615ba272cc324c1a302b15c7b84a5d88d3d924f58ee5fe48ad998b,completed_evidence
results/source/noisy/rate_pareto/exact-threshold/n_42/Rc_0p3333/configuration.mat,/home/yangshuo/Downloads/ID_RS_code/results/noisy_channel_confirmatory_bp/rate_pareto/exact-threshold/n_42/Rc_0p3333/configuration.mat,1235,f3be82f1e235ca863c61252ea9ab210510d696367e31edae8400f23eb7295c8d,completed_evidence
results/source/noisy/rate_pareto/exact-threshold/n_42/Rc_0p3333/points/result_n_42_awgn_ebno_p1p0.mat,/home/yangshuo/Downloads/ID_RS_code/results/noisy_channel_confirmatory_bp/rate_pareto/exact-threshold/n_42/Rc_0p3333/points/result_n_42_awgn_ebno_p1p0.mat,273338,cf6f6943ed72564a97fd63e24d8cd71a027bceb4cf951a5754dd5d5cfc779369,completed_evidence
results/source/noisy/rate_pareto/exact-threshold/n_42/Rc_0p3333/points/result_n_42_awgn_ebno_p1p5.mat,/home/yangshuo/Downloads/ID_RS_code/results/noisy_channel_confirmatory_bp/rate_pareto/exact-threshold/n_42/Rc_0p3333/points/result_n_42_awgn_ebno_p1p5.mat,273377,a2b35b9f3f5194f95877ea10c0f6986c35d1b824c8914b8d026b51a980892daf,completed_evidence
results/source/noisy/rate_pareto/exact-threshold/n_42/Rc_0p3333/points/result_n_42_awgn_ebno_p2p0.mat,/home/yangshuo/Downloads/ID_RS_code/results/noisy_channel_confirmatory_bp/rate_pareto/exact-threshold/n_42/Rc_0p3333/points/result_n_42_awgn_ebno_p2p0.mat,273366,ed88603d45d3d38aa3f096edaffabea1e1cac29fe5d56f115d0b3170f07b59a4,completed_evidence
results/source/noisy/rate_pareto/exact-threshold/n_42/Rc_0p3333/points/result_n_42_awgn_ebno_p2p5.mat,/home/yangshuo/Downloads/ID_RS_code/results/noisy_channel_confirmatory_bp/rate_pareto/exact-threshold/n_42/Rc_0p3333/points/result_n_42_awgn_ebno_p2p5.mat,273456,b361db694280473dfd795d36669c2f58be0931fc1821a2bd91187c8c6cbaaa50,completed_evidence
results/source/noisy/rate_pareto/exact-threshold/n_42/Rc_0p4/configuration.mat,/home/yangshuo/Downloads/ID_RS_code/results/noisy_channel_confirmatory_bp/rate_pareto/exact-threshold/n_42/Rc_0p4/configuration.mat,1229,2d84fe434efcd6cc558e95b3d96daa1cd646578d22ab8bd17e77a476e0749de3,completed_evidence
results/source/noisy/rate_pareto/exact-threshold/n_42/Rc_0p4/points/result_n_42_awgn_ebno_p1p0.mat,/home/yangshuo/Downloads/ID_RS_code/results/noisy_channel_confirmatory_bp/rate_pareto/exact-threshold/n_42/Rc_0p4/points/result_n_42_awgn_ebno_p1p0.mat,274300,d4456331d19f2f292de3f07472152e941d7620532382d3519b94e80c24dfefe0,completed_evidence
results/source/noisy/rate_pareto/exact-threshold/n_42/Rc_0p4/points/result_n_42_awgn_ebno_p1p5.mat,/home/yangshuo/Downloads/ID_RS_code/results/noisy_channel_confirmatory_bp/rate_pareto/exact-threshold/n_42/Rc_0p4/points/result_n_42_awgn_ebno_p1p5.mat,274303,9b66c2b90cc8e53f282219cd7efcbe07b8c9cb3425aa53e2a9d01d83203c85a4,completed_evidence
results/source/noisy/rate_pareto/exact-threshold/n_42/Rc_0p4/points/result_n_42_awgn_ebno_p2p0.mat,/home/yangshuo/Downloads/ID_RS_code/results/noisy_channel_confirmatory_bp/rate_pareto/exact-threshold/n_42/Rc_0p4/points/result_n_42_awgn_ebno_p2p0.mat,274368,b22ae113dcd3516cf68bdd3b0a1b0b244987f65a4443882da7b0ec3c5bc7702b,completed_evidence
results/source/noisy/rate_pareto/exact-threshold/n_42/Rc_0p4/points/result_n_42_awgn_ebno_p2p5.mat,/home/yangshuo/Downloads/ID_RS_code/results/noisy_channel_confirmatory_bp/rate_pareto/exact-threshold/n_42/Rc_0p4/points/result_n_42_awgn_ebno_p2p5.mat,274472,189900c327fcef62e26877673b8e4f8d17fbf0c4735d01d459cc5b7c1419ab45,completed_evidence
results/source/noisy/rate_pareto/exact-threshold/n_42/Rc_0p5/configuration.mat,/home/yangshuo/Downloads/ID_RS_code/results/noisy_channel_confirmatory_bp/rate_pareto/exact-threshold/n_42/Rc_0p5/configuration.mat,1232,d0d20010416ff758b40edfdb3817df84955102b41cb03adb9d7b1b641b854128,completed_evidence
results/source/noisy/rate_pareto/exact-threshold/n_42/Rc_0p5/points/result_n_42_awgn_ebno_p1p0.mat,/home/yangshuo/Downloads/ID_RS_code/results/noisy_channel_confirmatory_bp/rate_pareto/exact-threshold/n_42/Rc_0p5/points/result_n_42_awgn_ebno_p1p0.mat,274725,c0a0491f74fcc18ad416777902a9911a1001f3c59365a9c8daed0191b678638d,completed_evidence
results/source/noisy/rate_pareto/exact-threshold/n_42/Rc_0p5/points/result_n_42_awgn_ebno_p1p5.mat,/home/yangshuo/Downloads/ID_RS_code/results/noisy_channel_confirmatory_bp/rate_pareto/exact-threshold/n_42/Rc_0p5/points/result_n_42_awgn_ebno_p1p5.mat,274692,fa94b5a2a0f4b53e1e678feb284d3d0ae4ff5fc17bb719663f30d97beb2a1824,completed_evidence
results/source/noisy/rate_pareto/exact-threshold/n_42/Rc_0p5/points/result_n_42_awgn_ebno_p2p0.mat,/home/yangshuo/Downloads/ID_RS_code/results/noisy_channel_confirmatory_bp/rate_pareto/exact-threshold/n_42/Rc_0p5/points/result_n_42_awgn_ebno_p2p0.mat,274733,03c79749d3c513b10cc794361df3bd9ff84135507e40f256376db8a6e76be2db,completed_evidence
results/source/noisy/rate_pareto/exact-threshold/n_42/Rc_0p5/points/result_n_42_awgn_ebno_p2p5.mat,/home/yangshuo/Downloads/ID_RS_code/results/noisy_channel_confirmatory_bp/rate_pareto/exact-threshold/n_42/Rc_0p5/points/result_n_42_awgn_ebno_p2p5.mat,274747,8abd40a39284155418753b276ab5269a390572df0a55b663cb09efaf5856ced2,completed_evidence
results/source/noisy/rate_pareto/exact-threshold/n_42/Rc_0p6/configuration.mat,/home/yangshuo/Downloads/ID_RS_code/results/noisy_channel_confirmatory_bp/rate_pareto/exact-threshold/n_42/Rc_0p6/configuration.mat,1233,877793061c8959c28a6719713804d21e810d216500f15091013af1e40168768b,completed_evidence
results/source/noisy/rate_pareto/exact-threshold/n_42/Rc_0p6/points/result_n_42_awgn_ebno_p1p0.mat,/home/yangshuo/Downloads/ID_RS_code/results/noisy_channel_confirmatory_bp/rate_pareto/exact-threshold/n_42/Rc_0p6/points/result_n_42_awgn_ebno_p1p0.mat,275204,c860c512c324014b78e0a2917bba1a0ad0d79884c3f8db5fa711881af2a4b407,completed_evidence
results/source/noisy/rate_pareto/exact-threshold/n_42/Rc_0p6/points/result_n_42_awgn_ebno_p1p5.mat,/home/yangshuo/Downloads/ID_RS_code/results/noisy_channel_confirmatory_bp/rate_pareto/exact-threshold/n_42/Rc_0p6/points/result_n_42_awgn_ebno_p1p5.mat,274898,8402f468a6a4e80778cacf1d573f8e605469cf4cfd7c272e1de3322abf3940e9,completed_evidence
results/source/noisy/rate_pareto/exact-threshold/n_42/Rc_0p6/points/result_n_42_awgn_ebno_p2p0.mat,/home/yangshuo/Downloads/ID_RS_code/results/noisy_channel_confirmatory_bp/rate_pareto/exact-threshold/n_42/Rc_0p6/points/result_n_42_awgn_ebno_p2p0.mat,274929,56edb9393ce5efa0717f0b88694166d4305258e7773e2b6804b873ab9562de7a,completed_evidence
results/source/noisy/rate_pareto/exact-threshold/n_42/Rc_0p6/points/result_n_42_awgn_ebno_p2p5.mat,/home/yangshuo/Downloads/ID_RS_code/results/noisy_channel_confirmatory_bp/rate_pareto/exact-threshold/n_42/Rc_0p6/points/result_n_42_awgn_ebno_p2p5.mat,274886,deb62e049ea18bba2fb9d8a784a481dffca792732de8291c033317471a4f1889,completed_evidence
results/source/noisy/rate_pareto/exact-threshold/n_42/Rc_0p6667/configuration.mat,/home/yangshuo/Downloads/ID_RS_code/results/noisy_channel_confirmatory_bp/rate_pareto/exact-threshold/n_42/Rc_0p6667/configuration.mat,1238,3b7400d63d52b4f5e1236a6ce340f42a436684d211de6618cb28e0603b88287e,completed_evidence
results/source/noisy/rate_pareto/exact-threshold/n_42/Rc_0p6667/points/result_n_42_awgn_ebno_p1p0.mat,/home/yangshuo/Downloads/ID_RS_code/results/noisy_channel_confirmatory_bp/rate_pareto/exact-threshold/n_42/Rc_0p6667/points/result_n_42_awgn_ebno_p1p0.mat,274518,ae36f3026a1cbf9c44ae8b009469617a6aa86959ff89eeb1e618734af1c27140,completed_evidence
results/source/noisy/rate_pareto/exact-threshold/n_42/Rc_0p6667/points/result_n_42_awgn_ebno_p1p5.mat,/home/yangshuo/Downloads/ID_RS_code/results/noisy_channel_confirmatory_bp/rate_pareto/exact-threshold/n_42/Rc_0p6667/points/result_n_42_awgn_ebno_p1p5.mat,274740,4c9f945e7c7a3fdc6ae99c3d45f73258123c011d02db33b70de0c44c21d4ac16,completed_evidence
results/source/noisy/rate_pareto/exact-threshold/n_42/Rc_0p6667/points/result_n_42_awgn_ebno_p2p0.mat,/home/yangshuo/Downloads/ID_RS_code/results/noisy_channel_confirmatory_bp/rate_pareto/exact-threshold/n_42/Rc_0p6667/points/result_n_42_awgn_ebno_p2p0.mat,274157,282c89e2b0203751d33a45187bb89637df82e0ad4a3390529d9a68be39bca38a,completed_evidence
results/source/noisy/rate_pareto/exact-threshold/n_42/Rc_0p6667/points/result_n_42_awgn_ebno_p2p5.mat,/home/yangshuo/Downloads/ID_RS_code/results/noisy_channel_confirmatory_bp/rate_pareto/exact-threshold/n_42/Rc_0p6667/points/result_n_42_awgn_ebno_p2p5.mat,274200,6d832724337ca5e497962d762c5142791d4a00903209257aa64cf208c64ba302,completed_evidence
results/source/noisy/rate_pareto/id/n_40/Rc_0p3333/configuration.mat,/home/yangshuo/Downloads/ID_RS_code/results/noisy_channel_confirmatory_bp/rate_pareto/id/n_40/Rc_0p3333/configuration.mat,1212,b8abdd46f1647da23bbfb715a163f3da17750777e3438fd74b2d9c47245fafe6,completed_evidence
results/source/noisy/rate_pareto/id/n_40/Rc_0p3333/points/result_n_40_awgn_ebno_p1p0.mat,/home/yangshuo/Downloads/ID_RS_code/results/noisy_channel_confirmatory_bp/rate_pareto/id/n_40/Rc_0p3333/points/result_n_40_awgn_ebno_p1p0.mat,791494,9c12295bf9283f4998f1e1d2b705e14dea2103d7f484ba93602b3cc310a500f4,completed_evidence
results/source/noisy/rate_pareto/id/n_40/Rc_0p3333/points/result_n_40_awgn_ebno_p1p5.mat,/home/yangshuo/Downloads/ID_RS_code/results/noisy_channel_confirmatory_bp/rate_pareto/id/n_40/Rc_0p3333/points/result_n_40_awgn_ebno_p1p5.mat,791494,375595d084cad4832d5fa4c9398f5831eaa08bd49c89e70ea821994127c24140,completed_evidence
results/source/noisy/rate_pareto/id/n_40/Rc_0p3333/points/result_n_40_awgn_ebno_p2p0.mat,/home/yangshuo/Downloads/ID_RS_code/results/noisy_channel_confirmatory_bp/rate_pareto/id/n_40/Rc_0p3333/points/result_n_40_awgn_ebno_p2p0.mat,791494,1db9de68cd1d9ab83c8d7daef2311836d3cb03441b1c0e5dea78d9aa53972818,completed_evidence
results/source/noisy/rate_pareto/id/n_40/Rc_0p3333/points/result_n_40_awgn_ebno_p2p5.mat,/home/yangshuo/Downloads/ID_RS_code/results/noisy_channel_confirmatory_bp/rate_pareto/id/n_40/Rc_0p3333/points/result_n_40_awgn_ebno_p2p5.mat,791494,b0ce1dc5035512c29b6601e7ea35f90bed00c596643e2f15b93a4537015b77d2,completed_evidence
results/source/noisy/rate_pareto/id/n_40/Rc_0p4/configuration.mat,/home/yangshuo/Downloads/ID_RS_code/results/noisy_channel_confirmatory_bp/rate_pareto/id/n_40/Rc_0p4/configuration.mat,1207,c5280a23c1ac9d23e3574cdc1ee44f1e3cf22a5cde87b5a547a5addfd1110525,completed_evidence
results/source/noisy/rate_pareto/id/n_40/Rc_0p4/points/result_n_40_awgn_ebno_p1p0.mat,/home/yangshuo/Downloads/ID_RS_code/results/noisy_channel_confirmatory_bp/rate_pareto/id/n_40/Rc_0p4/points/result_n_40_awgn_ebno_p1p0.mat,791478,bc749b17f5b7f88eb1b2b60f9d754ae9f31edd620341469536299f4dd3b67f13,completed_evidence
results/source/noisy/rate_pareto/id/n_40/Rc_0p4/points/result_n_40_awgn_ebno_p1p5.mat,/home/yangshuo/Downloads/ID_RS_code/results/noisy_channel_confirmatory_bp/rate_pareto/id/n_40/Rc_0p4/points/result_n_40_awgn_ebno_p1p5.mat,791478,2713ccc09db82587ffd0a76912ae0acaa1f4c778351b116e5d887387e6893b59,completed_evidence
results/source/noisy/rate_pareto/id/n_40/Rc_0p4/points/result_n_40_awgn_ebno_p2p0.mat,/home/yangshuo/Downloads/ID_RS_code/results/noisy_channel_confirmatory_bp/rate_pareto/id/n_40/Rc_0p4/points/result_n_40_awgn_ebno_p2p0.mat,791478,2b57babe2ca1f7deb8e524d458afa73f6f227b914db4f8174b3bb2dfcf40d4bd,completed_evidence
results/source/noisy/rate_pareto/id/n_40/Rc_0p4/points/result_n_40_awgn_ebno_p2p5.mat,/home/yangshuo/Downloads/ID_RS_code/results/noisy_channel_confirmatory_bp/rate_pareto/id/n_40/Rc_0p4/points/result_n_40_awgn_ebno_p2p5.mat,791478,1bed1f6b2144428402f44f3266971b3209d9749028d70ab2d4e0b462066a506a,completed_evidence
results/source/noisy/rate_pareto/id/n_40/Rc_0p5/configuration.mat,/home/yangshuo/Downloads/ID_RS_code/results/noisy_channel_confirmatory_bp/rate_pareto/id/n_40/Rc_0p5/configuration.mat,1209,6875d6d148d1e2a95e651d251aa935cc2a375e34d95ab9c0edcef5e84b27f77b,completed_evidence
results/source/noisy/rate_pareto/id/n_40/Rc_0p5/points/result_n_40_awgn_ebno_p1p0.mat,/home/yangshuo/Downloads/ID_RS_code/results/noisy_channel_confirmatory_bp/rate_pareto/id/n_40/Rc_0p5/points/result_n_40_awgn_ebno_p1p0.mat,791478,96d5547c4159b79c209c07748f4491634a15fe27551e49987862bf3e4a30b4b5,completed_evidence
results/source/noisy/rate_pareto/id/n_40/Rc_0p5/points/result_n_40_awgn_ebno_p1p5.mat,/home/yangshuo/Downloads/ID_RS_code/results/noisy_channel_confirmatory_bp/rate_pareto/id/n_40/Rc_0p5/points/result_n_40_awgn_ebno_p1p5.mat,791478,616ec86351b61e640fcc00159eeb1e279c0a3c020f1c6771f6318ae75fddc14b,completed_evidence
results/source/noisy/rate_pareto/id/n_40/Rc_0p5/points/result_n_40_awgn_ebno_p2p0.mat,/home/yangshuo/Downloads/ID_RS_code/results/noisy_channel_confirmatory_bp/rate_pareto/id/n_40/Rc_0p5/points/result_n_40_awgn_ebno_p2p0.mat,791478,95084c804ec41e66ef091cf71fd9a91650e4c564185dc66b81b176554a41925a,completed_evidence
results/source/noisy/rate_pareto/id/n_40/Rc_0p5/points/result_n_40_awgn_ebno_p2p5.mat,/home/yangshuo/Downloads/ID_RS_code/results/noisy_channel_confirmatory_bp/rate_pareto/id/n_40/Rc_0p5/points/result_n_40_awgn_ebno_p2p5.mat,791478,cd0b7e83de7d78f6c786ae09ea6d39f1ddf6e09c0a475ec78fb7ba59cf3929a0,completed_evidence
results/source/noisy/rate_pareto/id/n_40/Rc_0p6/configuration.mat,/home/yangshuo/Downloads/ID_RS_code/results/noisy_channel_confirmatory_bp/rate_pareto/id/n_40/Rc_0p6/configuration.mat,1212,c964371c3c5ee95792bd912faffccf9002434d6f9b653224e1b36fb40320f271,completed_evidence
results/source/noisy/rate_pareto/id/n_40/Rc_0p6/points/result_n_40_awgn_ebno_p1p0.mat,/home/yangshuo/Downloads/ID_RS_code/results/noisy_channel_confirmatory_bp/rate_pareto/id/n_40/Rc_0p6/points/result_n_40_awgn_ebno_p1p0.mat,791478,c9bedd3b02a201df17703fe355ada69279f4cc13e7747cddd8dc0e690071e34a,completed_evidence
results/source/noisy/rate_pareto/id/n_40/Rc_0p6/points/result_n_40_awgn_ebno_p1p5.mat,/home/yangshuo/Downloads/ID_RS_code/results/noisy_channel_confirmatory_bp/rate_pareto/id/n_40/Rc_0p6/points/result_n_40_awgn_ebno_p1p5.mat,791478,5b92ac17b30752855fbbe1fb376ee248b9885238a3abf302460f7ec64d94a687,completed_evidence
results/source/noisy/rate_pareto/id/n_40/Rc_0p6/points/result_n_40_awgn_ebno_p2p0.mat,/home/yangshuo/Downloads/ID_RS_code/results/noisy_channel_confirmatory_bp/rate_pareto/id/n_40/Rc_0p6/points/result_n_40_awgn_ebno_p2p0.mat,791478,577d96556d45e088a1b6adef07e010ee6b7e0ca5690478bd81a48592a8dda698,completed_evidence
results/source/noisy/rate_pareto/id/n_40/Rc_0p6/points/result_n_40_awgn_ebno_p2p5.mat,/home/yangshuo/Downloads/ID_RS_code/results/noisy_channel_confirmatory_bp/rate_pareto/id/n_40/Rc_0p6/points/result_n_40_awgn_ebno_p2p5.mat,791478,913d3c3d8f4d3b7d299f24aa3078d7bb8574c0b1f8261c1d3c1f3e98e79efabe,completed_evidence
results/source/noisy/rate_pareto/id/n_40/Rc_0p6667/configuration.mat,/home/yangshuo/Downloads/ID_RS_code/results/noisy_channel_confirmatory_bp/rate_pareto/id/n_40/Rc_0p6667/configuration.mat,1217,f3ab6598a6ae7ae44d5efb39a4dab7ea6202114e0c1fbe8011a9a98f6cda6c5e,completed_evidence
results/source/noisy/rate_pareto/id/n_40/Rc_0p6667/points/result_n_40_awgn_ebno_p1p0.mat,/home/yangshuo/Downloads/ID_RS_code/results/noisy_channel_confirmatory_bp/rate_pareto/id/n_40/Rc_0p6667/points/result_n_40_awgn_ebno_p1p0.mat,791494,bb1036bb59f513507caf7170d53779e45cb94656d0d0d9e0cf7b49feba2403eb,completed_evidence
results/source/noisy/rate_pareto/id/n_40/Rc_0p6667/points/result_n_40_awgn_ebno_p1p5.mat,/home/yangshuo/Downloads/ID_RS_code/results/noisy_channel_confirmatory_bp/rate_pareto/id/n_40/Rc_0p6667/points/result_n_40_awgn_ebno_p1p5.mat,791494,677db098fdd9108636d3d09db4cf3d87cf716b1bfd654f20a3447dc901766da3,completed_evidence
results/source/noisy/rate_pareto/id/n_40/Rc_0p6667/points/result_n_40_awgn_ebno_p2p0.mat,/home/yangshuo/Downloads/ID_RS_code/results/noisy_channel_confirmatory_bp/rate_pareto/id/n_40/Rc_0p6667/points/result_n_40_awgn_ebno_p2p0.mat,791494,72c83fc518e30426f46df8179874e53d5d51991361709acd6b95a85fc48f8d4a,completed_evidence
results/source/noisy/rate_pareto/id/n_40/Rc_0p6667/points/result_n_40_awgn_ebno_p2p5.mat,/home/yangshuo/Downloads/ID_RS_code/results/noisy_channel_confirmatory_bp/rate_pareto/id/n_40/Rc_0p6667/points/result_n_40_awgn_ebno_p2p5.mat,791494,82638671e21d40211a5a947f403ffaf9598d5cf74529ff4bd4e2cbc0c21810f0,completed_evidence
results/source/noisy/rate_pareto/rank/n_40/Rc_0p3333/configuration.mat,/home/yangshuo/Downloads/ID_RS_code/results/noisy_channel_confirmatory_bp/rate_pareto/rank/n_40/Rc_0p3333/configuration.mat,1208,e096caec323c2abd12f93602a324863679bbc0aae257a0d57dd6de833711222b,completed_evidence
results/source/noisy/rate_pareto/rank/n_40/Rc_0p3333/points/result_n_40_awgn_ebno_p1p0.mat,/home/yangshuo/Downloads/ID_RS_code/results/noisy_channel_confirmatory_bp/rate_pareto/rank/n_40/Rc_0p3333/points/result_n_40_awgn_ebno_p1p0.mat,266968,74749a890a8e1f9f8423dc4e63042858918b07041ff7bbb09026c1a595dd03b5,completed_evidence
results/source/noisy/rate_pareto/rank/n_40/Rc_0p3333/points/result_n_40_awgn_ebno_p1p5.mat,/home/yangshuo/Downloads/ID_RS_code/results/noisy_channel_confirmatory_bp/rate_pareto/rank/n_40/Rc_0p3333/points/result_n_40_awgn_ebno_p1p5.mat,266968,c05dbef5de46b075e451651bbfef8ce5da90746600381e0b93bf9aad9fc70c46,completed_evidence
results/source/noisy/rate_pareto/rank/n_40/Rc_0p3333/points/result_n_40_awgn_ebno_p2p0.mat,/home/yangshuo/Downloads/ID_RS_code/results/noisy_channel_confirmatory_bp/rate_pareto/rank/n_40/Rc_0p3333/points/result_n_40_awgn_ebno_p2p0.mat,266968,b34001609843661411f45de3daa079f44fcf5901430b82e759a77bb12a5b8f94,completed_evidence
results/source/noisy/rate_pareto/rank/n_40/Rc_0p3333/points/result_n_40_awgn_ebno_p2p5.mat,/home/yangshuo/Downloads/ID_RS_code/results/noisy_channel_confirmatory_bp/rate_pareto/rank/n_40/Rc_0p3333/points/result_n_40_awgn_ebno_p2p5.mat,266968,81684b888cbfa02cbefad39173677b8856f82e5395fa89e81c8f1af93acf9c31,completed_evidence
results/source/noisy/rate_pareto/rank/n_40/Rc_0p4/configuration.mat,/home/yangshuo/Downloads/ID_RS_code/results/noisy_channel_confirmatory_bp/rate_pareto/rank/n_40/Rc_0p4/configuration.mat,1201,dcaa21a5cc676e59fa1a1a1de40f9fab04fa92656f56b0df37d2ebefe6bd8e13,completed_evidence
results/source/noisy/rate_pareto/rank/n_40/Rc_0p4/points/result_n_40_awgn_ebno_p1p0.mat,/home/yangshuo/Downloads/ID_RS_code/results/noisy_channel_confirmatory_bp/rate_pareto/rank/n_40/Rc_0p4/points/result_n_40_awgn_ebno_p1p0.mat,266952,9eaa206917c936b3fbeb1aacf49a3b25f41710d1516fe7db94ec72be1b0695a5,completed_evidence
results/source/noisy/rate_pareto/rank/n_40/Rc_0p4/points/result_n_40_awgn_ebno_p1p5.mat,/home/yangshuo/Downloads/ID_RS_code/results/noisy_channel_confirmatory_bp/rate_pareto/rank/n_40/Rc_0p4/points/result_n_40_awgn_ebno_p1p5.mat,266952,2361ba15b3e364156b3ee7c8a096aca72ae4c3e88e248ba7494379c2427fe9e1,completed_evidence
results/source/noisy/rate_pareto/rank/n_40/Rc_0p4/points/result_n_40_awgn_ebno_p2p0.mat,/home/yangshuo/Downloads/ID_RS_code/results/noisy_channel_confirmatory_bp/rate_pareto/rank/n_40/Rc_0p4/points/result_n_40_awgn_ebno_p2p0.mat,266952,9341f73968b0ae715cffc196cabfd186b050e128489e990aecb983096cf971de,completed_evidence
results/source/noisy/rate_pareto/rank/n_40/Rc_0p4/points/result_n_40_awgn_ebno_p2p5.mat,/home/yangshuo/Downloads/ID_RS_code/results/noisy_channel_confirmatory_bp/rate_pareto/rank/n_40/Rc_0p4/points/result_n_40_awgn_ebno_p2p5.mat,266952,6a95f7b78f4155de72bce4628913a48f217b9c0c3f4aba8dc0583c419eab009b,completed_evidence
results/source/noisy/rate_pareto/rank/n_40/Rc_0p5/configuration.mat,/home/yangshuo/Downloads/ID_RS_code/results/noisy_channel_confirmatory_bp/rate_pareto/rank/n_40/Rc_0p5/configuration.mat,1204,78ffe7a49bd897d93f2a0f6c23b1fcd1f04873a158bdd925a6145390ce0cb6ee,completed_evidence
results/source/noisy/rate_pareto/rank/n_40/Rc_0p5/points/result_n_40_awgn_ebno_p1p0.mat,/home/yangshuo/Downloads/ID_RS_code/results/noisy_channel_confirmatory_bp/rate_pareto/rank/n_40/Rc_0p5/points/result_n_40_awgn_ebno_p1p0.mat,266952,ce95ad0edf1e5a7af3f0000ad5b212d8c72e3842658be11da19f26bef80de95c,completed_evidence
results/source/noisy/rate_pareto/rank/n_40/Rc_0p5/points/result_n_40_awgn_ebno_p1p5.mat,/home/yangshuo/Downloads/ID_RS_code/results/noisy_channel_confirmatory_bp/rate_pareto/rank/n_40/Rc_0p5/points/result_n_40_awgn_ebno_p1p5.mat,266952,e928ccb7d6e6e054060a3e1e523cba38a2c2c8f84c3799f7a6974976a2e720bc,completed_evidence
results/source/noisy/rate_pareto/rank/n_40/Rc_0p5/points/result_n_40_awgn_ebno_p2p0.mat,/home/yangshuo/Downloads/ID_RS_code/results/noisy_channel_confirmatory_bp/rate_pareto/rank/n_40/Rc_0p5/points/result_n_40_awgn_ebno_p2p0.mat,266952,ffb519de449c5b73284bf04b927a2e63118532d006a854c1c7ff1533c3d5097a,completed_evidence
results/source/noisy/rate_pareto/rank/n_40/Rc_0p5/points/result_n_40_awgn_ebno_p2p5.mat,/home/yangshuo/Downloads/ID_RS_code/results/noisy_channel_confirmatory_bp/rate_pareto/rank/n_40/Rc_0p5/points/result_n_40_awgn_ebno_p2p5.mat,266952,9f8b4acc0ae30e2dd1abd4d183458f662fb5c46e9aaf6d65f70a2b8af994e000,completed_evidence
results/source/noisy/rate_pareto/rank/n_40/Rc_0p6/configuration.mat,/home/yangshuo/Downloads/ID_RS_code/results/noisy_channel_confirmatory_bp/rate_pareto/rank/n_40/Rc_0p6/configuration.mat,1206,e2fe81e68da56a32cfddf7799a9cfa251390f250faf7bf829f4ce8dbb4f8eb21,completed_evidence
results/source/noisy/rate_pareto/rank/n_40/Rc_0p6/points/result_n_40_awgn_ebno_p1p0.mat,/home/yangshuo/Downloads/ID_RS_code/results/noisy_channel_confirmatory_bp/rate_pareto/rank/n_40/Rc_0p6/points/result_n_40_awgn_ebno_p1p0.mat,266952,c9e8f36d0ba8f6c2e5f4613f54163d97a0abf5f8873ea3cb2ee705aadbffcec1,completed_evidence
results/source/noisy/rate_pareto/rank/n_40/Rc_0p6/points/result_n_40_awgn_ebno_p1p5.mat,/home/yangshuo/Downloads/ID_RS_code/results/noisy_channel_confirmatory_bp/rate_pareto/rank/n_40/Rc_0p6/points/result_n_40_awgn_ebno_p1p5.mat,266952,69706454c32816d80df3b535e5c902bad70896973d0fa7cf772cbcd18e49b750,completed_evidence
results/source/noisy/rate_pareto/rank/n_40/Rc_0p6/points/result_n_40_awgn_ebno_p2p0.mat,/home/yangshuo/Downloads/ID_RS_code/results/noisy_channel_confirmatory_bp/rate_pareto/rank/n_40/Rc_0p6/points/result_n_40_awgn_ebno_p2p0.mat,266952,0e6212feabcd8a1a4b552314699a2969b4e51bf8535abe193254cf8b2b79cc64,completed_evidence
results/source/noisy/rate_pareto/rank/n_40/Rc_0p6/points/result_n_40_awgn_ebno_p2p5.mat,/home/yangshuo/Downloads/ID_RS_code/results/noisy_channel_confirmatory_bp/rate_pareto/rank/n_40/Rc_0p6/points/result_n_40_awgn_ebno_p2p5.mat,266952,1559323eb3bb7d0de2ed4ca1844b6d1f6bdfb56abd59930c4626e2ead844e1f8,completed_evidence
results/source/noisy/rate_pareto/rank/n_40/Rc_0p6667/configuration.mat,/home/yangshuo/Downloads/ID_RS_code/results/noisy_channel_confirmatory_bp/rate_pareto/rank/n_40/Rc_0p6667/configuration.mat,1211,0e546b157d0914dc9a0ddb0bddcec37c1f8bdb15b2f7f1b9f119da66175813df,completed_evidence
results/source/noisy/rate_pareto/rank/n_40/Rc_0p6667/points/result_n_40_awgn_ebno_p1p0.mat,/home/yangshuo/Downloads/ID_RS_code/results/noisy_channel_confirmatory_bp/rate_pareto/rank/n_40/Rc_0p6667/points/result_n_40_awgn_ebno_p1p0.mat,266968,57cad9e96da256191f2202478adba14de1916330b51b1024764716b2abfd4e25,completed_evidence
results/source/noisy/rate_pareto/rank/n_40/Rc_0p6667/points/result_n_40_awgn_ebno_p1p5.mat,/home/yangshuo/Downloads/ID_RS_code/results/noisy_channel_confirmatory_bp/rate_pareto/rank/n_40/Rc_0p6667/points/result_n_40_awgn_ebno_p1p5.mat,266968,79a975fc0dda32b20efb5de80d334531f6f99a4e745eaec870c32fc544f9407c,completed_evidence
results/source/noisy/rate_pareto/rank/n_40/Rc_0p6667/points/result_n_40_awgn_ebno_p2p0.mat,/home/yangshuo/Downloads/ID_RS_code/results/noisy_channel_confirmatory_bp/rate_pareto/rank/n_40/Rc_0p6667/points/result_n_40_awgn_ebno_p2p0.mat,266968,13a8ce2cfc9b76ff46f0d05a5ce71b46ee9de048193ab330dc84d0e1e92b005c,completed_evidence
results/source/noisy/rate_pareto/rank/n_40/Rc_0p6667/points/result_n_40_awgn_ebno_p2p5.mat,/home/yangshuo/Downloads/ID_RS_code/results/noisy_channel_confirmatory_bp/rate_pareto/rank/n_40/Rc_0p6667/points/result_n_40_awgn_ebno_p2p5.mat,266968,f0c745be14dc047b82dfa5097ab206e013328d00a257227df3dccb46c27538b4,completed_evidence
results/source/noisy/rate_pareto/source_banks/exact-threshold/E2_0p1/bank_n_42.mat,/home/yangshuo/Downloads/ID_RS_code/results/noisy_channel_confirmatory_bp/rate_pareto/source_banks/exact-threshold/E2_0p1/bank_n_42.mat,16913252,77559d8d1b140aceafc90c1514969afb57778b4600b4f422f8235d5c742bdac1,source_bank_copy_on_server
results/source/noisy/rate_pareto/source_banks/id/E2_0p1/bank_n_40.mat,/home/yangshuo/Downloads/ID_RS_code/results/noisy_channel_confirmatory_bp/rate_pareto/source_banks/id/E2_0p1/bank_n_40.mat,17864886,c167d5dedb74088950cb4b8a4fd9091aaa003b9b0d0772ff14371270b3bee70f,source_bank_copy_on_server
results/source/noisy/rate_pareto/source_banks/rank/E2_0p1/bank_n_40.mat,/home/yangshuo/Downloads/ID_RS_code/results/noisy_channel_confirmatory_bp/rate_pareto/source_banks/rank/E2_0p1/bank_n_40.mat,17064322,5faaa2523bd440f954de0f90a438488536a7cd392aae314ffd83d24c578b5bf8,source_bank_copy_on_server
results/source/noisy/waterfall/confirmatory_results.csv,/home/yangshuo/Downloads/ID_RS_code/results/noisy_channel_confirmatory_bp/waterfall/confirmatory_results.csv,39237,7801dcb7efdf2671e26ea4fe4441fe64d6edb3e89a2e9634aa11ca36b55e1c25,completed_evidence
results/source/noisy/waterfall/confirmatory_results.mat,/home/yangshuo/Downloads/ID_RS_code/results/noisy_channel_confirmatory_bp/waterfall/confirmatory_results.mat,20403,461326c345fdb6b1105f915cff3afdfe0c3c95fedb0f3afe0e55b395284c7c90,completed_evidence
results/source/noisy/waterfall/exact-threshold/n_42/Rc_0p5/configuration.mat,/home/yangshuo/Downloads/ID_RS_code/results/noisy_channel_confirmatory_bp/waterfall/exact-threshold/n_42/Rc_0p5/configuration.mat,1308,714494a4e9c08d97c25c2d3e5c1266651491336141f1a9e43c89bdbc89b0da70,completed_evidence
results/source/noisy/waterfall/exact-threshold/n_42/Rc_0p5/points/result_n_42_awgn_ebno_p0p5.mat,/home/yangshuo/Downloads/ID_RS_code/results/noisy_channel_confirmatory_bp/waterfall/exact-threshold/n_42/Rc_0p5/points/result_n_42_awgn_ebno_p0p5.mat,275470,6a8e7fd901393e99fd48772bef0be67b4455d8195716161d1fb50e2cdb84026a,completed_evidence
results/source/noisy/waterfall/exact-threshold/n_42/Rc_0p5/points/result_n_42_awgn_ebno_p0p6.mat,/home/yangshuo/Downloads/ID_RS_code/results/noisy_channel_confirmatory_bp/waterfall/exact-threshold/n_42/Rc_0p5/points/result_n_42_awgn_ebno_p0p6.mat,275902,9abf2e40b9117f45672ff836e29cd2f9b6704d399e2bb7a1f5a73376feac5781,completed_evidence
results/source/noisy/waterfall/exact-threshold/n_42/Rc_0p5/points/result_n_42_awgn_ebno_p0p7.mat,/home/yangshuo/Downloads/ID_RS_code/results/noisy_channel_confirmatory_bp/waterfall/exact-threshold/n_42/Rc_0p5/points/result_n_42_awgn_ebno_p0p7.mat,276059,2845103daee18df58b6f778ea4ef41a2f638928b6ddcd078a94a3cd90c600bba,completed_evidence
results/source/noisy/waterfall/exact-threshold/n_42/Rc_0p5/points/result_n_42_awgn_ebno_p0p8.mat,/home/yangshuo/Downloads/ID_RS_code/results/noisy_channel_confirmatory_bp/waterfall/exact-threshold/n_42/Rc_0p5/points/result_n_42_awgn_ebno_p0p8.mat,275295,647724122845e6a0848f35d93eb4ca91f236f17d03a3871d5b9187aeb6bebdf2,completed_evidence
results/source/noisy/waterfall/exact-threshold/n_42/Rc_0p5/points/result_n_42_awgn_ebno_p0p9.mat,/home/yangshuo/Downloads/ID_RS_code/results/noisy_channel_confirmatory_bp/waterfall/exact-threshold/n_42/Rc_0p5/points/result_n_42_awgn_ebno_p0p9.mat,275033,d18f966e04945372bb5e1bcb7d9446133efe4fce7e2698ecb5d60a495e96136a,completed_evidence
results/source/noisy/waterfall/exact-threshold/n_42/Rc_0p5/points/result_n_42_awgn_ebno_p1p0.mat,/home/yangshuo/Downloads/ID_RS_code/results/noisy_channel_confirmatory_bp/waterfall/exact-threshold/n_42/Rc_0p5/points/result_n_42_awgn_ebno_p1p0.mat,275136,6ca1ec22eb205826ac657d0efd1f8b7d601bf77668e41ba1e00bd0036810b9c7,completed_evidence
results/source/noisy/waterfall/exact-threshold/n_42/Rc_0p5/points/result_n_42_awgn_ebno_p1p1.mat,/home/yangshuo/Downloads/ID_RS_code/results/noisy_channel_confirmatory_bp/waterfall/exact-threshold/n_42/Rc_0p5/points/result_n_42_awgn_ebno_p1p1.mat,275095,420a174fc0f6663bbfdb8e0213193215d0de3929e5614e94aa327efd1a16424a,completed_evidence
results/source/noisy/waterfall/exact-threshold/n_42/Rc_0p5/points/result_n_42_awgn_ebno_p1p2.mat,/home/yangshuo/Downloads/ID_RS_code/results/noisy_channel_confirmatory_bp/waterfall/exact-threshold/n_42/Rc_0p5/points/result_n_42_awgn_ebno_p1p2.mat,275118,45429aeffbeac066887cde72dcc031d1879c2a379f37fdd7bf75e165f3e98421,completed_evidence
results/source/noisy/waterfall/exact-threshold/n_42/Rc_0p5/points/result_n_42_awgn_ebno_p1p3.mat,/home/yangshuo/Downloads/ID_RS_code/results/noisy_channel_confirmatory_bp/waterfall/exact-threshold/n_42/Rc_0p5/points/result_n_42_awgn_ebno_p1p3.mat,274970,9aeb3fe11cb94e86e7eef802bd3d53af7c47942e0af3b068ff8f6090ddc7a208,completed_evidence
results/source/noisy/waterfall/exact-threshold/n_42/Rc_0p5/points/result_n_42_awgn_ebno_p1p4.mat,/home/yangshuo/Downloads/ID_RS_code/results/noisy_channel_confirmatory_bp/waterfall/exact-threshold/n_42/Rc_0p5/points/result_n_42_awgn_ebno_p1p4.mat,275079,28da3f70d199b75734119a1f1410e6623ba5e745e2908c0e62b8049921a75ea0,completed_evidence
results/source/noisy/waterfall/exact-threshold/n_42/Rc_0p5/points/result_n_42_awgn_ebno_p1p5.mat,/home/yangshuo/Downloads/ID_RS_code/results/noisy_channel_confirmatory_bp/waterfall/exact-threshold/n_42/Rc_0p5/points/result_n_42_awgn_ebno_p1p5.mat,275103,ad37909d52862a388a5e5bd6b021b159fa3291937f0eae08c2a6e07468ad2896,completed_evidence
results/source/noisy/waterfall/exact-threshold/n_42/Rc_0p5/points/result_n_42_awgn_ebno_p1p6.mat,/home/yangshuo/Downloads/ID_RS_code/results/noisy_channel_confirmatory_bp/waterfall/exact-threshold/n_42/Rc_0p5/points/result_n_42_awgn_ebno_p1p6.mat,275155,e10a4710a733c99afbb56617e9beeb246900059d0b15102442daf181e63feb22,completed_evidence
results/source/noisy/waterfall/exact-threshold/n_42/Rc_0p5/points/result_n_42_awgn_ebno_p1p7.mat,/home/yangshuo/Downloads/ID_RS_code/results/noisy_channel_confirmatory_bp/waterfall/exact-threshold/n_42/Rc_0p5/points/result_n_42_awgn_ebno_p1p7.mat,275043,e621aa563ad438e69e988931a8fb81392bba9f510b524833a77d3401cf15a426,completed_evidence
results/source/noisy/waterfall/exact-threshold/n_42/Rc_0p5/points/result_n_42_awgn_ebno_p1p8.mat,/home/yangshuo/Downloads/ID_RS_code/results/noisy_channel_confirmatory_bp/waterfall/exact-threshold/n_42/Rc_0p5/points/result_n_42_awgn_ebno_p1p8.mat,275060,f37ab6f75cf440b4fcf80ceda40e2bab7b4c03f67b01adb8d2052e6402bd027d,completed_evidence
results/source/noisy/waterfall/exact-threshold/n_42/Rc_0p5/points/result_n_42_awgn_ebno_p1p9.mat,/home/yangshuo/Downloads/ID_RS_code/results/noisy_channel_confirmatory_bp/waterfall/exact-threshold/n_42/Rc_0p5/points/result_n_42_awgn_ebno_p1p9.mat,275098,c245b2697c584514b3adc70c28986a103a796078ccb9465d0426f8f940fd0a8c,completed_evidence
results/source/noisy/waterfall/exact-threshold/n_42/Rc_0p5/points/result_n_42_awgn_ebno_p2p0.mat,/home/yangshuo/Downloads/ID_RS_code/results/noisy_channel_confirmatory_bp/waterfall/exact-threshold/n_42/Rc_0p5/points/result_n_42_awgn_ebno_p2p0.mat,275143,42e462c5bcd80ace080caf2a198f5d7febc0e0291dc74733e50c9020917dc5d4,completed_evidence
results/source/noisy/waterfall/exact-threshold/n_42/Rc_0p5/points/result_n_42_awgn_ebno_p2p1.mat,/home/yangshuo/Downloads/ID_RS_code/results/noisy_channel_confirmatory_bp/waterfall/exact-threshold/n_42/Rc_0p5/points/result_n_42_awgn_ebno_p2p1.mat,275196,7031dfd4817dfd3b917edde20f61bf2372ac0c728f84a9841afaf81f7c9c9023,completed_evidence
results/source/noisy/waterfall/exact-threshold/n_42/Rc_0p5/points/result_n_42_awgn_ebno_p2p2.mat,/home/yangshuo/Downloads/ID_RS_code/results/noisy_channel_confirmatory_bp/waterfall/exact-threshold/n_42/Rc_0p5/points/result_n_42_awgn_ebno_p2p2.mat,275132,a9074e8c8ff6a38271425ef68831f821f2134cb63053c9d66131370a399791ee,completed_evidence
results/source/noisy/waterfall/exact-threshold/n_42/Rc_0p5/points/result_n_42_awgn_ebno_p2p3.mat,/home/yangshuo/Downloads/ID_RS_code/results/noisy_channel_confirmatory_bp/waterfall/exact-threshold/n_42/Rc_0p5/points/result_n_42_awgn_ebno_p2p3.mat,275133,39fb29181ae162c020c74af66d8101d6c0aed5cd4cd75e59f094568fc162c9ea,completed_evidence
results/source/noisy/waterfall/exact-threshold/n_42/Rc_0p5/points/result_n_42_awgn_ebno_p2p4.mat,/home/yangshuo/Downloads/ID_RS_code/results/noisy_channel_confirmatory_bp/waterfall/exact-threshold/n_42/Rc_0p5/points/result_n_42_awgn_ebno_p2p4.mat,275148,cd3c6c39195ec3a686bb6baf2080be108f21d33fdfc7508cefd14eb40e9fa2da,completed_evidence
results/source/noisy/waterfall/exact-threshold/n_42/Rc_0p5/points/result_n_42_awgn_ebno_p2p5.mat,/home/yangshuo/Downloads/ID_RS_code/results/noisy_channel_confirmatory_bp/waterfall/exact-threshold/n_42/Rc_0p5/points/result_n_42_awgn_ebno_p2p5.mat,275160,9292e471d76a3a86306e3e2e7806d5feef90ca734f5f69caf5e6fa86c61df3c5,completed_evidence
results/source/noisy/waterfall/exact-threshold/n_42/Rc_0p5/points/result_n_42_awgn_ebno_p2p6.mat,/home/yangshuo/Downloads/ID_RS_code/results/noisy_channel_confirmatory_bp/waterfall/exact-threshold/n_42/Rc_0p5/points/result_n_42_awgn_ebno_p2p6.mat,275147,243b48df81b394f6bf420556057c4ed2885b739552db935a42b6de5f1fdb9975,completed_evidence
results/source/noisy/waterfall/id/n_40/Rc_0p5/configuration.mat,/home/yangshuo/Downloads/ID_RS_code/results/noisy_channel_confirmatory_bp/waterfall/id/n_40/Rc_0p5/configuration.mat,1287,98f538680d4ebf1ed03be34e8af1770e7a99af42fb777ad3828c7eefa24971ff,completed_evidence
results/source/noisy/waterfall/id/n_40/Rc_0p5/points/result_n_40_awgn_ebno_p0p5.mat,/home/yangshuo/Downloads/ID_RS_code/results/noisy_channel_confirmatory_bp/waterfall/id/n_40/Rc_0p5/points/result_n_40_awgn_ebno_p0p5.mat,791894,7a12cd277e2a2365f71399a49ca785e528a0267e6ccbc33f1b29298bdbab67b2,completed_evidence
results/source/noisy/waterfall/id/n_40/Rc_0p5/points/result_n_40_awgn_ebno_p0p6.mat,/home/yangshuo/Downloads/ID_RS_code/results/noisy_channel_confirmatory_bp/waterfall/id/n_40/Rc_0p5/points/result_n_40_awgn_ebno_p0p6.mat,791894,d36f261c1680ed803efd441457d054ae23487aa58fb403ff5c047658b2ec309b,completed_evidence
results/source/noisy/waterfall/id/n_40/Rc_0p5/points/result_n_40_awgn_ebno_p0p7.mat,/home/yangshuo/Downloads/ID_RS_code/results/noisy_channel_confirmatory_bp/waterfall/id/n_40/Rc_0p5/points/result_n_40_awgn_ebno_p0p7.mat,791894,94cb44f9bad90fcc19fbfb876b3ad607dccdf07bdc3099fb9dfd02b96977fe34,completed_evidence
results/source/noisy/waterfall/id/n_40/Rc_0p5/points/result_n_40_awgn_ebno_p0p8.mat,/home/yangshuo/Downloads/ID_RS_code/results/noisy_channel_confirmatory_bp/waterfall/id/n_40/Rc_0p5/points/result_n_40_awgn_ebno_p0p8.mat,791894,64f36030a570051af78988e8d4183b66660c630ecb14cfc784768742f0b95951,completed_evidence
results/source/noisy/waterfall/id/n_40/Rc_0p5/points/result_n_40_awgn_ebno_p0p9.mat,/home/yangshuo/Downloads/ID_RS_code/results/noisy_channel_confirmatory_bp/waterfall/id/n_40/Rc_0p5/points/result_n_40_awgn_ebno_p0p9.mat,791894,7c4480235a5ad5096eeb055d4bb06bf70450ffb089c6d20dd044bda0ec6dd6c7,completed_evidence
results/source/noisy/waterfall/id/n_40/Rc_0p5/points/result_n_40_awgn_ebno_p1p0.mat,/home/yangshuo/Downloads/ID_RS_code/results/noisy_channel_confirmatory_bp/waterfall/id/n_40/Rc_0p5/points/result_n_40_awgn_ebno_p1p0.mat,791894,1311c22eef31446cbff29bbd5615483bb44f6a1680de1bfadc7d17e3ff28868d,completed_evidence
results/source/noisy/waterfall/id/n_40/Rc_0p5/points/result_n_40_awgn_ebno_p1p1.mat,/home/yangshuo/Downloads/ID_RS_code/results/noisy_channel_confirmatory_bp/waterfall/id/n_40/Rc_0p5/points/result_n_40_awgn_ebno_p1p1.mat,791894,5f599709878815fff031423de6327c5df7a421172a1d94a42dbdcb45ee4d8c2c,completed_evidence
results/source/noisy/waterfall/id/n_40/Rc_0p5/points/result_n_40_awgn_ebno_p1p2.mat,/home/yangshuo/Downloads/ID_RS_code/results/noisy_channel_confirmatory_bp/waterfall/id/n_40/Rc_0p5/points/result_n_40_awgn_ebno_p1p2.mat,791894,7f2727100b0bddfd14cc8099d50c04c2ce5d4ec4be210543bc74d1ac8e080ff7,completed_evidence
results/source/noisy/waterfall/id/n_40/Rc_0p5/points/result_n_40_awgn_ebno_p1p3.mat,/home/yangshuo/Downloads/ID_RS_code/results/noisy_channel_confirmatory_bp/waterfall/id/n_40/Rc_0p5/points/result_n_40_awgn_ebno_p1p3.mat,791894,a48c23f205a276456b00e78d304039e50beb208fcf2865a1c5c22ba79235bbbb,completed_evidence
results/source/noisy/waterfall/id/n_40/Rc_0p5/points/result_n_40_awgn_ebno_p1p4.mat,/home/yangshuo/Downloads/ID_RS_code/results/noisy_channel_confirmatory_bp/waterfall/id/n_40/Rc_0p5/points/result_n_40_awgn_ebno_p1p4.mat,791894,2fc6d2a1d9619d81002fc40b3753a8ed1ed32a44f313fe1bcedabc8ffbc77981,completed_evidence
results/source/noisy/waterfall/id/n_40/Rc_0p5/points/result_n_40_awgn_ebno_p1p5.mat,/home/yangshuo/Downloads/ID_RS_code/results/noisy_channel_confirmatory_bp/waterfall/id/n_40/Rc_0p5/points/result_n_40_awgn_ebno_p1p5.mat,791894,ebead88da366222ff3acbf91014f8aba77e5e1c910de47471bcabf04f6712dae,completed_evidence
results/source/noisy/waterfall/id/n_40/Rc_0p5/points/result_n_40_awgn_ebno_p1p6.mat,/home/yangshuo/Downloads/ID_RS_code/results/noisy_channel_confirmatory_bp/waterfall/id/n_40/Rc_0p5/points/result_n_40_awgn_ebno_p1p6.mat,791894,8cbdd9d10efe90f3d6d22ba7959c5051b847b35b989c991255d62cf5176f0a0d,completed_evidence
results/source/noisy/waterfall/id/n_40/Rc_0p5/points/result_n_40_awgn_ebno_p1p7.mat,/home/yangshuo/Downloads/ID_RS_code/results/noisy_channel_confirmatory_bp/waterfall/id/n_40/Rc_0p5/points/result_n_40_awgn_ebno_p1p7.mat,791894,832fe7d6f41a5900e8e83e8ca3b0f91710f9127291a026917e131b3fc5ad0bf4,completed_evidence
results/source/noisy/waterfall/id/n_40/Rc_0p5/points/result_n_40_awgn_ebno_p1p8.mat,/home/yangshuo/Downloads/ID_RS_code/results/noisy_channel_confirmatory_bp/waterfall/id/n_40/Rc_0p5/points/result_n_40_awgn_ebno_p1p8.mat,791894,d61790561f3af320c75bf76f73ff408762021cef98442266e86689f26ef22f98,completed_evidence
results/source/noisy/waterfall/id/n_40/Rc_0p5/points/result_n_40_awgn_ebno_p1p9.mat,/home/yangshuo/Downloads/ID_RS_code/results/noisy_channel_confirmatory_bp/waterfall/id/n_40/Rc_0p5/points/result_n_40_awgn_ebno_p1p9.mat,791894,0e244bd8d62b95c16c5de83abf2b1335a0143ee8f5817c5254b2962827104467,completed_evidence
results/source/noisy/waterfall/id/n_40/Rc_0p5/points/result_n_40_awgn_ebno_p2p0.mat,/home/yangshuo/Downloads/ID_RS_code/results/noisy_channel_confirmatory_bp/waterfall/id/n_40/Rc_0p5/points/result_n_40_awgn_ebno_p2p0.mat,791894,b14ee1ca703989a076a5e73b3ea0435771d5d003ecefbf430dd1690e17499ae7,completed_evidence
results/source/noisy/waterfall/id/n_40/Rc_0p5/points/result_n_40_awgn_ebno_p2p1.mat,/home/yangshuo/Downloads/ID_RS_code/results/noisy_channel_confirmatory_bp/waterfall/id/n_40/Rc_0p5/points/result_n_40_awgn_ebno_p2p1.mat,791894,2022670c7cef07c2f2b7911d80e0e1cc1362a5b683245fab5f31586bda62b75a,completed_evidence
results/source/noisy/waterfall/id/n_40/Rc_0p5/points/result_n_40_awgn_ebno_p2p2.mat,/home/yangshuo/Downloads/ID_RS_code/results/noisy_channel_confirmatory_bp/waterfall/id/n_40/Rc_0p5/points/result_n_40_awgn_ebno_p2p2.mat,791894,5ac54b7642ccad3708ddeb8fd744da193b852a0b3c377bca73db57d6547ccc22,completed_evidence
results/source/noisy/waterfall/id/n_40/Rc_0p5/points/result_n_40_awgn_ebno_p2p3.mat,/home/yangshuo/Downloads/ID_RS_code/results/noisy_channel_confirmatory_bp/waterfall/id/n_40/Rc_0p5/points/result_n_40_awgn_ebno_p2p3.mat,791894,7658a72ac47501960e0a3772b8734345f8c6d89b7680164bfbe491a188231775,completed_evidence
results/source/noisy/waterfall/id/n_40/Rc_0p5/points/result_n_40_awgn_ebno_p2p4.mat,/home/yangshuo/Downloads/ID_RS_code/results/noisy_channel_confirmatory_bp/waterfall/id/n_40/Rc_0p5/points/result_n_40_awgn_ebno_p2p4.mat,791894,40c84426452b5a80720d9d7497713a9690d9ad8c4d31dbcfedbcad4dadd1b354,completed_evidence
results/source/noisy/waterfall/id/n_40/Rc_0p5/points/result_n_40_awgn_ebno_p2p5.mat,/home/yangshuo/Downloads/ID_RS_code/results/noisy_channel_confirmatory_bp/waterfall/id/n_40/Rc_0p5/points/result_n_40_awgn_ebno_p2p5.mat,791894,3c684ffe810c140bbedc7455baf7f88beadd5659a209c4e54fe0742fb0c54197,completed_evidence
results/source/noisy/waterfall/id/n_40/Rc_0p5/points/result_n_40_awgn_ebno_p2p6.mat,/home/yangshuo/Downloads/ID_RS_code/results/noisy_channel_confirmatory_bp/waterfall/id/n_40/Rc_0p5/points/result_n_40_awgn_ebno_p2p6.mat,791894,c0d4cf5700a4a99dacd41daedfc4009727d3565857d0d21b1ff610346c7b7c37,completed_evidence
results/source/noisy/waterfall/rank/n_40/Rc_0p5/configuration.mat,/home/yangshuo/Downloads/ID_RS_code/results/noisy_channel_confirmatory_bp/waterfall/rank/n_40/Rc_0p5/configuration.mat,1279,c8c08913f75a033f287a36de51085e4715929634f17b4c8633acd050f647a3db,completed_evidence
results/source/noisy/waterfall/rank/n_40/Rc_0p5/points/result_n_40_awgn_ebno_p0p5.mat,/home/yangshuo/Downloads/ID_RS_code/results/noisy_channel_confirmatory_bp/waterfall/rank/n_40/Rc_0p5/points/result_n_40_awgn_ebno_p0p5.mat,267376,c6ec107c2e47d09d3809abf3d7afb549d171cdc660f4c64cc877062d3a78db89,completed_evidence
results/source/noisy/waterfall/rank/n_40/Rc_0p5/points/result_n_40_awgn_ebno_p0p6.mat,/home/yangshuo/Downloads/ID_RS_code/results/noisy_channel_confirmatory_bp/waterfall/rank/n_40/Rc_0p5/points/result_n_40_awgn_ebno_p0p6.mat,267376,a7defc698adb1a8cd42a3667e7addf9e99b33b10de5d3e800819748078527f3f,completed_evidence
results/source/noisy/waterfall/rank/n_40/Rc_0p5/points/result_n_40_awgn_ebno_p0p7.mat,/home/yangshuo/Downloads/ID_RS_code/results/noisy_channel_confirmatory_bp/waterfall/rank/n_40/Rc_0p5/points/result_n_40_awgn_ebno_p0p7.mat,267376,a5fa19d9380991dca1eeb7e24e6ef7ff7179a1ea7a17dcc3e60cba22eed8e73e,completed_evidence
results/source/noisy/waterfall/rank/n_40/Rc_0p5/points/result_n_40_awgn_ebno_p0p8.mat,/home/yangshuo/Downloads/ID_RS_code/results/noisy_channel_confirmatory_bp/waterfall/rank/n_40/Rc_0p5/points/result_n_40_awgn_ebno_p0p8.mat,267376,7afb08bc9732517f1c987fe03297cca413daf1e81e74834296c2152027f34475,completed_evidence
results/source/noisy/waterfall/rank/n_40/Rc_0p5/points/result_n_40_awgn_ebno_p0p9.mat,/home/yangshuo/Downloads/ID_RS_code/results/noisy_channel_confirmatory_bp/waterfall/rank/n_40/Rc_0p5/points/result_n_40_awgn_ebno_p0p9.mat,267376,4c07253167bc3c22af155d86515ae3e9a0245fb0fa0f06c851e62994d3ecba3a,completed_evidence
results/source/noisy/waterfall/rank/n_40/Rc_0p5/points/result_n_40_awgn_ebno_p1p0.mat,/home/yangshuo/Downloads/ID_RS_code/results/noisy_channel_confirmatory_bp/waterfall/rank/n_40/Rc_0p5/points/result_n_40_awgn_ebno_p1p0.mat,267376,2a297ae8393b74d46c5a93ce7fdf620e25753188d1f55f2ef8444b76671d8454,completed_evidence
results/source/noisy/waterfall/rank/n_40/Rc_0p5/points/result_n_40_awgn_ebno_p1p1.mat,/home/yangshuo/Downloads/ID_RS_code/results/noisy_channel_confirmatory_bp/waterfall/rank/n_40/Rc_0p5/points/result_n_40_awgn_ebno_p1p1.mat,267376,691d35fb1b6685b2d827129b698914a59a26746b8f37efbe59c395d5aa33a5f3,completed_evidence
results/source/noisy/waterfall/rank/n_40/Rc_0p5/points/result_n_40_awgn_ebno_p1p2.mat,/home/yangshuo/Downloads/ID_RS_code/results/noisy_channel_confirmatory_bp/waterfall/rank/n_40/Rc_0p5/points/result_n_40_awgn_ebno_p1p2.mat,267376,07fe8f77a965b405e02b9d5ba59e79b1c036fbd19c9cc382a96db1deb4d8dfec,completed_evidence
results/source/noisy/waterfall/rank/n_40/Rc_0p5/points/result_n_40_awgn_ebno_p1p3.mat,/home/yangshuo/Downloads/ID_RS_code/results/noisy_channel_confirmatory_bp/waterfall/rank/n_40/Rc_0p5/points/result_n_40_awgn_ebno_p1p3.mat,267376,1d61e6f44b5b7faf530b5496c2f8af7308e2d5e0158dc65ef2a8108cc89e8883,completed_evidence
results/source/noisy/waterfall/rank/n_40/Rc_0p5/points/result_n_40_awgn_ebno_p1p4.mat,/home/yangshuo/Downloads/ID_RS_code/results/noisy_channel_confirmatory_bp/waterfall/rank/n_40/Rc_0p5/points/result_n_40_awgn_ebno_p1p4.mat,267376,e31c6f5df5ddec181357be15cb19ab7420752e527b7749b9d69dc814b9f5f73f,completed_evidence
results/source/noisy/waterfall/rank/n_40/Rc_0p5/points/result_n_40_awgn_ebno_p1p5.mat,/home/yangshuo/Downloads/ID_RS_code/results/noisy_channel_confirmatory_bp/waterfall/rank/n_40/Rc_0p5/points/result_n_40_awgn_ebno_p1p5.mat,267376,78c208d00241992372d3f1388430fc8e391a1f1179d32b592b18219c502f4e7b,completed_evidence
results/source/noisy/waterfall/rank/n_40/Rc_0p5/points/result_n_40_awgn_ebno_p1p6.mat,/home/yangshuo/Downloads/ID_RS_code/results/noisy_channel_confirmatory_bp/waterfall/rank/n_40/Rc_0p5/points/result_n_40_awgn_ebno_p1p6.mat,267376,8c952a280361029d466641bc715770e00d5c4598e2670fe711646d9f0d25232d,completed_evidence
results/source/noisy/waterfall/rank/n_40/Rc_0p5/points/result_n_40_awgn_ebno_p1p7.mat,/home/yangshuo/Downloads/ID_RS_code/results/noisy_channel_confirmatory_bp/waterfall/rank/n_40/Rc_0p5/points/result_n_40_awgn_ebno_p1p7.mat,267376,6f20ee4e0a31da46c591716cc7e499b3c76f53beb3074ba645fef151860adc9c,completed_evidence
results/source/noisy/waterfall/rank/n_40/Rc_0p5/points/result_n_40_awgn_ebno_p1p8.mat,/home/yangshuo/Downloads/ID_RS_code/results/noisy_channel_confirmatory_bp/waterfall/rank/n_40/Rc_0p5/points/result_n_40_awgn_ebno_p1p8.mat,267376,8d41ab9f80abdda759b556c4c8e04b2de16c87b672ca4715b170d9288868851d,completed_evidence
results/source/noisy/waterfall/rank/n_40/Rc_0p5/points/result_n_40_awgn_ebno_p1p9.mat,/home/yangshuo/Downloads/ID_RS_code/results/noisy_channel_confirmatory_bp/waterfall/rank/n_40/Rc_0p5/points/result_n_40_awgn_ebno_p1p9.mat,267376,a093d5bd1eab28dd2a10ef7ae76e58093fdfef697b6bf02702b726ab61c21997,completed_evidence
results/source/noisy/waterfall/rank/n_40/Rc_0p5/points/result_n_40_awgn_ebno_p2p0.mat,/home/yangshuo/Downloads/ID_RS_code/results/noisy_channel_confirmatory_bp/waterfall/rank/n_40/Rc_0p5/points/result_n_40_awgn_ebno_p2p0.mat,267376,6471049f9c39770688bf60421de4052499d80506178af33828643f4bd67ad69a,completed_evidence
results/source/noisy/waterfall/rank/n_40/Rc_0p5/points/result_n_40_awgn_ebno_p2p1.mat,/home/yangshuo/Downloads/ID_RS_code/results/noisy_channel_confirmatory_bp/waterfall/rank/n_40/Rc_0p5/points/result_n_40_awgn_ebno_p2p1.mat,267376,1e806e41c118e5bc624781c2efbddd04d948eed89be0a6dbdcbb129af0525720,completed_evidence
results/source/noisy/waterfall/rank/n_40/Rc_0p5/points/result_n_40_awgn_ebno_p2p2.mat,/home/yangshuo/Downloads/ID_RS_code/results/noisy_channel_confirmatory_bp/waterfall/rank/n_40/Rc_0p5/points/result_n_40_awgn_ebno_p2p2.mat,267376,9df2991dda3247f642041da6b1cafb0537e3bc71fe7244bf5e4768e3ca72ca9a,completed_evidence
results/source/noisy/waterfall/rank/n_40/Rc_0p5/points/result_n_40_awgn_ebno_p2p3.mat,/home/yangshuo/Downloads/ID_RS_code/results/noisy_channel_confirmatory_bp/waterfall/rank/n_40/Rc_0p5/points/result_n_40_awgn_ebno_p2p3.mat,267376,a2e766d6f43e08d41ebd371846d78d1745d0df5cdab79eadef75eec7939ae703,completed_evidence
results/source/noisy/waterfall/rank/n_40/Rc_0p5/points/result_n_40_awgn_ebno_p2p4.mat,/home/yangshuo/Downloads/ID_RS_code/results/noisy_channel_confirmatory_bp/waterfall/rank/n_40/Rc_0p5/points/result_n_40_awgn_ebno_p2p4.mat,267376,4c003058650c54e1e18877d4d8e5b3ee7fab91741a95691d98cd969b139036fa,completed_evidence
results/source/noisy/waterfall/rank/n_40/Rc_0p5/points/result_n_40_awgn_ebno_p2p5.mat,/home/yangshuo/Downloads/ID_RS_code/results/noisy_channel_confirmatory_bp/waterfall/rank/n_40/Rc_0p5/points/result_n_40_awgn_ebno_p2p5.mat,267376,be1318e7c30354caa09e0586a763ef343863da4bf6c70c214d9ed2ddaf4258af,completed_evidence
results/source/noisy/waterfall/rank/n_40/Rc_0p5/points/result_n_40_awgn_ebno_p2p6.mat,/home/yangshuo/Downloads/ID_RS_code/results/noisy_channel_confirmatory_bp/waterfall/rank/n_40/Rc_0p5/points/result_n_40_awgn_ebno_p2p6.mat,267376,7d2ef812ec67f141dfe53f7e6e298191ecd7241542bd2c18bce9f4efccb235fa,completed_evidence
results/source/noisy/waterfall/source_banks/exact-threshold/E2_0p1/bank_n_42.mat,/home/yangshuo/Downloads/ID_RS_code/results/noisy_channel_confirmatory_bp/waterfall/source_banks/exact-threshold/E2_0p1/bank_n_42.mat,12693571,4c3fb9203900c445ff74e1fcea55a6073da22c991981da0ba0d0e3f8e681187f,source_bank_copy_on_server
results/source/noisy/waterfall/source_banks/id/E2_0p1/bank_n_40.mat,/home/yangshuo/Downloads/ID_RS_code/results/noisy_channel_confirmatory_bp/waterfall/source_banks/id/E2_0p1/bank_n_40.mat,13594180,6741f6014119af35e1433383723d6c527f8e80e14a253c68ba5855085c00662f,source_bank_copy_on_server
results/source/noisy/waterfall/source_banks/rank/E2_0p1/bank_n_40.mat,/home/yangshuo/Downloads/ID_RS_code/results/noisy_channel_confirmatory_bp/waterfall/source_banks/rank/E2_0p1/bank_n_40.mat,12812010,c397d49eab6338b72318e8006e30774f65843d9848ed218a474b4f25ddb12df1,source_bank_copy_on_server
