source_file,source_kind,func_type,n,r,L,K,m,S,rate,exact_fixed_fpr,position_mc_fpr,uniform_joint_mc,proposition1_joint_average,theorem_bound
/Users/yangshuo/Git/ID_RS_code/results_temp/fixed_msg_exact-threshold_E2_0.10/fixed_msg_result_n_24.mat,single_fixed_message,exact-threshold,24,12,4096,2,24,276,0.191040104196715,0.06640625,0.066415,NaN,0.0655838251113892,0.0673828125
/Users/yangshuo/Git/ID_RS_code/results_temp/fixed_msg_exact-threshold_E2_0.10/fixed_msg_result_n_26.mat,single_fixed_message,exact-threshold,26,13,8192,2,26,325,0.180786143005427,0.0390625,0.039222,NaN,0.0390453338623047,0.0396728515625
/Users/yangshuo/Git/ID_RS_code/results_temp/fixed_msg_exact-threshold_E2_0.10/fixed_msg_result_n_28.mat,single_fixed_message,exact-threshold,28,14,16384,2,28,378,0.171691247216343,0.02288818359375,0.022707,NaN,0.0228574424982071,0.0230712890625
/Users/yangshuo/Git/ID_RS_code/results_temp/fixed_msg_exact-threshold_E2_0.10/fixed_msg_result_n_30.mat,single_fixed_message,exact-threshold,30,15,32768,3,45,990,0.183061769877656,0.03009033203125,0.030043,NaN,0.0297752180786688,0.0604248046875
/Users/yangshuo/Git/ID_RS_code/results_temp/fixed_msg_exact-threshold_E2_0.10/fixed_msg_result_n_32.mat,single_fixed_message,exact-threshold,32,16,65536,3,48,1128,0.174530078147536,0.017242431640625,0.016883,NaN,0.0170755721588591,0.034423828125
/Users/yangshuo/Git/ID_RS_code/results_temp/fixed_msg_exact-threshold_E2_0.10/fixed_msg_result_n_34.mat,single_fixed_message,exact-threshold,34,17,131072,4,68,2278,0.179043024742657,0.0176773071289062,0.017727,NaN,0.0172370921936817,0.0521392822265625
/Users/yangshuo/Git/ID_RS_code/results_temp/fixed_msg_exact-threshold_E2_0.10/fixed_msg_result_n_36.mat,single_fixed_message,exact-threshold,36,18,262144,5,90,4005,0.180329252675824,0.0150375366210938,0.015133,NaN,0.0151562610408291,0.0611114501953125
/Users/yangshuo/Git/ID_RS_code/results_temp/fixed_msg_exact-threshold_E2_0.10/fixed_msg_result_n_38.mat,single_fixed_message,exact-threshold,38,19,524288,5,95,4465,0.172890937061341,0.00854301452636719,0.008679,NaN,0.00848064336241805,0.0340652465820312
/Users/yangshuo/Git/ID_RS_code/results_temp/fixed_msg_exact-threshold_E2_0.10/fixed_msg_result_n_40.mat,single_fixed_message,exact-threshold,40,20,1048576,6,120,7140,0.172672264890213,0.00677680969238281,0.006917,NaN,0.00678606936162396,0.0340461730957031
/Users/yangshuo/Git/ID_RS_code/results_temp/fixed_msg_exact-threshold_E2_0.10/fixed_msg_result_n_42.mat,single_fixed_message,exact-threshold,42,21,2097152,8,168,14028,0.176007557685209,0.00661706924438477,0.006591,NaN,0.00666602317983234,0.0468235015869141
/Users/yangshuo/Git/ID_RS_code/results/exact-threshold_E2_0.10/result_n_24.mat,uniform_message_position_mc,exact-threshold,24,12,4096,2,24,276,0.191040104196715,NaN,NaN,0.0655565,0.0655838251113892,0.0673828125
/Users/yangshuo/Git/ID_RS_code/results_temp/exact-threshold_E2_0.10/result_n_24.mat,uniform_message_position_mc,exact-threshold,24,12,4096,2,24,276,0.191040104196715,NaN,NaN,0.06554763,0.0655838251113892,0.0673828125
/Users/yangshuo/Git/ID_RS_code/results/exact-threshold_E2_0.10/result_n_26.mat,uniform_message_position_mc,exact-threshold,26,13,8192,2,26,325,0.180786143005427,NaN,NaN,0.03903017,0.0390453338623047,0.0396728515625
/Users/yangshuo/Git/ID_RS_code/results_temp/exact-threshold_E2_0.10/result_n_26.mat,uniform_message_position_mc,exact-threshold,26,13,8192,2,26,325,0.180786143005427,NaN,NaN,0.03906494,0.0390453338623047,0.0396728515625
/Users/yangshuo/Git/ID_RS_code/results/exact-threshold_E2_0.10/result_n_28.mat,uniform_message_position_mc,exact-threshold,28,14,16384,2,28,378,0.171691247216343,NaN,NaN,0.02284409,0.0228574424982071,0.0230712890625
/Users/yangshuo/Git/ID_RS_code/results_temp/exact-threshold_E2_0.10/result_n_28.mat,uniform_message_position_mc,exact-threshold,28,14,16384,2,28,378,0.171691247216343,NaN,NaN,0.02285261,0.0228574424982071,0.0230712890625
/Users/yangshuo/Git/ID_RS_code/results/exact-threshold_E2_0.10/result_n_30.mat,uniform_message_position_mc,exact-threshold,30,15,32768,3,45,990,0.183061769877656,NaN,NaN,0.02975859,0.0297752301858623,0.0604248046875
/Users/yangshuo/Git/ID_RS_code/results_temp/exact-threshold_E2_0.10/result_n_30.mat,uniform_message_position_mc,exact-threshold,30,15,32768,3,45,990,0.183061769877656,NaN,NaN,0.02976242,0.0297752301858623,0.0604248046875
/Users/yangshuo/Git/ID_RS_code/results/exact-threshold_E2_0.10/result_n_32.mat,uniform_message_position_mc,exact-threshold,32,16,65536,3,48,1128,0.174530078147536,NaN,NaN,0.01710576,0.0170755761169801,0.034423828125
/Users/yangshuo/Git/ID_RS_code/results_temp/exact-threshold_E2_0.10/result_n_32.mat,uniform_message_position_mc,exact-threshold,32,16,65536,3,48,1128,0.174530078147536,NaN,NaN,0.01705913,0.0170755761169801,0.034423828125
/Users/yangshuo/Git/ID_RS_code/results/exact-threshold_E2_0.10/result_n_34.mat,uniform_message_position_mc,exact-threshold,34,17,131072,4,68,2278,0.179043024742657,NaN,NaN,0.01725494,0.0172370943473652,0.0521392822265625
/Users/yangshuo/Git/ID_RS_code/results_temp/exact-threshold_E2_0.10/result_n_34.mat,uniform_message_position_mc,exact-threshold,34,17,131072,4,68,2278,0.179043024742657,NaN,NaN,0.01724415,0.0172370943473652,0.0521392822265625
/Users/yangshuo/Git/ID_RS_code/results/exact-threshold_E2_0.10/result_n_36.mat,uniform_message_position_mc,exact-threshold,36,18,262144,5,90,4005,0.180329252675824,NaN,NaN,0.0151621,0.015156261913944,0.0611114501953125
/Users/yangshuo/Git/ID_RS_code/results_temp/exact-threshold_E2_0.10/result_n_36.mat,uniform_message_position_mc,exact-threshold,36,18,262144,5,90,4005,0.180329252675824,NaN,NaN,0.01517936,0.015156261913944,0.0611114501953125
/Users/yangshuo/Git/ID_RS_code/results/exact-threshold_E2_0.10/result_n_38.mat,uniform_message_position_mc,exact-threshold,38,19,524288,5,95,4465,0.172890937061341,NaN,NaN,0.00847602,0.00848064359161071,0.0340652465820312
/Users/yangshuo/Git/ID_RS_code/results_temp/exact-threshold_E2_0.10/result_n_38.mat,uniform_message_position_mc,exact-threshold,38,19,524288,5,95,4465,0.172890937061341,NaN,NaN,0.00846903,0.00848064359161071,0.0340652465820312
/Users/yangshuo/Git/ID_RS_code/results/exact-threshold_E2_0.10/result_n_40.mat,uniform_message_position_mc,exact-threshold,40,20,1048576,6,120,7140,0.172672264890213,NaN,NaN,0.00680359,0.00678606943802151,0.0340461730957031
/Users/yangshuo/Git/ID_RS_code/results_temp/exact-threshold_E2_0.10/result_n_40.mat,uniform_message_position_mc,exact-threshold,40,20,1048576,6,120,7140,0.172672264890213,NaN,NaN,0.00679995,0.00678606943802151,0.0340461730957031
/Users/yangshuo/Git/ID_RS_code/results/exact-threshold_E2_0.10/result_n_42.mat,uniform_message_position_mc,exact-threshold,42,21,2097152,8,168,14028,0.176007557685209,NaN,NaN,0.00666622,0.00666602317983234,0.0468235015869141
/Users/yangshuo/Git/ID_RS_code/results_temp/exact-threshold_E2_0.10/result_n_42.mat,uniform_message_position_mc,exact-threshold,42,21,2097152,8,168,14028,0.176007557685209,NaN,NaN,0.00666064,0.00666602317983234,0.0468235015869141
/Users/yangshuo/Git/ID_RS_code/results/exact-threshold_E2_0.10/result_n_44.mat,uniform_message_position_mc,exact-threshold,44,22,4194304,9,198,19503,0.173394468638173,NaN,NaN,0.00463312,0.0046390449084015,0.0371990203857422
/Users/yangshuo/Git/ID_RS_code/results/exact-threshold_E2_0.10/result_n_46.mat,uniform_message_position_mc,exact-threshold,46,23,8388608,10,230,26335,0.170554131542269,NaN,NaN,0.00313816,0.00313437726630639,0.0282543897628784
/Users/yangshuo/Git/ID_RS_code/results_temp/fixed_msg_id_E2_0.10/fixed_msg_result_n_4.mat,single_fixed_message,id,4,2,4,3,6,1,0.646240625180289,0.5,0.499467,NaN,0.234375,0.5
/Users/yangshuo/Git/ID_RS_code/results_temp/fixed_msg_id_E2_0.10_v1/fixed_msg_result_n_4.mat,single_fixed_message,id,4,2,4,3,6,1,0.646240625180289,0.75,0.749913,NaN,0.234375,0.5
/Users/yangshuo/Git/ID_RS_code/results_temp/fixed_msg_id_E2_0.10/fixed_msg_result_n_6.mat,single_fixed_message,id,6,3,8,5,15,1,0.65114843260142,0.125,0.125295,NaN,0.124969482421875,0.5
/Users/yangshuo/Git/ID_RS_code/results_temp/fixed_msg_id_E2_0.10_v1/fixed_msg_result_n_6.mat,single_fixed_message,id,6,3,8,5,15,1,0.65114843260142,0,0,NaN,0.124969482421875,0.5
/Users/yangshuo/Git/ID_RS_code/results_temp/fixed_msg_id_E2_0.10/fixed_msg_result_n_8.mat,single_fixed_message,id,8,4,16,9,36,1,0.646240625180289,0.0625,0.062538,NaN,0.0624999999854481,0.5
/Users/yangshuo/Git/ID_RS_code/results_temp/fixed_msg_id_E2_0.10_v1/fixed_msg_result_n_8.mat,single_fixed_message,id,8,4,16,9,36,1,0.646240625180289,0.0625,0.062455,NaN,0.0624999999854481,0.5
/Users/yangshuo/Git/ID_RS_code/results_temp/fixed_msg_id_E2_0.10/fixed_msg_result_n_10.mat,single_fixed_message,id,10,5,32,16,80,1,0.632192809488736,0.09375,0.093942,NaN,0.03125,0.46875
/Users/yangshuo/Git/ID_RS_code/results_temp/fixed_msg_id_E2_0.10_v1/fixed_msg_result_n_10.mat,single_fixed_message,id,10,5,32,16,80,1,0.632192809488736,0,0,NaN,0.03125,0.46875
/Users/yangshuo/Git/ID_RS_code/results_temp/fixed_msg_id_E2_0.10/fixed_msg_result_n_12.mat,single_fixed_message,id,12,6,64,27,162,1,0.611654166907052,0,0,NaN,0.015625,0.40625
/Users/yangshuo/Git/ID_RS_code/results_temp/fixed_msg_id_E2_0.10_v1/fixed_msg_result_n_12.mat,single_fixed_message,id,12,6,64,27,162,1,0.611654166907052,0.03125,0.031181,NaN,0.015625,0.40625
/Users/yangshuo/Git/ID_RS_code/results_temp/fixed_msg_id_E2_0.10/fixed_msg_result_n_14.mat,single_fixed_message,id,14,7,128,48,336,1,0.599451244484197,0.015625,0.015641,NaN,0.0078125,0.3671875
/Users/yangshuo/Git/ID_RS_code/results_temp/fixed_msg_id_E2_0.10_v1/fixed_msg_result_n_14.mat,single_fixed_message,id,14,7,128,48,336,1,0.599451244484197,0,0,NaN,0.0078125,0.3671875
/Users/yangshuo/Git/ID_RS_code/results_temp/fixed_msg_id_E2_0.10/fixed_msg_result_n_16.mat,single_fixed_message,id,16,8,256,84,672,1,0.587019838923672,0,0,NaN,0.00390625,0.32421875
/Users/yangshuo/Git/ID_RS_code/results_temp/fixed_msg_id_E2_0.10_v1/fixed_msg_result_n_16.mat,single_fixed_message,id,16,8,256,84,672,1,0.587019838923672,0,0,NaN,0.00390625,0.32421875
/Users/yangshuo/Git/ID_RS_code/results_temp/fixed_msg_id_E2_0.10/fixed_msg_result_n_18.mat,single_fixed_message,id,18,9,512,147,1323,1,0.576088741459927,0.001953125,0.001928,NaN,0.001953125,0.28515625
/Users/yangshuo/Git/ID_RS_code/results_temp/fixed_msg_id_E2_0.10_v1/fixed_msg_result_n_18.mat,single_fixed_message,id,18,9,512,147,1323,1,0.576088741459927,0.001953125,0.001932,NaN,0.001953125,0.28515625
/Users/yangshuo/Git/ID_RS_code/results_temp/fixed_msg_id_E2_0.10/fixed_msg_result_n_20.mat,single_fixed_message,id,20,10,1024,256,2560,1,0.566096404744368,0.0009765625,0.000986,NaN,0.0009765625,0.2490234375
/Users/yangshuo/Git/ID_RS_code/results_temp/fixed_msg_id_E2_0.10_v1/fixed_msg_result_n_20.mat,single_fixed_message,id,20,10,1024,256,2560,1,0.566096404744368,0.0009765625,0.000956,NaN,0.0009765625,0.2490234375
/Users/yangshuo/Git/ID_RS_code/results_temp/fixed_msg_id_E2_0.10/fixed_msg_result_n_22.mat,single_fixed_message,id,22,11,2048,445,4895,1,0.557140597476866,0.00048828125,0.000516,NaN,0.00048828125,0.216796875
/Users/yangshuo/Git/ID_RS_code/results_temp/fixed_msg_id_E2_0.10_v1/fixed_msg_result_n_22.mat,single_fixed_message,id,22,11,2048,445,4895,1,0.557140597476866,0.00048828125,0.000512,NaN,0.00048828125,0.216796875
/Users/yangshuo/Git/ID_RS_code/results_temp/fixed_msg_id_E2_0.10/fixed_msg_result_n_24.mat,single_fixed_message,id,24,12,4096,776,9312,1,0.549369805954512,0.00048828125,0.000498,NaN,0.000244140625,0.189208984375
/Users/yangshuo/Git/ID_RS_code/results_temp/fixed_msg_id_E2_0.10_v1/fixed_msg_result_n_24.mat,single_fixed_message,id,24,12,4096,776,9312,1,0.549369805954512,0.00048828125,0.000477,NaN,0.000244140625,0.189208984375
/Users/yangshuo/Git/ID_RS_code/results_temp/fixed_msg_id_E2_0.10/fixed_msg_result_n_26.mat,single_fixed_message,id,26,13,8192,1351,17563,1,0.542317372210261,0.0001220703125,0.000124,NaN,0.0001220703125,0.164794921875
/Users/yangshuo/Git/ID_RS_code/results_temp/fixed_msg_id_E2_0.10/fixed_msg_result_n_28.mat,single_fixed_message,id,28,14,16384,2352,32928,1,0.535965259531927,6.103515625e-05,6.6e-05,NaN,6.103515625e-05,0.14349365234375
/Users/yangshuo/Git/ID_RS_code/results_temp/fixed_msg_id_E2_0.10/fixed_msg_result_n_30.mat,single_fixed_message,id,30,15,32768,4096,61440,1,0.530229686520284,9.1552734375e-05,0.000109,NaN,3.0517578125e-05,0.124969482421875
/Users/yangshuo/Git/ID_RS_code/results_temp/fixed_msg_id_E2_0.10/fixed_msg_result_n_32.mat,single_fixed_message,id,32,16,65536,7131,114096,1,0.524996521520737,0,0,NaN,1.52587890625e-05,0.108795166015625
/Users/yangshuo/Git/ID_RS_code/results_temp/fixed_msg_id_E2_0.10/fixed_msg_result_n_34.mat,single_fixed_message,id,34,17,131072,12416,211072,1,0.520216931865808,1.52587890625e-05,1.6e-05,NaN,7.62939453125e-06,0.0947189331054688
/Users/yangshuo/Git/ID_RS_code/results_temp/fixed_msg_id_E2_0.10/fixed_msg_result_n_36.mat,single_fixed_message,id,36,18,262144,21618,389124,1,0.515829734405285,7.62939453125e-06,3e-06,NaN,3.814697265625e-06,0.0824623107910156
/Users/yangshuo/Git/ID_RS_code/results_temp/fixed_msg_id_E2_0.10/fixed_msg_result_n_38.mat,single_fixed_message,id,38,19,524288,37640,715160,1,0.511787013712092,3.814697265625e-06,3e-06,NaN,1.9073486328125e-06,0.0717906951904297
/Users/yangshuo/Git/ID_RS_code/results_temp/fixed_msg_id_E2_0.10/fixed_msg_result_n_40.mat,single_fixed_message,id,40,20,1048576,65536,1310720,1,0.508048202372184,0,0,NaN,9.5367431640625e-07,0.0624990463256836
/Users/yangshuo/Git/ID_RS_code/results/id_E2_0.10/result_n_4.mat,uniform_message_position_mc,id,4,2,4,3,6,1,0.646240625180289,NaN,NaN,0.234201,0.234375,0.5
/Users/yangshuo/Git/ID_RS_code/results_temp/id_E2_0.10/result_n_4.mat,uniform_message_position_mc,id,4,2,4,3,6,1,0.646240625180289,NaN,NaN,0.234014,0.234375,0.5
/Users/yangshuo/Git/ID_RS_code/results/id_E2_0.10/result_n_6.mat,uniform_message_position_mc,id,6,3,8,5,15,1,0.65114843260142,NaN,NaN,0.125076,0.124969482421875,0.5
/Users/yangshuo/Git/ID_RS_code/results_temp/id_E2_0.10/result_n_6.mat,uniform_message_position_mc,id,6,3,8,5,15,1,0.65114843260142,NaN,NaN,0.125039,0.124969482421875,0.5
/Users/yangshuo/Git/ID_RS_code/results/id_E2_0.10/result_n_8.mat,uniform_message_position_mc,id,8,4,16,9,36,1,0.646240625180289,NaN,NaN,0.06248404,0.0624999999854481,0.5
/Users/yangshuo/Git/ID_RS_code/results_temp/id_E2_0.10/result_n_8.mat,uniform_message_position_mc,id,8,4,16,9,36,1,0.646240625180289,NaN,NaN,0.0624609,0.0624999999854481,0.5
/Users/yangshuo/Git/ID_RS_code/results/id_E2_0.10/result_n_10.mat,uniform_message_position_mc,id,10,5,32,16,80,1,0.632192809488736,NaN,NaN,0.03125479,0.03125,0.46875
/Users/yangshuo/Git/ID_RS_code/results_temp/id_E2_0.10/result_n_10.mat,uniform_message_position_mc,id,10,5,32,16,80,1,0.632192809488736,NaN,NaN,0.03120948,0.03125,0.46875
/Users/yangshuo/Git/ID_RS_code/results/id_E2_0.10/result_n_12.mat,uniform_message_position_mc,id,12,6,64,27,162,1,0.611654166907052,NaN,NaN,0.01563142,0.015625,0.40625
/Users/yangshuo/Git/ID_RS_code/results_temp/id_E2_0.10/result_n_12.mat,uniform_message_position_mc,id,12,6,64,27,162,1,0.611654166907052,NaN,NaN,0.01558601,0.015625,0.40625
/Users/yangshuo/Git/ID_RS_code/results/id_E2_0.10/result_n_14.mat,uniform_message_position_mc,id,14,7,128,48,336,1,0.599451244484197,NaN,NaN,0.00782908,0.0078125,0.3671875
/Users/yangshuo/Git/ID_RS_code/results_temp/id_E2_0.10/result_n_14.mat,uniform_message_position_mc,id,14,7,128,48,336,1,0.599451244484197,NaN,NaN,0.00781907,0.0078125,0.3671875
/Users/yangshuo/Git/ID_RS_code/results/id_E2_0.10/result_n_16.mat,uniform_message_position_mc,id,16,8,256,84,672,1,0.587019838923672,NaN,NaN,0.00390052,0.00390625,0.32421875
/Users/yangshuo/Git/ID_RS_code/results_temp/id_E2_0.10/result_n_16.mat,uniform_message_position_mc,id,16,8,256,84,672,1,0.587019838923672,NaN,NaN,0.00390926,0.00390625,0.32421875
/Users/yangshuo/Git/ID_RS_code/results/id_E2_0.10/result_n_18.mat,uniform_message_position_mc,id,18,9,512,147,1323,1,0.576088741459927,NaN,NaN,0.00194806,0.001953125,0.28515625
/Users/yangshuo/Git/ID_RS_code/results_temp/id_E2_0.10/result_n_18.mat,uniform_message_position_mc,id,18,9,512,147,1323,1,0.576088741459927,NaN,NaN,0.00195318,0.001953125,0.28515625
/Users/yangshuo/Git/ID_RS_code/results/id_E2_0.10/result_n_20.mat,uniform_message_position_mc,id,20,10,1024,256,2560,1,0.566096404744368,NaN,NaN,0.00097303,0.0009765625,0.2490234375
/Users/yangshuo/Git/ID_RS_code/results_temp/id_E2_0.10/result_n_20.mat,uniform_message_position_mc,id,20,10,1024,256,2560,1,0.566096404744368,NaN,NaN,0.00097887,0.0009765625,0.2490234375
/Users/yangshuo/Git/ID_RS_code/results/id_E2_0.10/result_n_22.mat,uniform_message_position_mc,id,22,11,2048,445,4895,1,0.557140597476866,NaN,NaN,0.00048955,0.00048828125,0.216796875
/Users/yangshuo/Git/ID_RS_code/results/id_E2_0.10/result_n_24.mat,uniform_message_position_mc,id,24,12,4096,776,9312,1,0.549369805954512,NaN,NaN,0.00024932,0.000244140625,0.189208984375
/Users/yangshuo/Git/ID_RS_code/results_temp/fixed_msg_rank_E2_0.10/fixed_msg_result_n_14.mat,single_fixed_message,rank,14,7,128,2,14,21,0.271953923004115,0.15625,0.156267,NaN,0.16156005859375,0.1640625
/Users/yangshuo/Git/ID_RS_code/results_temp/fixed_msg_rank_E2_0.10/fixed_msg_result_n_16.mat,single_fixed_message,rank,16,8,256,4,32,21,0.3125,0.08203125,0.082095,NaN,0.0817260693293065,0.24609375
/Users/yangshuo/Git/ID_RS_code/results_temp/fixed_msg_rank_E2_0.10/fixed_msg_result_n_18.mat,single_fixed_message,rank,18,9,512,7,63,21,0.332071106861106,0.064453125,0.064582,NaN,0.0409393310546875,0.24609375
/Users/yangshuo/Git/ID_RS_code/results_temp/fixed_msg_rank_E2_0.10/fixed_msg_result_n_20.mat,single_fixed_message,rank,20,10,1024,12,120,21,0.345344529780426,0.0185546875,0.018633,NaN,0.0204887390136719,0.2255859375
/Users/yangshuo/Git/ID_RS_code/results_temp/fixed_msg_rank_E2_0.10/fixed_msg_result_n_22.mat,single_fixed_message,rank,22,11,2048,21,231,21,0.35689768370073,0.0107421875,0.010586,NaN,0.010249137878418,0.205078125
/Users/yangshuo/Git/ID_RS_code/results_temp/fixed_msg_rank_E2_0.10/fixed_msg_result_n_24.mat,single_fixed_message,rank,24,12,4096,36,432,21,0.364786979256811,0.003662109375,0.003612,NaN,0.00512576103210449,0.179443359375
/Users/yangshuo/Git/ID_RS_code/results_temp/fixed_msg_rank_E2_0.10/fixed_msg_result_n_26.mat,single_fixed_message,rank,26,13,8192,64,832,21,0.373093835313119,0.0025634765625,0.002517,NaN,0.00256317853927612,0.1614990234375
/Users/yangshuo/Git/ID_RS_code/results_temp/fixed_msg_rank_E2_0.10/fixed_msg_result_n_28.mat,single_fixed_message,rank,28,14,16384,112,1568,21,0.379096780146972,0.00079345703125,0.000815,NaN,0.00128166377544403,0.14227294921875
/Users/yangshuo/Git/ID_RS_code/results_temp/fixed_msg_rank_E2_0.10/fixed_msg_result_n_30.mat,single_fixed_message,rank,30,15,32768,195,2925,21,0.383807363645271,0.000518798828125,0.000517,NaN,0.000640850514173508,0.12432861328125
/Users/yangshuo/Git/ID_RS_code/results_temp/fixed_msg_rank_E2_0.10/fixed_msg_result_n_32.mat,single_fixed_message,rank,32,16,65536,339,5424,21,0.387660670723011,0.000396728515625,0.000427,NaN,0.000320429913699627,0.108306884765625
/Users/yangshuo/Git/ID_RS_code/results_temp/fixed_msg_rank_E2_0.10/fixed_msg_result_n_34.mat,single_fixed_message,rank,34,17,131072,591,10047,21,0.391014034159643,0.00016021728515625,0.000164,NaN,0.000160216121003032,0.0945281982421875
/Users/yangshuo/Git/ID_RS_code/results_temp/fixed_msg_rank_E2_0.10/fixed_msg_result_n_36.mat,single_fixed_message,rank,36,18,262144,1029,18522,21,0.393804229676008,8.392333984375e-05,7.9e-05,NaN,8.01083515398204e-05,0.0823516845703125
/Users/yangshuo/Git/ID_RS_code/results_temp/fixed_msg_rank_E2_0.10/fixed_msg_result_n_38.mat,single_fixed_message,rank,38,19,524288,1792,34048,21,0.396191643039505,3.62396240234375e-05,4e-05,NaN,4.00542485294864e-05,0.0717372894287109
/Users/yangshuo/Git/ID_RS_code/results_temp/fixed_msg_rank_E2_0.10/fixed_msg_result_n_40.mat,single_fixed_message,rank,40,20,1048576,3120,62400,21,0.398231460215924,2.19345092773438e-05,2.6e-05,NaN,2.00271424546372e-05,0.062464714050293
/Users/yangshuo/Git/ID_RS_code/results/rank_E2_0.10/result_n_14.mat,uniform_message_position_mc,rank,14,7,128,2,14,21,0.271953923004115,NaN,NaN,0.162586,0.16278076171875,0.1640625
/Users/yangshuo/Git/ID_RS_code/results/rank_E2_0.10/result_n_16.mat,uniform_message_position_mc,rank,16,8,256,4,32,21,0.3125,NaN,NaN,0.08201629,0.0820312451105565,0.24609375
/Users/yangshuo/Git/ID_RS_code/results/rank_E2_0.10/result_n_18.mat,uniform_message_position_mc,rank,18,9,512,7,63,21,0.332071106861106,NaN,NaN,0.04098607,0.041015625,0.24609375
/Users/yangshuo/Git/ID_RS_code/results/rank_E2_0.10/result_n_20.mat,uniform_message_position_mc,rank,20,10,1024,12,120,21,0.345344529780426,NaN,NaN,0.02048911,0.0205078125,0.2255859375
/Users/yangshuo/Git/ID_RS_code/results/rank_E2_0.10/result_n_22.mat,uniform_message_position_mc,rank,22,11,2048,21,231,21,0.35689768370073,NaN,NaN,0.01023677,0.01025390625,0.205078125
/Users/yangshuo/Git/ID_RS_code/results/rank_E2_0.10/result_n_24.mat,uniform_message_position_mc,rank,24,12,4096,36,432,21,0.364786979256811,NaN,NaN,0.00512886,0.005126953125,0.179443359375
/Users/yangshuo/Git/ID_RS_code/results/rank_E2_0.10/result_n_26.mat,uniform_message_position_mc,rank,26,13,8192,64,832,21,0.373093835313119,NaN,NaN,0.00256361,0.0025634765625,0.1614990234375
/Users/yangshuo/Git/ID_RS_code/results/rank_E2_0.10/result_n_28.mat,uniform_message_position_mc,rank,28,14,16384,112,1568,21,0.379096780146972,NaN,NaN,0.00127581,0.00128173828125,0.14227294921875
/Users/yangshuo/Git/ID_RS_code/results/rank_E2_0.10/result_n_30.mat,uniform_message_position_mc,rank,30,15,32768,195,2925,21,0.383807363645271,NaN,NaN,0.00063979,0.000640869140625,0.12432861328125
