snr_db,frames,frame_errors,fer,negative_trials,positive_trials,fp_count,fn_count,FP,FN,balanced_error,mean_iterations,runtime_job_hours,fer_lo95,fer_hi95,fer_upper95,fer_upper95_simultaneous,task_error_frames,task_error_se,task_error_upper95_conservative
-5.0,1000000,1000000,1.0,180000000,180000000,0,180000000,0.0,1.0,0.5,50.0,21.353514876666672,0.9999963111273498,1.0,1.0,1.0,1000000,0.0,1.0
-4.0,1000000,1000000,1.0,180000000,180000000,0,179999997,0.0,0.9999999833333333,0.49999999166666664,50.0,20.865704593055558,0.9999963111273498,1.0,1.0,1.0,1000000,4.8112506743768965e-09,1.0
-3.0,1000000,1000000,1.0,180000000,180000000,0,179999894,0.0,0.9999994111111111,0.49999970555555556,50.0,20.83780225083333,0.9999963111273498,1.0,1.0,1.0,1000000,2.8597474421121783e-08,1.0
-2.0,1000000,1000000,1.0,180000000,180000000,0,179997404,0.0,0.9999855777777777,0.4999927888888889,50.0,20.04942571166667,0.9999963111273498,1.0,1.0,1.0,1000000,1.414558164686361e-07,1.0
-1.5,1000000,1000000,1.0,180000000,180000000,0,179977585,0.0,0.9998754722222222,0.4999377361111111,50.0,19.36755829305556,0.9999963111273498,1.0,1.0,1.0,1000000,4.1607912461507494e-07,1.0
-1.2,1000000,999790,0.99979,180000000,180000000,0,179532997,0.0,0.9974055388888889,0.49870276944444447,49.999599,19.300709046944448,0.9997595985309853,0.9998174414793535,0.999813252212101,0.9998298715426682,999769,1.5137510868740546e-05,0.9997934159044295
-1.1,1000000,897493,0.897493,180000000,180000000,0,143586477,0.0,0.79770265,0.398851325,49.545096,18.908431783333324,0.8968968640125176,0.8980868324907637,0.8979915564037034,0.8983781899917156,891978,0.00018340536474577594,0.8924882372912951
-1.0,1000000,178035,0.178035,180000000,180000000,0,18639487,0.0,0.10355270555555555,0.05177635277777778,40.965691,16.136147176944437,0.17728566430778156,0.17878620106893875,0.1786654143225951,0.17915625045817152,171149,0.0001413140179805465,0.1717697193606822
-0.98,1000000,88249,0.088249,180000000,180000000,0,8426041,0.0,0.04681133888888889,0.023405669444444444,38.226226,14.848324949722226,0.08769373618418397,0.08880665012273968,0.08871695492142233,0.08908158809415204,84237,9.73776601479178e-05,0.08469523628235631
-0.96,1000000,37220,0.03722,180000000,180000000,0,3240572,0.0,0.01800317777777778,0.00900158888888889,35.653174,14.121106132777774,0.036849818707860166,0.037592864930011884,0.03753286324690102,0.03777693977438309,35230,6.069018726923046e-05,0.03553474229808501
-0.94,1000000,13659,0.013659,180000000,180000000,0,1111079,0.0,0.006172661111111111,0.0030863305555555555,33.400031,13.249164156111114,0.013432414806324096,0.013888408631263456,0.013851463826095527,0.014001915897424003,12853,3.5539898044602854e-05,0.013039822776978422
-0.92,1000000,4208,0.004208,180000000,180000000,0,320043,0.0,0.0017780166666666666,0.0008890083333333333,31.463089,12.121916244444447,0.004082064474762669,0.004336820447249736,0.004316044416911003,0.004400836940742854,3917,1.8973462244564216e-05,0.004021312854940195
-0.9,1000000,1129,0.001129,180000000,180000000,0,77474,0.0,0.0004304111111111111,0.00021520555555555555,29.833284,11.970502106388889,0.0010641302632877442,0.0011967864945968641,0.00118582146287817,0.001230772657962426,1038,9.284077597533799e-06,0.001092552000421604
-0.88,1000000,292,0.000292,180000000,180000000,0,16946,0.0,9.414444444444445e-05,4.7072222222222224e-05,28.442025,11.029388336111115,0.00025946918803135055,0.000327480249391212,0.000321707528306561,0.0003455771225080988,266,4.241177447843758e-06,0.00029442933776309166
-0.86,1000000,69,6.9e-05,180000000,180000000,0,3796,0.0,2.108888888888889e-05,1.0544444444444444e-05,27.231992,10.968896054999995,5.368650279388261e-05,8.732311602857698e-05,8.430583190187459e-05,9.699676505528451e-05,64,2.041782178648669e-06,7.880437820319641e-05
-0.84,1000000,9,9e-06,180000000,180000000,0,183,0.0,1.0166666666666667e-06,5.083333333333334e-07,26.173665,10.283685490833333,4.115381090751938e-06,1.7084734387823754e-05,1.5705163768670594e-05,2.177871793921782e-05,8,3.0985583757127786e-07,1.4434603274255328e-05
-0.82,1000000,2,2e-06,180000000,180000000,0,9,0.0,5e-08,2.5e-08,25.228542,10.113997401388893,2.4220937031600326e-07,7.2246687944522814e-06,6.295780099210489e-06,1.0574969352098093e-05,2,2.2395157655610056e-08,6.295780099210489e-06
-0.8,1000000,0,0.0,180000000,180000000,0,0,0.0,0.0,0.0,24.371332,9.731581246944438,0.0,3.6888726502064885e-06,2.9957277863525433e-06,6.36300785952011e-06,0,0.0,2.9957277863525433e-06
-0.78,1000000,0,0.0,180000000,180000000,0,0,0.0,0.0,0.0,23.597025,9.230499762777777,0.0,3.6888726502064885e-06,2.9957277863525433e-06,6.36300785952011e-06,0,0.0,2.9957277863525433e-06
-0.76,1000000,0,0.0,180000000,180000000,0,0,0.0,0.0,0.0,22.886771,9.331743111944446,0.0,3.6888726502064885e-06,2.9957277863525433e-06,6.36300785952011e-06,0,0.0,2.9957277863525433e-06
-0.74,1000000,0,0.0,180000000,180000000,0,0,0.0,0.0,0.0,22.228451,8.903329764166667,0.0,3.6888726502064885e-06,2.9957277863525433e-06,6.36300785952011e-06,0,0.0,2.9957277863525433e-06
-0.72,1000000,0,0.0,180000000,180000000,0,0,0.0,0.0,0.0,21.623769,8.735386261944445,0.0,3.6888726502064885e-06,2.9957277863525433e-06,6.36300785952011e-06,0,0.0,2.9957277863525433e-06
-0.7,1000000,0,0.0,180000000,180000000,0,0,0.0,0.0,0.0,21.060553,8.901700283333332,0.0,3.6888726502064885e-06,2.9957277863525433e-06,6.36300785952011e-06,0,0.0,2.9957277863525433e-06
-0.68,1000000,0,0.0,180000000,180000000,0,0,0.0,0.0,0.0,20.529652,8.346024878333333,0.0,3.6888726502064885e-06,2.9957277863525433e-06,6.36300785952011e-06,0,0.0,2.9957277863525433e-06
-0.66,1000000,0,0.0,180000000,180000000,0,0,0.0,0.0,0.0,20.035319,8.372865548888893,0.0,3.6888726502064885e-06,2.9957277863525433e-06,6.36300785952011e-06,0,0.0,2.9957277863525433e-06
-0.64,1000000,0,0.0,180000000,180000000,0,0,0.0,0.0,0.0,19.571742,7.853772113333335,0.0,3.6888726502064885e-06,2.9957277863525433e-06,6.36300785952011e-06,0,0.0,2.9957277863525433e-06
-0.62,1000000,0,0.0,180000000,180000000,0,0,0.0,0.0,0.0,19.12995,8.618490673888886,0.0,3.6888726502064885e-06,2.9957277863525433e-06,6.36300785952011e-06,0,0.0,2.9957277863525433e-06
-0.6,1000000,0,0.0,180000000,180000000,0,0,0.0,0.0,0.0,18.716809,8.20259920138889,0.0,3.6888726502064885e-06,2.9957277863525433e-06,6.36300785952011e-06,0,0.0,2.9957277863525433e-06
0.0,1000000,0,0.0,180000000,180000000,0,0,0.0,0.0,0.0,11.647299,6.197162606666669,0.0,3.6888726502064885e-06,2.9957277863525433e-06,6.36300785952011e-06,0,0.0,2.9957277863525433e-06
